5241 5041 5410 4802 5385 4702 5546 5426 4826 5173 5130 4743 5330 5113 5354 5019 5432 5084 4960 5462 5137 5210 4820 4875 4563 5462 5446 4909 5530 5064 5031 5437 5210 5128 5214 5360 5312 5170 5013 5408 5118 5381 4917 4861 5545 5300 5560 5606 5348 5503 5518 4993 5088 5481 4785 5129 5208 5179 5237 5425 5314 5320 5240 5797 5425 4592 5330 4983 4853 5606 5326 5307 5174 4487 5276 5033 5067 5200 5394 5372 5627 4725 5268 5358 4931 5021 5208 5160 5025 5182 5560 5076 5465 5255 5060 5282 5188 5030 5329 5167 5362 5461 5455 5033 4770 5020 5281 5077 5281 5279 5428 5009 4764 4905 5278 5297 5129 5455 5546 5125 5436 4768 5059 5449 5197 5358 5337 5185 5067 5314 5710 5289 5153 5334 5279 5187 5581 5157 5525 5363 5163 5274 5175 5534 5499 5472 5749 5491 5000 4621 4944 5481 4652 5676 4687 5564 4975 4927 5050 4928 5361 4892 5350 5358 4875 4989 5604 4719 5698 5210 5461 5404 4832 5229 4888 5240 5216 4544 5414 4961 5056 5251 5226 5443 4789 5134 5234 4630 5607 4949 4916 5209 4977 5150 5523 5797 5422 5163 5110 5117 5735 5561 5076 5207 5124 5200 5591 5742 5422 5468 4959 5424 5542 5210 5084 5305 5487 5507 4901 5090 5462 5389 5256 4934 5281 5276 5263 5451 5331 4452 5415 5282 5112 5185 5099 5097 5279 4967 5196 5229 5287 5473 5311 5206 5333 5268 5368 5271 4713 4503 5181 5118 5535 5015 5289 5459
5237 5160 5531 4618 5277 5079 5463 5560 4710 5313 4945 4789 5039 4813 5387 5012 5394 5365 4963 5645 5009 5314 4828 4854 4784 5440 5480 4936 5539 4983 5263 5506 5149 4874 5189 5321 5598 5273 5127 5205 5207 5189 4853 5182 5351 5236 5175 5360 5168 5239 5390 5368 5173 5304 5125 4967 5178 5138 5684 5461 5257 5024 5207 5538 5553 4823 5214 5108 5154 5693 5583 5368 5552 4555 5185 5083 5021 5309 5362 5555 5070 4880 5378 5359 5197 4862 5315 5403 4926 4933 5385 5050 5361 5460 5140 4808 5105 5318 5125 4975 5299 5066 5634 5279 4889 5379 5463 5201 5012 5489 5328 5123 4550 4948 5325 5241 5023 5369 5243 5309 5217 5100 5089 5174 5270 5269 5315 5387 5093 5253 5562 5163 5094 5415 5417 5160 5575 4908 5453 5325 5531 5395 4963 5579 5351 5477 5658 5811 4866 4333 4971 5256 4524 5772 4859 5355 5103 4988 5228 5133 5201 4918 5140 5122 4961 5250 5417 4686 5315 5357 5206 5393 4627 4953 5096 5082 5133 4875 5164 5053 5004 5025 5144 5646 4925 5094 5125 4927 5655 5115 5046 5469 5148 5327 5347 5286 5384 4990 5278 4900 5446 5580 5036 5009 4980 4980 5664 5659 5240 5229 5091 5311 5624 4994 5016 5080 5170 5399 5133 5448 5295 5593 5209 5232 5304 5408 5309 5296 5183 4755 5249 5282 5145 5232 5135 5232 4836 5088 5004 5428 5371 5251 5256 4856 5331 5253 4946 5231 4987 4906 5378 5284 5628 5226 5257 5223
5413 5450 5543 5083 5346 5124 5790 5852 5240 5326 5330 5171 5402 5013 5419 5101 5591 5594 5031 5976 5543 5298 4924 5154 4996 5433 5846 5042 5508 5234 5324 5822 5488 5441 5122 5560 5493 5180 5304 5580 5535 5582 5365 5520 5696 5406 5652 5455 5293 5682 5744 5491 5175 5523 5079 5260 5453 5354 5614 5611 5469 5127 5298 5757 5594 5082 5437 5211 5369 5851 5573 5621 5673 4797 5066 5445 5527 5305 5654 5536 5542 5277 5550 5629 5420 5293 5335 5556 5117 5368 5530 5449 5750 5995 5290 5371 5521 5249 5349 5479 5485 5555 5930 5672 4628 5502 5553 5671 5436 5584 5377 5344 5072 5390 5593 5638 5370 5595 5423 5352 5227 5278 5248 5090 5463 5228 5526 5608 5443 5623 5934 5429 5478 5436 5782 5448 5702 5349 5762 5608 5378 5578 5436 5701 5900 5622 5867 5844 5052 4781 5349 5261 5124 5795 5225 5619 5403 5259 5528 5522 5354 5161 5345 5696 5480 5483 5833 4844 5667 5344 5078 5286 4966 5446 5429 5579 5665 4921 5577 5269 5517 5313 5088 5616 4949 5311 5398 4966 5707 5381 5566 5736 5535 5258 5717 5869 5372 5252 5437 5357 6077 5608 5367 5170 5594 5469 6259 5673 5486 5862 5061 5423 5602 5365 5215 5404 5458 5621 5064 5469 5665 5687 5293 5702 5600 5873 5845 5203 5446 4602 5509 5622 5429 5433 5156 5111 5247 5037 5516 5288 5608 5587 5623 5130 5063 5839 5216 5303 5046 5034 5421 5405 5335 5435 5515 5376
5345 5111 5288 4872 4794 5006 5466 5449 4390 5243 5124 4640 5113 4874 5340 4859 5013 5234 4889 5451 5267 5174 4523 5045 5027 5399 5125 4716 5434 4805 5067 5405 5283 5243 4834 5416 5053 5017 4991 5087 5371 4929 5140 5099 5639 5034 5440 5059 5248 5375 5111 4977 4985 5356 5102 5200 5221 5279 5403 5621 5309 4999 5303 5401 5309 4459 5263 4794 5154 5802 5371 5412 5258 4382 5091 5134 5211 4922 5335 5199 5123 4785 5082 5056 5040 4806 5313 5235 5066 5252 5374 5196 5311 5600 4935 5020 5004 4829 5289 5171 5403 5268 5658 4958 4851 5103 5053 4957 5078 5365 4997 4934 4558 5053 5304 5410 4924 4963 5064 5036 5071 4951 4991 5095 5308 5055 4804 5335 5230 5362 5455 5068 4859 5192 5007 5319 5405 5020 5207 5093 5199 5560 5022 5544 5351 5389 5616 5224 5119 4609 5098 4948 4918 5600 4710 5528 5224 4864 5027 5060 5305 5150 5197 4996 5243 5141 5504 4632 4881 5265 4665 4845 4505 5159 4910 5260 5318 4864 5388 5117 4989 5128 5163 5603 4612 5093 5293 4748 5435 4575 4779 5152 5210 4957 5252 5366 5133 4974 5233 4722 5955 5416 5175 4923 4942 4932 5742 5342 5179 5211 4771 5434 5263 5352 5018 5008 5330 5281 4943 5126 5325 5450 5083 4987 5347 5349 5328 5170 5104 4630 5197 5508 5121 5274 4921 5206 4713 5121 4893 5169 5120 5387 5150 5084 5070 5257 4932 4838 5083 4775 5122 5379 5401 5179 5099 5012
5444 5065 5700 4913 5391 5240 5610 5675 4704 5197 5380 5028 5367 5286 5462 5024 5108 5464 5084 5914 5279 5555 5072 5118 5051 5378 5833 4948 5652 5161 5108 5551 5535 5416 5118 5493 5311 4962 5159 5404 5085 5225 5242 5470 5492 5431 5730 5360 5430 5473 5278 5100 5267 5424 5212 5234 5431 5440 5764 5588 5515 5077 5419 5544 5353 4896 5115 4853 4912 5902 5329 5537 5344 4794 5369 5294 5604 5294 5562 5320 5493 4786 5093 5425 5409 5149 5261 5224 4935 5270 5509 5488 5523 5793 4955 5073 5288 5142 5443 5198 5540 5379 5864 5154 5003 5342 5336 5353 5115 5387 5682 5192 4865 5089 5568 5553 5048 5388 5314 5249 5380 4909 5296 5195 4982 5094 5387 5296 5360 5451 5403 5129 5261 5428 5316 5340 5503 4968 5430 5318 5435 5451 5231 5600 5281 5658 5817 5630 5196 4841 5095 5334 4829 5682 4629 5355 5177 4935 5205 4987 5514 5005 5447 5495 5015 5584 5464 4864 5572 5371 5321 5291 4765 5085 5061 5269 5451 4834 5534 5088 5376 5066 5210 5487 4569 5278 5292 4813 5821 4891 5008 5265 5134 5346 5658 5363 5117 5145 5135 4985 5836 5675 5170 5312 5014 5277 5889 5664 5523 5320 4776 5483 5282 5223 5047 5367 5472 5457 5034 5464 5481 5867 5123 5283 5419 5464 5326 5302 4912 4577 5165 5321 5229 5399 5254 5320 5074 5055 5335 5448 5225 5522 5519 4995 5208 5517 5088 5291 4773 5127 5435 5494 5577 5362 5203 5558
4884 4663 5477 4820 5082 4705 5138 5450 4406 5106 4887 4821 5055 4693 5322 4788 5119 5103 4726 5435 4926 5237 4602 4601 4703 5025 5209 4873 5249 4756 4969 5041 4965 4888 4959 5045 4981 4943 4914 5101 4986 4924 4910 5067 5207 5179 4881 5080 4977 4936 5224 4754 5011 5195 4685 5119 5057 5175 5317 5436 5181 4901 5097 5013 5184 4641 4938 4729 4829 5272 5069 5062 5239 4255 4724 4862 5091 5018 5382 5205 4993 4828 5193 4997 4816 4777 4583 4887 4909 5056 4867 5141 5042 5317 4730 4915 4797 4965 5232 4878 5193 4944 5455 4832 4653 5054 5189 4912 4904 5251 5135 5149 4674 4882 5212 5267 4795 4947 5161 4918 4709 4848 5074 4821 5175 4680 5008 5254 4806 5051 5358 5097 4806 4930 5261 4752 5258 4800 5071 5116 4762 5216 4911 5124 5094 5542 5468 5394 4733 4474 4716 4917 4584 5363 4508 5260 5132 4485 5046 5178 5153 4643 4849 5027 5152 5004 5359 4330 5073 5160 4879 4816 4610 4772 4888 5145 5101 4370 5088 4960 4917 4784 4939 5145 4365 4969 5113 4675 5481 4684 4768 5285 4923 5017 5284 5426 5065 4781 5113 4562 5445 5258 4888 4940 4933 4964 5343 5265 5213 5211 4596 5054 5259 5073 4656 4846 5159 5221 4867 5020 5006 5295 4900 5002 5249 5271 5131 4883 4931 4436 4880 5241 5106 4998 5021 5033 4757 4948 4982 5077 5033 5137 5072 4576 4730 5124 5011 5083 4808 4879 5124 5333 5288 5236 4908 4937
5154 4957 5290 4962 5281 4807 5534 5543 4707 5254 5035 4886 5012 4899 5237 5096 5545 5208 5066 5672 5320 5242 4937 5087 4626 5177 5386 5072 5536 5056 5423 5478 5434 5035 5068 5757 5527 4929 5170 5483 5337 5393 4960 5139 5328 5179 5202 5330 5339 5423 5473 5256 4992 5446 5187 5396 5345 5420 5812 5515 5521 5010 5334 5499 5443 4669 5140 4978 4811 5500 5172 5304 5509 4545 4917 4928 5341 4883 5251 5423 5374 5070 5005 5295 5432 4831 4980 5178 4876 5011 5238 5506 5531 5527 5242 5157 5201 5092 5370 5254 5336 5360 5874 5081 4755 5266 5271 5212 5273 5320 5388 5265 4788 4890 5350 5304 5392 4847 5243 5121 5258 5173 5061 5336 5091 5269 5219 5379 5058 5072 5752 5092 5304 5245 5483 5326 5664 5086 5342 5295 5315 5619 5014 5247 5532 5489 5797 5722 5005 4664 5112 5162 4823 5575 4676 5444 5001 4831 5134 5058 5307 5153 5352 5515 4950 5183 5660 4699 5465 5254 5242 5311 4714 5159 5252 5147 5252 4810 5152 5179 5092 4956 5026 5389 4919 5128 5277 4872 5623 4821 5106 5554 4997 5217 5490 5553 5420 5054 5142 4856 5884 5443 5147 5135 5228 5119 5806 5582 5101 5463 4923 5355 5394 5286 5198 5329 5395 5516 5067 5334 5204 5679 5024 5218 5431 5382 5411 5258 5257 4463 5323 5393 5097 5275 5180 5199 4882 5045 5302 5393 5195 5390 5177 4829 5124 5404 5019 5197 5306 4923 5042 5133 5535 5270 5193 5264
5619 5623 5762 5370 5486 5282 5806 5816 4964 5630 5242 5252 5391 5265 5515 5402 5512 5477 5555 5803 5460 5695 5223 5347 4827 5570 5613 5363 5973 5407 5349 5549 5645 5536 5412 5819 5502 5036 5562 5873 5561 5640 5466 5528 5880 5695 5863 5727 5441 5609 5718 5745 5152 5674 5564 5587 5589 5851 6063 5783 5561 5383 5553 5913 5816 5123 5549 5260 5299 5870 5926 5775 5810 4812 5337 5564 5607 5541 5942 5851 5855 5518 5854 5499 5891 5348 5468 5558 5241 5344 5694 5559 5673 5700 5408 5360 5489 5384 5495 5478 5477 5263 5868 5599 4981 5568 5867 5439 5416 5756 5610 5705 5197 5653 5709 5730 5576 5674 5541 5216 5369 5462 5508 5501 5625 5647 5587 5739 5628 5646 6087 5678 5830 5976 6012 5573 6005 5469 5697 5739 5455 5746 5306 5737 5693 6003 6136 5825 5064 4971 5475 5450 5313 6040 5219 5982 5438 5286 5361 5639 5881 5197 5530 5768 5354 5678 5742 4917 5550 5548 5092 5552 5031 5544 5292 5781 5860 5049 5802 5547 5584 5287 5343 5872 5170 5633 5467 5416 5881 5489 5523 5813 5704 5599 5843 5964 5521 5313 5458 5433 6161 5592 5793 5162 5457 5311 6146 5746 5413 5759 5506 5829 5943 5561 5384 5431 5623 5811 5539 5581 5492 5944 5458 5663 5652 5779 5864 5608 5570 4864 5602 5800 5554 5647 5456 5634 5643 5378 5683 5840 5405 5727 5641 5221 5546 5641 5408 5336 5302 5065 5319 5595 5731 5709 5476 5586
5232 5086 5436 4719 5197 4999 5373 5227 4625 5311 5071 4842 5211 4786 5145 4805 5444 5251 4934 5462 5099 5112 4889 4795 4652 5205 5159 4882 5360 4739 4980 5105 5156 5174 4824 5153 5018 5003 5000 5189 5123 5212 5047 5079 5648 5207 5472 5253 4982 5296 5238 5241 4713 5293 4979 5020 5134 5103 5493 5206 5199 4823 5328 5368 5367 4722 5158 4866 5001 5684 5190 5087 5153 4812 5119 5280 5103 4942 5524 5329 5296 4699 5266 5248 4895 5096 5039 5124 4909 4810 5313 5059 5275 5290 4969 4989 4808 4977 4887 5113 5164 5187 5508 4971 4559 5138 5256 5219 4602 5211 5167 4845 4550 4778 5099 5107 5124 5177 5020 5256 4971 4999 4830 4981 5065 5109 5287 5113 5026 4962 5474 5159 4949 5134 5167 5016 5349 4992 5352 5145 5268 5294 4708 5359 5380 5295 5784 5307 4679 4873 5091 4942 4746 5351 4568 5181 4860 5016 4911 5053 5557 4826 5109 5130 4832 5244 5288 4567 5383 5163 5041 5130 4820 5034 4677 5354 5182 4731 5269 4888 4821 4962 5233 5436 4647 4679 5241 4876 5380 4812 5152 4921 4932 5192 5676 5474 5046 4780 5167 4773 5533 5213 5191 5145 4869 4955 5806 5507 4956 5235 5046 5472 5300 5053 5171 4782 5221 5442 4885 4959 5361 5377 4998 5137 5170 5330 4991 5233 5028 4456 5201 5126 5154 5118 4962 4939 5013 4838 5077 5012 4902 5447 5177 4649 5074 5111 5021 4965 4593 4677 5065 5076 5200 5218 4960 5183
5597 5424 5564 4983 5376 4974 5753 5641 5241 5520 5298 5086 5299 5307 5474 5137 5300 5722 5235 5865 5291 5334 5247 4875 4937 5465 5669 5092 5847 5173 5275 5319 5704 5323 5515 5636 5496 5159 5254 5629 5114 5632 5229 5395 5635 5516 5682 5628 5426 5527 5511 5456 5416 5903 5415 5398 5562 5529 5701 5783 5364 5172 5567 5798 5940 5104 5534 5117 5530 5693 5728 5391 5608 4950 5329 5152 5442 5233 5666 5712 5415 5492 5335 5488 5651 5345 5629 5388 5011 5384 5639 5512 5854 5590 5285 5173 5581 5121 5217 5519 5769 5261 5628 5441 4884 5511 5655 5256 5336 5521 5812 5229 4993 5240 5748 5504 5186 5554 5614 5270 5209 5194 5350 5444 5315 5142 5922 5490 5517 5498 5568 5379 5324 5518 5719 5469 5712 5260 6030 5246 5509 5810 5153 5591 5740 5733 5863 5716 5324 5155 5150 5568 4984 5690 5056 5569 5245 5221 5461 5378 5683 5069 5395 5620 5108 5676 5532 4831 5520 5543 5313 5444 4914 5426 5218 5630 5222 5050 5426 5324 5337 5024 5221 5749 4963 5404 5384 5124 5813 5401 5149 5580 5290 5594 5696 5724 5540 5348 5511 5330 5926 5584 5501 5290 5103 5194 5934 5782 5547 5695 5178 5618 5603 5103 5320 5333 5765 5649 5310 5309 5463 5690 5207 5369 5419 5655 5710 5309 5374 4914 5345 5788 5247 5381 5572 5416 5480 5121 5279 5535 5346 5220 5344 4966 5423 5625 5281 5375 4914 5211 5405 5410 5642 5506 5421 5209
5008 4766 5185 4762 5168 4764 5063 5304 4519 5141 5058 4652 4861 4902 5194 4670 5244 5056 4741 5240 5025 4911 4574 4553 4437 5069 5184 4709 5337 4838 5059 4784 4956 4996 5001 5180 5176 4763 4942 5129 4961 5066 4994 5068 5000 4836 4773 5114 4726 4924 5105 4757 4893 5370 4904 5081 4915 5281 5264 5383 4965 5001 5218 5255 5359 4643 4996 4727 4704 5289 5101 5023 5340 4370 4826 4828 4904 4849 5335 5209 4981 5081 5160 5083 5164 4758 4770 4855 4672 4991 4964 5060 5145 5328 4980 4708 4937 4933 4905 4891 5213 5155 5143 4969 4677 5069 5247 4877 4831 5196 5230 4881 4439 4782 5107 5300 5251 4810 5012 4782 4887 4927 4713 4904 5025 5097 5021 4869 5026 5135 5423 5022 4785 5096 5231 5024 5314 5038 4961 5135 4950 5409 4698 5088 5179 5306 5323 5539 4848 4556 4932 4937 4427 5320 4603 5036 4964 4580 4844 5079 5022 4937 5274 5001 5139 4983 5136 4614 5185 5178 4927 4817 4553 4855 4852 5020 5122 4469 4978 5190 4922 4978 4815 5306 4315 5032 4989 4788 5428 4519 4966 5281 5044 4794 5378 5262 5204 4777 5062 4707 5611 5162 4927 4953 4890 4894 5589 5302 5094 5260 4783 4936 5246 5051 5113 4869 5151 4950 4775 4909 5053 5324 5169 5192 5227 5136 5215 5015 4829 4483 5119 5114 4961 5143 4878 5205 4561 4730 4889 5188 4791 5336 5024 4644 4987 5023 4968 4868 4992 4612 5036 5056 5360 4957 5238 4999
5133 4680 5023 4487 4804 4696 5222 5126 4746 5037 4829 4564 4863 4785 5219 4757 4814 5257 4732 5313 5146 5121 4455 4777 4601 4992 5271 4697 5507 4761 4660 5149 4752 4822 4996 5460 5301 4765 4733 5107 4940 5018 4706 4849 5103 5129 5334 5072 4912 5061 4920 4981 4785 4747 4969 4979 5034 4792 5434 5621 5018 4805 4862 5186 5209 4559 4895 4773 4874 5392 5232 5307 5061 4281 4735 4984 5148 4714 5310 5170 5088 4756 4977 4697 4988 4962 4876 4794 4536 4772 4870 4969 5006 5401 5040 4584 4903 4818 4810 4762 4988 5041 5455 4717 4602 4734 5150 4858 5142 5049 4944 4966 4396 4827 5066 4962 5146 4951 4858 4782 5062 4867 4922 4920 4956 4972 5080 5047 4817 4961 5322 5195 4666 5242 5068 4963 5082 4645 5246 5066 4862 5105 5008 5256 5115 4848 5618 5232 4851 4425 4791 5103 4734 5591 4481 4952 4702 4833 4844 4966 5136 4876 5072 4944 4868 5040 5062 4425 5152 4923 4781 5084 4436 4918 4740 4986 4973 4479 5245 4940 4592 5073 4856 5226 4574 4761 5096 4590 5112 4802 4784 5075 4692 4865 5272 5140 4980 4950 4950 4847 5355 5327 4874 4836 4980 5057 5486 5305 5226 5232 4869 5132 4981 4958 4718 4660 5008 5101 5169 4844 4917 5234 4932 4860 4905 4975 5174 5055 5043 4373 4854 5098 4887 5130 4542 5175 4808 4654 5060 4954 4879 5178 5167 4913 5117 5259 4776 4883 4758 4475 5169 4911 5152 4977 4823 4802
4807 4873 4975 4709 4842 4595 4943 5110 4571 5157 5122 4607 4919 4549 5041 4515 4782 5095 4653 5180 4726 5052 4726 4614 4532 5063 5238 4731 5277 4568 4749 4911 4988 4797 4666 5194 4714 4684 4854 5126 4589 5008 4670 4697 5123 4818 4866 5269 4897 5047 4823 4924 4659 5182 4718 4719 4920 4977 5333 5110 4899 4862 5028 4964 5030 4671 4709 4605 4526 5387 4988 5024 4868 4407 5148 4777 4938 4702 5128 5059 5196 4667 4968 4992 4620 4614 4582 4876 4458 4867 4979 4839 5065 5159 5020 4627 4833 4698 5011 4918 4711 4788 5222 4852 4502 5184 4780 4575 4916 5103 4791 4681 4333 4697 4843 5057 4662 4890 4969 4798 4703 4768 4802 5110 5099 4952 5031 5010 4937 4951 5371 4986 4675 5039 4764 4873 5370 4828 4909 5259 4877 5009 4686 5076 5145 5132 5153 5087 4894 4573 4806 4881 4649 5180 4375 5000 4888 4516 4710 4756 5108 4605 5039 4979 4666 4902 5031 4244 4868 5086 4782 4815 4533 4673 4669 4797 5035 4268 4942 4536 4604 4681 4938 4728 4583 4905 4901 4827 5257 4625 4517 5084 4906 4937 5166 5135 4953 5148 4975 4639 5616 5276 4860 4772 5001 4914 5403 5099 5128 4948 4598 5037 5048 5053 4765 4618 4777 5237 5041 4719 4717 4979 4741 4878 5043 5156 4887 4972 4741 4307 4907 5098 4757 5083 4781 4773 4807 4707 4766 4792 4777 5044 4977 4469 4680 5028 4828 5029 4800 4679 4725 5153 5011 5211 5060 5111
5460 5274 5243 5104 5558 5163 5603 5800 4990 5387 5363 5190 5494 5141 5394 5036 5301 5150 5141 5753 5308 5367 5253 5036 4990 5478 5545 5203 5704 5252 5202 5700 5612 5042 5527 5792 5414 5360 5126 5507 5148 5670 5362 5452 5761 5531 5369 5549 5337 5394 5527 5279 5122 5648 5159 5396 5531 5439 5775 5409 5463 4993 5305 5857 5517 4885 5311 5172 5035 5969 5568 5681 5289 4902 5174 5346 5359 5280 5522 5657 5499 5069 5447 5545 5243 4928 5390 5363 5116 5403 5774 5279 5472 5420 5240 5045 5238 5191 5375 5269 5487 5097 5770 5092 4998 5424 5417 5298 5326 5351 5586 5367 4937 5055 5572 5464 5180 5446 5382 5407 5357 5312 5540 5514 5409 5374 5385 5449 5109 5666 5927 5535 5307 5714 5678 5539 5723 5229 5444 5705 5298 5553 5385 5667 5855 5595 5693 5765 5145 4856 5084 5626 4796 5994 4919 5358 5326 5044 5317 5400 5329 5117 5604 5576 5065 5230 5766 4871 5612 5377 5082 5327 5092 5041 4992 5425 5344 4855 5789 5170 5247 5415 5514 5719 4850 5256 5569 5223 5906 5005 5300 5457 5457 5480 5728 5790 5467 5079 5251 4988 5927 5589 5202 5215 5436 5220 5882 5711 5386 5508 5438 5635 5667 5343 5156 5291 5368 5519 5325 5602 5667 5769 5442 5423 5665 5626 5684 5443 5238 4775 5153 5370 5295 5600 5419 5334 5035 5095 5347 5525 5463 5550 5374 5151 5362 5545 5273 5256 5057 4720 5297 5719 5540 5479 5103 5495
5298 5063 5453 4894 5218 5041 5291 5546 4476 5093 5114 4552 5046 4986 5388 4803 5195 5181 4769 5554 5271 5422 5080 4837 4807 5428 5440 5085 5592 4974 5013 5477 5420 5188 4954 5284 5294 5167 5334 5126 5096 5480 4581 5110 5672 5015 5075 5226 5033 5300 5210 5105 5058 5279 4912 5135 5301 5133 5533 5541 5189 5103 5152 5305 5481 4463 5093 4971 5110 5536 5583 5272 5314 4551 4881 5032 5334 5006 5465 5157 5528 5004 5024 5035 4933 4894 5278 5211 5121 5099 5053 5143 5331 5555 4865 5306 5160 5031 5433 5168 5575 5171 5658 5071 4676 5224 5156 5152 5172 5280 5402 5076 4741 5047 5284 5310 5148 4882 5082 5009 5285 4881 5130 4972 5132 5068 5233 5172 5465 5469 5491 5184 4915 5063 5341 5149 5750 4956 5392 5129 5428 5323 4710 5411 5225 5411 5466 5580 5074 4622 4916 5105 4623 5537 4900 5447 5264 4887 5182 5001 5352 5044 5420 5231 4999 5089 5423 4721 5461 5311 5018 5069 4584 5074 5153 5284 5380 4628 5334 4989 4985 4992 4950 5558 4758 4927 5199 4695 5451 4822 4967 5406 5096 5337 5514 5376 5132 4890 5334 4651 5500 5408 5254 5200 5315 5231 6018 5518 5330 5455 5023 5162 5488 5014 5290 4991 5259 5463 4976 5240 5243 5338 5187 5142 5256 5433 5105 5281 5381 4316 5297 5007 5212 5096 5100 5208 4817 5192 5270 5302 5263 5244 5286 5150 4927 5562 5025 4960 4925 4482 5354 5143 5554 5203 5028 5349
5017 4753 5419 4756 4895 4999 5205 5260 4753 5275 5016 4805 5038 4723 5159 4680 5389 5295 4689 5623 5196 5034 4602 4643 4812 5235 5477 4884 5230 4851 4969 5116 5240 4702 5096 5170 5067 5170 5087 5322 5118 4887 4992 5056 5139 5121 5211 5158 5208 5164 5099 5041 4744 5387 4957 5093 5184 5065 5120 5456 5252 4879 5314 5219 5475 4824 5333 4818 4769 5223 5293 5167 5404 4255 4876 4846 5134 5027 5234 5436 4999 4773 5312 5209 4954 4879 5007 5055 4662 4828 5213 5156 5353 5307 5038 4826 5154 4537 4994 4874 5354 5030 5341 5169 4626 4739 5080 5061 5064 5179 5172 5138 4735 4795 5353 5497 4672 5061 5068 4994 5012 4723 4906 5256 4968 5177 5150 5004 5024 5102 5557 5014 5083 5282 5082 5018 5456 4848 5306 5036 4988 5185 5114 5331 5353 5567 5561 5132 4774 4604 5022 4931 4614 5679 4791 5307 4846 4765 4645 5080 5158 5057 5116 5121 4940 5064 5394 4587 5135 5108 5096 4972 4476 5068 4692 5281 5175 4479 4981 4791 5254 5150 5013 5221 4623 5133 5118 4631 5558 4753 4747 5185 4999 5078 5241 5598 4999 4801 5006 4974 5683 5503 4969 5027 4948 4914 5280 5087 5344 5314 4797 5287 5317 4971 4746 5129 5188 5413 4837 5150 5401 5356 5158 5256 4961 5078 5138 4845 5378 4491 5177 5266 4902 5341 5135 4812 4877 4834 4992 5356 5116 5298 5327 4761 4803 5244 4899 5081 4775 4644 4916 5321 5115 5129 4960 5039
5292 5121 5641 5051 5124 5141 5499 6007 4874 5573 5441 4840 5510 5316 5472 4949 5567 5468 5123 5835 5701 5313 5037 5155 5221 5433 5647 5405 5672 5245 5366 5759 5509 5430 5207 5850 5395 5291 5143 5806 5496 5330 5122 5405 5621 5548 5732 5613 5286 5509 5656 5150 5276 5429 5306 5332 5707 5519 5470 5488 5739 5297 5742 5587 5798 4873 5393 5330 5129 5759 5616 5623 5477 4949 5354 5142 5534 5219 5819 5849 5630 5057 5317 5566 5442 5087 5272 5330 5273 5273 5391 5717 5558 5750 5438 5413 5543 5282 5309 5150 5550 5446 6018 5258 5006 5212 5425 5757 5130 5508 5611 5443 5138 5341 5312 5584 5250 5468 5210 5290 5348 5313 5434 5189 5542 5415 5669 5781 5462 5306 5655 5378 5548 5598 5567 5495 5967 5222 5724 5533 5609 5650 5219 5808 5685 5740 5864 5930 5062 4850 5189 5277 5085 5927 4906 5501 5281 5217 5456 5510 5305 5228 5368 5653 5084 5407 5768 4680 5813 5504 5329 5431 5011 5108 5214 5203 5340 5159 5444 5321 5209 5499 5053 5692 5082 5182 5520 4776 5904 5152 5106 5718 5534 5520 5758 5674 5427 5238 5330 5106 5834 5779 5290 5471 5228 5316 5950 5816 5410 5441 5132 5646 5871 5113 5277 5581 5383 5780 5242 5648 5450 5583 5270 5692 5345 5680 5313 5452 5482 4424 5693 5478 5300 5579 5176 5363 5263 5413 5480 5359 5432 5682 5597 5114 5144 5672 5503 5402 5253 4828 5563 5445 5709 5388 5420 5501
5086 5089 5366 4911 5137 4752 5395 5230 4631 5145 5018 4778 5175 5142 5386 4952 5266 5099 5035 5566 5174 5311 4888 4828 4696 5128 5267 5040 5627 4919 4956 5250 5436 5052 5086 5310 5249 4938 4978 5434 5140 5305 4866 4835 5350 5354 5332 5267 5053 5257 5351 4939 4830 5457 4803 5092 5519 5101 5358 5516 5428 4968 4964 5831 5191 4701 4824 4646 5010 5365 5202 5189 4962 4735 5196 5049 5167 5025 5503 5403 5351 4897 4770 5173 4868 5201 5102 5095 4839 5087 5096 5128 5344 5296 5175 4915 5264 4998 5299 4987 5302 5130 5308 4814 4894 5119 5201 5257 4992 5200 5158 5050 4676 5239 5101 5138 5263 5246 5284 5137 5089 4836 5279 5043 5137 4814 5492 5260 5131 5327 5519 5429 5351 5263 5247 5281 5394 4967 5291 5155 5098 5209 5153 5450 5301 5519 5831 5132 4796 4857 5122 5500 4790 5469 4910 5275 5097 4948 4937 5029 5284 5057 5103 5250 5048 5216 5401 4401 5355 5297 5047 4894 4759 5010 4793 5554 5238 4452 5377 4810 4800 4951 4865 5436 4777 5344 5327 4815 5773 4924 4908 5014 5207 5120 5495 5622 5310 4873 5191 4895 5825 5601 5268 5256 4915 4945 5452 5120 5269 5392 4760 5117 5368 4974 4765 5290 5476 5210 4977 5194 5286 5284 5150 5090 5368 5298 5285 5189 4804 4349 4999 5072 5017 5330 4936 5224 5089 4851 5214 5510 5008 5586 5336 4932 5013 5414 5164 5284 4748 4601 5079 5404 5318 5246 5016 5151
4653 4664 4710 4534 5020 4573 5007 4793 4218 4933 4808 4528 4491 4586 4712 4646 4781 5005 4524 5101 4739 4598 4384 4358 4592 4419 4971 4635 5147 4560 4577 4914 4823 4663 4658 4943 4863 4801 4822 5193 4688 4543 4778 4704 4940 5016 4945 4889 4802 4689 5027 4638 4679 5021 4604 4944 4801 4830 4880 5203 4994 4707 4879 5292 4990 4568 4710 4645 4685 5258 4842 5008 4998 4013 4602 4694 5024 4754 5007 4706 4921 4682 4898 4740 4771 4857 4617 4690 4462 4594 5029 4975 4891 4989 4619 4725 4495 4554 4589 4683 4738 4860 5164 4653 4438 4561 4697 4700 4421 5033 4863 4606 4308 4615 4920 4906 4808 4767 4919 4543 4682 4548 4767 4799 4712 4598 4880 4943 4874 4652 5218 4733 4854 4839 5093 4524 4845 4552 5110 4752 4808 5220 4746 4930 4905 4914 5181 5273 4617 4364 4539 4803 4649 5113 4447 4951 4559 4625 4778 5018 4832 4349 4766 4790 4428 4857 4928 4338 4969 4946 4554 4763 4328 5032 4557 4885 4670 4166 4888 4726 4603 4479 4473 4973 4340 4739 4707 4585 4999 4857 4378 4984 4743 4531 4695 5139 4749 4747 4719 4790 5326 4933 4797 4589 4862 4881 5087 4845 5030 4872 4525 4944 4941 4881 4423 4730 4956 4784 4661 4876 4835 4984 4508 4658 4856 4752 4872 4701 4846 4086 4779 4758 4584 4644 4686 4710 4496 4564 4753 4939 4840 4962 4875 4559 4655 4905 4540 4723 4509 4679 4764 5039 5065 4811 4856 4655
5245 4881 5601 5033 5473 4965 5385 5511 4776 5457 5201 4794 5215 5011 5185 5078 5016 5139 4969 5481 5242 5267 4940 4776 4867 5288 5569 5014 5611 5053 4941 5416 5205 5002 5244 5406 5596 5086 4980 5261 5301 5171 5150 5162 5387 5325 5440 5410 5280 5210 5165 5308 5023 5341 5109 5394 5184 5251 5564 5463 5128 5192 5373 5454 5429 4657 5160 4962 5090 5712 5365 5512 5387 4526 4979 5166 5348 5112 5672 5527 5260 4972 5527 5222 5079 5039 5159 5211 4815 5173 5197 5136 5533 5229 5099 4960 5113 5031 5335 5038 5408 5241 5767 5183 4639 5032 5102 5201 5074 5411 5183 5045 4729 4734 5427 5403 5211 5181 5408 5197 5073 5152 5323 5296 5197 5174 5338 5233 5046 5009 5630 5164 5102 5374 5403 5055 5584 5036 5602 5636 5380 5646 5051 5600 5456 5462 5575 5544 5009 4698 5100 5350 4972 5703 4843 5490 5242 4876 5012 5408 5283 4757 5377 5222 4911 4773 5330 4633 5554 5330 5050 4906 4824 4836 4908 5083 5438 4867 5393 5052 4994 5281 5112 5424 4926 5141 5459 5061 5597 4944 4892 5128 5118 5064 5428 5443 5320 4953 5197 4863 5743 5554 5122 5191 5070 5131 5766 5588 5344 5341 4956 5460 5601 5385 4844 5117 5347 5278 4872 5162 5386 5513 5179 5319 5476 5441 5209 5165 5150 4386 5236 5131 5213 5331 5231 5299 4704 4846 5267 5310 5191 5283 5240 4905 5012 5333 4989 5282 4956 4855 5348 5422 5549 5140 5005 5172
5108 5141 5501 4895 5153 4793 5292 5256 4730 5197 5361 4626 5164 5021 5213 4744 5138 5361 4896 5805 5571 5184 4997 4987 4961 5325 5482 4883 5576 5128 5185 5543 5352 5075 5034 5680 5184 5030 5045 5828 5327 5452 5171 5259 5572 5339 5462 5398 5020 5392 5380 4761 5115 5411 5112 5229 5493 5315 5244 5561 5417 5053 5354 5585 5529 4840 5070 4821 4980 5487 5433 5336 5252 4801 5320 5117 5325 4959 5544 5638 5219 5054 5030 4841 5033 5051 5201 5080 5034 5069 5150 5396 5291 5617 5068 4914 5590 4963 5226 5070 5488 5190 5756 5253 4674 5198 5175 5158 5190 5073 5158 5150 4784 5070 5102 5125 5279 4949 5317 5135 5211 4877 5205 5369 5254 5295 5312 5267 5358 5031 5276 4982 5209 5440 5265 5451 5621 4841 5372 5162 5235 5559 4962 5465 5673 5345 5782 5414 5065 4756 4990 4992 4779 5443 4851 5486 5291 4782 4925 5344 5271 4970 5078 5106 4933 5410 5591 4495 5444 5376 5093 5115 4528 4994 4915 5163 5317 4656 5465 4916 5305 5323 4888 5406 4660 5259 5287 4829 5839 5178 4987 5320 5001 5112 5525 5538 5288 5269 5130 5164 5744 5453 5235 5295 5193 5230 5642 5436 5408 5558 5099 5497 5618 5272 5166 5178 5487 5636 5196 5177 5557 5691 5290 5264 5230 5207 5258 5121 5608 4434 5510 5505 5079 5501 5305 5158 4932 5043 5202 5493 5187 5362 5616 4854 5237 5337 4917 5054 4999 4530 5223 5282 5395 5388 5341 5369
4865 4873 5274 4607 4910 4599 5228 5144 4546 5097 5164 4512 4983 4795 5020 4611 4972 4809 4638 5475 5121 4847 4596 4615 4465 4714 5295 4734 5411 4722 4840 5143 5166 4748 4837 5414 4863 4967 4683 5097 5314 4939 4930 4871 5202 5053 5059 5466 4775 5004 5169 5056 4700 5064 4816 4931 5107 5014 5237 5118 5067 4743 5216 5350 5284 4580 4861 4814 4899 5292 5530 4942 5289 4357 4895 4701 5248 4937 5157 5420 5108 4696 5098 4959 5005 4677 5120 4911 4702 4984 5091 5118 4870 5172 4775 4590 4987 4667 5095 4800 5208 5057 5212 4805 4577 5193 4801 4804 4980 5048 5034 4846 4602 4666 5246 5131 4629 4916 5099 4891 4616 4637 4944 5120 4985 5222 5449 4996 5004 5181 5424 4987 4939 5097 4949 4986 5513 4753 5017 4978 4904 5256 4672 5162 5029 5375 5271 5215 4587 4678 4615 5018 4359 5369 5020 5222 4942 4418 4645 4672 4845 4577 5100 4957 4981 4899 4951 4440 4823 5120 4686 4969 4701 4858 4757 5017 4867 4441 5127 4700 4833 4833 4658 5217 4449 5001 5171 4949 5320 4936 4896 5048 4703 5037 5284 5166 5127 4810 4985 4697 5407 5451 4627 4862 4765 4881 5072 5021 5173 5138 4749 5025 5338 4939 4448 5406 4908 5347 4740 5215 5020 5168 4907 5016 5148 5172 5047 5029 4914 4280 4941 5130 4609 4881 4805 4639 4897 4746 4841 5279 4751 5259 4968 4715 4877 5041 4935 4822 4725 4659 5176 4959 5230 5091 4585 4890
5229 5032 5305 4787 5123 5099 5542 5596 4533 5225 5075 4722 5121 4807 5530 4773 5232 5456 4823 5451 5051 5225 4888 4949 4816 5194 5084 5144 5504 5091 5037 5492 5040 4856 4937 5404 5406 5283 5081 5305 5310 5226 4850 5243 5583 5105 5257 5389 5146 5087 5363 5072 4860 5300 5235 5062 5150 5165 5663 5434 5372 4811 5252 5356 5312 4879 5355 4799 5012 5507 5221 5353 5231 4519 4915 4947 5082 5057 5629 5211 5408 4981 4995 5267 5104 4925 4966 5227 4940 4876 5279 5246 5132 5352 4906 4973 5177 4814 5026 4949 5514 5147 5797 4984 4726 5038 5265 5293 4874 5346 5116 5013 4722 5197 5225 5269 5172 5211 5122 4889 5216 4870 5250 5108 5058 5100 5319 5026 5172 5280 5729 5075 4984 5178 5433 4954 5487 5061 5292 5500 5325 5356 4853 5228 5467 5755 5605 5606 5087 4421 5164 5282 4921 5656 4684 5202 5215 4618 5018 5401 5275 5158 5108 5476 5084 5378 5299 4501 5338 5097 5039 4855 4990 4957 5104 5046 5407 4755 5307 4861 4898 5074 4938 5553 4745 5132 5168 4945 5581 4844 5065 5304 5196 5376 5651 5410 5165 5069 5192 4958 5866 5481 5085 5033 5148 5178 5744 5529 5197 5349 5145 5219 5468 5269 4713 5236 5331 5414 5162 5378 5318 5356 5169 5132 5308 5692 5280 4970 5088 4452 5247 5348 5163 5409 5179 5208 4755 5017 5285 5424 5089 5335 5188 5038 5089 5215 4953 5159 4992 5012 5249 5337 5358 5242 5026 5039
5263 5161 5198 4560 5217 5034 5339 5380 4523 5088 5276 4945 5204 5019 4963 4915 4906 5167 5027 5339 5213 5177 4820 4945 4849 5097 5234 4913 5608 5211 4910 5573 5314 4867 5100 5234 5145 5148 4853 5512 5073 5243 4917 5151 5485 5318 5417 5407 5074 5240 5127 5019 4881 5385 4963 5053 5222 5132 5380 5488 5233 5039 5264 5465 5407 4951 5150 4839 4823 5684 5338 5293 5574 4615 5108 5031 5284 5200 5424 5409 5392 5099 5284 5214 5354 5140 5330 5161 5021 4939 5288 5330 5358 4917 5075 4775 5228 4895 5157 5154 5365 4952 5586 5179 4656 5094 5148 4840 5240 5418 4882 5197 4692 4873 4860 5115 4977 4947 5476 4967 5220 4741 5261 5264 5236 5307 5288 5219 4955 5141 5495 4739 4935 5182 5160 5032 5370 4785 5290 5033 5024 5214 4976 5317 5346 5320 5907 5319 5115 4632 4853 5257 4643 5524 4697 5301 5310 4848 4925 5316 5177 4902 5213 5170 4983 5140 5231 4607 5277 5139 4841 4876 4809 5136 4934 5156 5316 4567 5449 4818 4922 5212 4934 5434 4592 5031 5294 4804 5478 4777 4990 5447 4843 4935 5447 5450 5263 4999 4961 4916 5947 5363 4876 4821 5411 4938 5845 5600 5308 5190 4975 5453 5268 5380 4772 5193 5434 5185 5308 5168 5290 5413 5120 5266 5120 5476 5105 5044 5010 4508 5205 5469 5386 5370 4897 4948 5014 4792 4986 5197 5012 5272 5445 4957 4830 5180 4899 4858 5072 4823 5108 5596 5139 5006 5057 4942
5063 4938 5299 4486 4769 4787 4847 5372 4664 5205 4838 4559 4963 4715 5133 4594 5211 5058 4812 5149 5241 4907 4985 4814 4839 4994 5063 4673 5300 4821 4956 5223 4880 4798 4922 5152 5188 4962 4849 5034 5097 5105 4892 4930 5246 5133 5180 4947 4960 5036 5015 4661 5059 5264 4898 5030 5047 4910 4960 5028 5069 4787 5027 5204 5126 4640 5093 5038 4778 5237 5214 5192 5061 4709 4996 4934 5107 4865 5392 5306 5123 4739 5154 5280 4695 4860 4821 4864 4785 5016 4989 4817 5213 5178 4939 4746 4706 4802 5039 4893 5387 5058 5524 5034 4223 4965 5306 4914 5135 5226 4965 5043 4402 4890 4866 5057 5058 4931 4975 4901 4926 4763 4996 4809 4954 4949 5026 4890 4877 4892 5231 4863 4978 5122 5134 5207 5194 4508 5090 5294 5057 5371 4889 5091 5183 5345 5316 5078 4795 4257 4742 4876 4651 5637 4583 4980 4888 4543 5019 4940 5034 5157 5044 5081 4876 5189 5171 4359 5385 5122 4681 5052 4651 4872 5000 4988 5070 4577 5230 4710 4765 5036 4793 5176 4522 4851 5077 4848 5377 4652 4753 5191 4883 4881 5214 5106 5208 5044 4952 4858 5628 5289 4990 4850 4767 4890 5481 5478 5098 5245 4740 5280 5224 4953 4684 4960 5229 5002 4789 4857 4940 5429 4890 5017 5028 5089 4786 4955 4939 4201 5046 5201 5093 5330 5039 5027 4739 4901 4740 4847 4948 5278 5161 4645 4915 5284 5076 4975 4752 4785 5022 4960 5232 4983 5064 5032
4842 4864 5293 4575 4749 4961 5103 5478 4736 5042 5068 4747 4964 4731 5024 4650 5074 4995 4896 5339 5280 5093 4639 4772 4521 4974 5013 4697 5548 4938 4970 5040 5173 4777 4907 5249 5151 4993 4665 5176 4925 5149 4918 4776 5368 4897 5034 5485 4934 4834 5016 4845 4862 4962 4731 4874 4991 5131 5029 5061 5127 4965 5049 5180 5127 4629 4895 4652 4830 5247 5179 5038 5245 4355 4740 4651 4880 4712 5459 4834 5016 4654 4985 5115 5035 4729 4702 4906 4846 4697 5145 5075 5073 5263 4762 4719 5020 4962 5193 4867 5270 5006 5511 4835 4760 5079 5059 5037 5152 5033 5239 4888 4635 4929 5183 5236 4778 4941 4979 4978 5074 4837 4792 4983 5179 4960 5153 5275 5041 4806 5207 4855 5190 5221 4930 4683 5319 5049 5274 5322 4982 5094 4735 5198 5242 5127 5475 5285 4861 4304 4832 4970 4749 5296 4506 5171 5015 4668 5059 4966 5087 4762 4964 5123 4759 5030 5236 4230 5075 4967 4622 5006 4576 4823 4894 4764 5024 4445 5154 4851 5069 4998 4862 5235 4418 4746 5115 4450 5433 4843 4828 5391 4937 4917 5014 5382 5010 4965 5112 4729 5544 5094 4848 4889 4977 5036 5490 5158 5342 5305 4858 5096 5373 4998 4864 4923 5266 5193 4766 4950 4846 5209 4740 5037 5153 5240 5069 5029 4913 4327 5140 5098 4791 5173 5082 4896 4739 4802 5163 5039 4976 5220 5150 4702 4722 5221 4945 4905 4780 4418 5041 4987 5207 5072 5009 4960
5208 5110 5496 5360 5077 5098 5471 5498 4930 5189 5301 5101 5114 5323 5370 4871 5406 5463 5065 5856 5421 5376 4909 5104 5136 5589 5548 5009 5598 5103 5370 5522 5520 5083 4960 5475 5542 5214 5113 5498 5273 5285 5018 5198 5532 5487 5569 5440 5100 5448 5417 5063 4995 5405 5009 5401 5411 5237 5753 5705 5386 5417 5375 5353 5682 4868 5110 4808 5167 5771 5570 5407 5468 4811 5205 5273 5516 5189 5673 5559 5447 5029 5151 5275 5157 5094 5444 5453 5137 5372 5321 5300 5612 5676 5085 5243 5445 5048 5442 5319 5538 5322 5898 4974 4894 5160 5459 5299 4829 5119 5427 5133 5036 4939 5343 5466 5382 5456 5247 5167 5190 5180 5200 5096 5293 5185 5355 5577 5498 5193 5635 5353 5286 5133 5492 5428 5622 5160 5423 5381 5576 5512 5123 5724 5707 5682 5664 5618 5104 4942 4906 5335 4948 5878 4971 5318 5354 5274 5124 5591 5376 5069 5246 5240 5282 5269 5489 4570 5361 5428 5072 5105 4777 5145 5061 5372 5275 4799 5729 4821 5080 5316 5091 5723 4855 5218 5568 5159 5881 5267 5107 5558 5461 5262 5664 5750 5348 5249 5610 4932 5918 5503 5082 5453 5271 5122 5776 5589 5351 5317 5105 5572 5678 5058 5177 5153 5207 5186 5124 5481 5661 5681 5065 5361 5343 5250 5469 5224 5350 4633 5475 5520 5224 5432 5083 5460 5127 4912 5154 5409 5345 5567 5456 4932 5224 5415 5235 5463 5019 4840 5441 5529 5483 5401 5464 5239
5105 5143 5545 4876 5064 4758 5394 5547 4893 5311 5182 4958 5231 5070 5268 4727 5183 5494 4883 5635 5270 5256 5164 4762 4713 5419 5507 4860 5569 5090 5291 5231 5208 5042 5040 5279 5261 4991 4891 5412 5127 5465 5046 5114 5397 5172 5567 5632 5115 5153 5383 4976 5032 5474 5079 5195 5092 5278 5422 5432 5363 5271 5179 5616 5628 4675 5233 4851 5042 5533 5369 5415 5179 4464 5027 4983 5294 4841 5525 5345 5346 4991 5254 5229 5246 5136 5110 5148 4771 5129 5121 5178 5280 5512 5111 4923 5235 4879 5131 4599 5406 5159 5739 5298 4572 5243 5262 5369 5232 5217 5328 5175 4806 4704 5545 5190 5054 5452 5114 5131 5222 4854 5223 5306 5048 5017 5333 4988 5110 5345 5699 5312 5132 5559 5560 5311 5305 5026 5586 5377 5025 5698 5049 5283 5613 5470 5634 5350 4865 4578 5123 5108 4814 5702 4965 5342 5012 4890 4941 5337 5500 5097 5042 5244 5013 5417 5613 4521 5463 5323 4955 5213 4727 4844 4869 5283 5318 4492 5050 4623 5100 5051 5049 5479 4776 5216 5327 5045 5771 5120 5111 5151 5314 5258 5558 5423 5151 5030 5328 5165 5532 5581 5401 5025 4986 5223 5634 5288 5431 5452 5086 5057 5256 5168 5034 4996 5414 5058 5012 5152 5521 5525 5148 5282 5070 5559 5434 5164 5034 4525 5439 5233 4875 5417 5451 5334 5132 4900 5285 5432 5406 5527 5256 4789 4944 5219 5173 4968 4832 4832 5417 5465 5276 5428 4952 5185
5368 5336 5234 5003 5244 5022 5374 5394 4711 5303 5387 5173 5248 4951 5256 5013 5340 5609 4882 5398 5285 5375 4752 5039 4860 5336 5545 5175 6087 5314 5289 5435 5306 5035 5412 5258 5368 5298 5187 5645 5268 5437 4849 5088 5517 5350 5553 5888 5224 5496 5324 5231 5325 5423 5307 5312 5416 5463 5534 5432 5442 5066 5302 5602 5717 4932 5367 4888 5144 5821 5393 5421 5734 4533 5416 5131 5316 4975 5621 5312 5388 5252 5289 5580 5256 5247 5361 5438 5045 5118 5306 5264 5609 5447 5379 5216 5221 5067 5617 5038 5491 5246 5815 5211 4854 5370 5283 5434 5272 5414 5408 5422 4933 4877 5223 5373 5089 5487 5516 5212 5513 5107 5183 5258 5270 5217 5481 5453 5344 5204 5579 5268 5360 5640 5395 5409 5661 5152 5636 5454 5413 5397 5318 5533 5728 5376 5517 5520 5360 4789 5181 5335 5119 5674 4651 5263 5200 5051 5326 5322 5060 4949 5299 5410 5283 5409 5443 4633 5591 5517 5259 5115 4820 5170 5175 5114 5107 5008 5460 5189 5228 5514 5229 5694 4847 5209 5318 4960 5751 5177 5127 5699 5252 5120 5597 5604 5274 5333 5309 4982 5899 5584 5324 5249 5505 5222 6069 5523 5631 5602 5222 5333 5800 5201 5256 4964 5517 5329 5520 5283 5270 5795 5100 5250 5319 5543 5194 5402 5354 4481 5411 5590 5370 5561 5221 5296 5347 4956 5373 5301 5414 5571 5279 4951 5033 5520 4984 5001 5215 4799 5269 5581 5512 5403 5374 5256
5549 5200 5951 5375 5390 5341 5946 5978 4862 5449 5437 5212 5387 5307 5705 5272 5738 5406 5222 5917 5273 5636 5234 5397 4994 5629 5808 5421 5842 5286 5293 5524 5510 5515 5339 5622 5638 5315 5477 5600 5289 5610 5138 5344 5905 5741 5518 5860 5449 5646 5850 5576 5316 5568 5290 5434 5636 5440 5893 5734 5680 5583 5549 5902 5873 5084 5375 5222 5099 6031 5674 5550 5627 4734 5239 5500 5265 5490 5877 5550 5622 5257 5564 5566 5336 5285 5514 5535 5459 5434 5529 5579 5659 5768 5250 5290 5607 5365 5416 5301 5562 5513 5764 5207 5111 5528 5605 5154 5397 5623 5540 5409 5081 5334 5750 5723 5142 5760 5499 5464 5502 5290 5756 5568 5625 5395 5689 5526 5345 5623 6132 5477 5644 5612 5733 5312 5954 5556 5772 5726 5459 5619 5054 5800 5763 5704 6108 5715 5088 4756 5287 5506 5141 6204 5114 5473 5498 5368 5574 5560 5678 4996 5547 5644 5344 5710 5711 4934 5580 5447 5230 5421 5097 4970 4981 5511 5657 4876 5569 5299 5577 5262 5130 5740 5117 5525 5663 5241 5979 5396 5326 5609 5334 5491 5666 6032 5442 5418 5583 5212 6111 5648 5430 5571 5711 5674 6059 5679 5400 5269 5386 5444 5742 5481 5338 5335 5756 5873 5345 5452 5447 5399 5379 5502 5455 6035 5502 5757 5417 4675 5484 5549 5310 5541 5281 5348 5322 5188 5419 5812 5509 5647 5296 5234 5565 5456 5471 5278 5331 5032 5597 5732 5931 5350 5484 5475
5297 5112 5464 5066 5335 4853 5733 5516 4742 5304 5252 5101 5334 4874 5156 5239 5194 5104 5305 5523 5390 5281 5276 4880 4834 5058 5487 5163 5802 5276 5399 5384 5251 4927 5107 5371 5495 5342 4929 5689 5169 5475 5311 5092 5536 5360 5325 5325 5634 5575 5377 5367 5284 5285 5113 5330 5495 5207 5484 5525 5404 5223 5170 5771 5604 4925 5319 5227 4800 5512 5322 5243 5317 4862 5144 5295 5186 5122 5605 5577 5488 5177 5211 5297 5289 5019 5103 5375 5045 5155 5265 5288 5491 5378 5041 4831 5210 5227 5299 5276 5448 5234 5939 5289 4941 5413 5280 5182 5166 5644 5299 5546 4661 5232 5274 5413 5209 5375 5390 5059 5661 5220 5278 5337 5322 5457 5420 5641 5155 5234 5629 5443 5429 5380 5464 5185 5717 5093 5296 5245 5437 5467 5119 5514 5559 5561 5737 5674 5072 4741 5369 5379 4933 5725 4642 5478 5128 5071 5170 5314 5568 4887 5294 5426 5263 5258 5511 4521 5353 5158 5182 5254 4985 5172 5209 5427 5331 4738 5477 5072 4988 5107 4833 5284 4901 5132 5397 4932 5674 4985 5088 5408 5021 5271 5769 5446 5389 5373 5214 5081 5888 5431 5442 5267 5350 5247 6031 5454 5392 5667 4947 5144 5628 5357 5044 5303 5442 5792 5329 5188 5391 5553 5269 5260 5443 5402 5558 5357 5401 4514 5352 5741 5157 5470 5170 5097 5073 5272 5388 5425 5153 5420 5496 4867 5052 5342 5110 5208 5124 5006 5163 5332 5657 5367 5505 5421
4605 4717 4965 4328 4800 4869 5140 5097 4173 4997 4873 4631 4801 4746 5108 4561 5003 4845 4645 5211 4920 4858 4720 4547 4461 4674 5039 4667 5057 4511 4508 5020 4694 4627 4890 5232 4607 4833 4962 5057 4664 4878 4548 4781 5363 4787 4823 4889 4702 5086 5105 4700 4893 5088 4802 4868 4892 4791 4897 5086 4812 4623 4918 4990 5184 4492 4692 4736 4673 5156 4948 4931 4915 4448 4799 4920 4992 4747 4917 5014 4945 4492 4879 4889 4673 4713 4780 4795 4662 4673 4897 5102 5108 4942 4649 4724 4746 4762 4806 4683 4850 4847 5136 4276 4678 4765 4774 4561 4794 4999 5155 4443 4451 4620 4975 4973 4424 4730 4911 4654 5016 4975 4831 4887 4674 4893 5166 5076 4891 4719 5277 4765 4686 4827 4921 4996 5093 4704 4886 4874 5095 5052 4505 4901 5097 4999 5203 5212 4684 4364 4564 4850 4584 5120 4268 4858 4849 4616 4860 4594 4945 4466 4689 5020 4598 4769 5133 4470 5124 4808 4582 4779 4598 4694 4438 4979 4977 4388 4951 4796 4815 4717 4751 4837 4351 4486 4710 4571 5196 4424 4572 4858 4609 4832 5093 4895 4839 4592 4691 4562 5455 5072 4817 4825 4645 4782 5216 5223 4787 4773 4577 5101 5149 4946 4821 4817 4895 5284 4652 4881 4884 5265 4728 4635 4735 4959 4891 4995 4873 4113 4855 5123 4686 4929 4697 4580 4735 4938 4850 4918 4676 5094 5118 4631 4705 4803 4627 4666 4790 4456 4843 5038 5055 4809 4824 5081
5190 5063 5424 4979 5208 5193 5478 5557 4804 5377 5316 4916 5538 5039 5555 4751 5494 5419 5195 5649 5316 5126 4862 4766 4803 5348 5485 5089 5698 5215 5098 5407 5318 5113 5277 5668 5458 5329 5069 5599 5193 5198 5035 5040 5517 5350 5277 5500 5372 5222 5604 5024 4912 5282 5226 5333 5272 5133 5691 5441 5392 5086 5318 5561 5515 4920 5212 5019 4947 5442 5584 5471 5580 4530 5074 5013 5282 5404 5554 5528 5405 5138 5441 5416 5315 5351 5173 5339 4790 5156 5381 5519 5231 5687 5224 5028 5121 5194 5334 5181 5329 5246 5513 4924 4993 5086 5518 5170 5143 5511 5321 5249 4806 5134 5462 5599 5122 5258 5524 5129 5280 5143 5368 5325 5338 5288 5386 5258 5042 5336 5701 5397 5364 5421 5369 5253 5776 4905 5450 5336 5201 5520 5306 5302 5486 5692 5804 5752 5093 4637 5159 5271 4639 5891 4866 5363 5153 4985 5025 5301 5302 5249 5353 5331 5111 5214 5459 4793 5469 5546 5156 5376 4948 5076 4943 5344 5031 4965 5613 5198 5155 5074 5290 5458 4762 5193 5385 4956 5631 4870 5102 5551 5186 5346 5507 5492 5380 5203 5243 4979 5869 5644 4946 5183 5167 5163 5784 5558 5340 5332 5094 5601 5656 5420 5252 5219 5316 5595 4992 5493 5383 5513 5207 5249 5253 5470 5309 5357 5354 4736 5104 5567 5090 5282 5099 5170 5071 4960 5240 5217 5320 5490 5241 4905 5379 5631 5470 5229 5272 5127 5165 5514 5757 5212 5287 5296
4972 4785 5237 4716 4899 4808 5158 5414 4600 5194 4882 4942 5139 4987 5018 4860 4984 5182 4878 5356 5163 5136 4723 4596 4554 4956 5459 4936 5377 4973 4911 5141 4976 4945 4992 5244 5055 4844 4942 5375 4956 5093 4973 4985 5452 5191 5415 5306 4924 5130 5270 4737 4728 5240 4974 4921 5020 4957 5049 5293 5109 4960 4940 5326 5113 4604 4786 5001 4782 5488 5513 5352 5359 4426 4916 4877 5056 4916 5206 5319 5204 4955 4823 4939 4914 4850 5041 4874 4786 5086 4913 5338 5277 5340 4951 4817 4994 4871 5003 4701 4974 5017 5173 4930 4348 4827 4963 5111 5208 5154 5126 5084 4859 4829 4865 5023 4979 5164 5085 5079 4963 4970 4951 5015 4884 5170 5293 5158 4942 4922 5598 5037 4865 5282 5187 5080 5090 4825 5319 5206 5067 5244 5084 5212 5449 5319 5743 5302 4723 4643 4862 5160 4782 5528 4646 5034 4917 4911 4884 5102 4934 4900 5048 4779 5031 4921 5418 4651 5321 5193 4912 4843 4658 4850 4765 5244 4953 4474 5119 4976 5043 5189 4972 5186 4596 4792 5182 4617 5298 5002 5009 5216 4951 4762 5323 5379 5215 5110 5159 4953 5959 5214 4790 4896 4896 4983 5372 5307 5199 5198 4709 5226 5202 4927 5002 4853 5281 5005 4992 4941 5197 5218 5085 5039 5266 4983 5139 5306 4888 4328 5180 5243 5042 5187 4867 4938 4828 4655 5172 4958 5156 5224 5249 4804 5190 5324 4984 5039 4870 4647 5137 5069 5166 5128 4777 5218
5424 5127 5596 5063 5213 5232 5286 5870 4854 5383 5096 5080 5256 5499 5562 4940 5208 5311 4917 5767 5305 5345 5128 5263 4847 5240 5454 5037 5758 5244 5430 5126 5463 5180 5139 5619 5433 5228 5244 5640 5320 5466 5420 5251 5488 5297 5416 5823 5397 5365 5528 5252 5402 5661 5380 5414 5436 5333 5497 5760 5411 5671 5357 5656 5921 5034 5171 5036 5283 5774 5624 5409 5700 4721 5421 5185 5523 5348 5655 5659 5653 5204 5380 5335 5683 5234 5237 5264 5156 5083 5458 5512 5443 5369 5163 4955 5330 5264 5360 5158 5519 5557 5938 4980 4820 5346 5268 5217 5063 5433 5349 5134 4886 5287 5560 5507 5280 5572 5616 5248 5367 5184 5379 5247 5330 5745 5727 5275 5251 5224 5990 5539 5185 5474 5744 5202 5682 5240 5465 5571 5285 5635 5171 5532 5699 5386 5893 5919 5127 4846 4931 5302 5068 5763 4924 5511 5207 5384 5312 5354 5629 5222 5481 5468 5291 5595 5610 4854 5599 5290 5322 5421 4969 5391 5296 5524 5299 4945 5513 5013 5073 5039 5009 5424 4710 5311 5076 5186 5706 5042 5357 5608 5304 5187 5691 5728 5432 5019 5467 5248 5623 5644 5253 5410 5556 5391 5772 5693 5536 5672 5073 5512 5386 5229 5330 5181 5381 5407 5045 5276 5508 5487 5254 5140 5386 5280 5539 5288 5480 4738 5357 5333 5146 5392 5129 5366 5162 5149 5314 5460 5297 5507 5241 5022 5277 5395 5292 5023 5405 5168 5463 5246 5484 5376 5508 5466
5456 5228 5645 4915 5349 5363 5668 5504 4749 5323 5190 4826 5029 5005 5435 4903 5218 5209 4955 5886 5378 5346 4996 5032 5171 5361 5306 5150 5665 5077 5243 5414 5313 5116 4902 5488 5383 5086 4968 5331 5291 5572 4952 5135 5763 5089 5422 5500 5364 5493 5370 5181 4964 5376 5082 5298 5453 5232 5448 5718 5443 5206 5230 5526 5430 4839 5348 4891 5289 5632 5655 5224 5540 4694 5130 5033 5433 4900 5728 5290 5187 5084 5326 5369 5070 5038 5296 5101 5045 5081 5285 5349 5338 5521 5029 5202 5332 5029 5475 5378 5369 5293 5627 5127 5113 5407 5342 5033 5113 5389 5390 4939 4524 5230 5444 5572 5026 5329 5546 5069 5437 5043 5121 5180 5463 5135 5325 5578 5567 5218 5755 5385 5129 5151 5426 5245 5840 5158 5532 5328 5414 5403 4965 5511 5437 5523 5766 5594 5102 4743 5208 5153 4979 5522 5070 5366 4999 5044 5133 5126 5326 4986 5010 5298 5276 5346 5455 4625 5230 5344 4954 5037 4713 5186 5064 5382 5398 4729 5564 5032 5128 5319 5000 5494 4796 5228 5498 4764 5819 5122 5113 5577 5037 5175 5343 5656 5159 5338 5238 4951 6202 5687 5461 5435 5230 5117 5739 5465 5452 5620 5336 5403 5577 5373 4778 5360 5528 5477 5349 5298 5414 5441 5003 5261 5413 5643 5343 5360 5316 4305 5357 5531 5250 5508 5100 5197 5226 5212 5322 5702 5140 5636 5359 4941 5298 5618 5152 5287 5044 5023 5382 5534 5512 5267 5148 5326
4506 4612 4958 4463 4646 4337 5049 5034 4368 4703 4869 4391 4937 4523 4907 4105 4637 4848 4576 5091 5110 4903 4631 4448 4510 4655 4958 4705 5122 4659 4530 4908 5077 4696 4536 4921 4590 4624 4754 4920 4630 5087 4441 4761 5018 4918 4910 4861 4665 4950 4766 4575 4426 4827 4460 4606 4732 4783 4897 4899 5183 4729 4602 5169 5319 4341 4674 4415 4516 4931 4893 4598 5051 4034 4678 4569 4739 4523 4855 4953 4740 4575 4564 5013 4733 4557 4533 4529 4341 4521 4847 4685 4768 5031 4675 4579 4943 4737 4799 4755 4991 4668 5288 4458 4473 4740 4930 4619 4737 4838 4901 4711 4212 4936 4694 4909 4480 4924 4761 4711 4748 4481 4557 4942 4745 4898 4760 4607 4992 4791 4904 4601 4620 4705 4954 4824 5050 4506 4772 5069 4520 4966 4418 4843 4734 5085 5295 5092 4807 4159 4620 4791 4286 5055 4191 4718 4546 4595 4569 4595 4599 4619 4736 4903 4418 4839 4788 4159 5051 5039 4570 4830 4705 4807 4423 4637 4827 4228 5042 4353 4643 4676 4749 4680 4337 4702 4657 4444 5026 4477 4323 4881 4653 4718 5187 4579 4745 4703 4757 4518 5249 5307 4681 4825 4509 4761 5162 4972 4790 4792 4357 4833 5106 4748 4552 4753 4945 4785 4611 4815 4951 5194 4670 4713 4948 4973 4553 4758 4903 4061 4516 5047 4721 4875 4772 4794 4505 4612 4751 4769 4634 4930 4796 4736 4433 5123 4608 4792 4781 4296 4727 4869 4955 4668 4664 5154
5462 5271 5663 4766 5442 5346 5865 5887 5144 5472 5212 5159 5073 5244 5508 5082 5447 5602 5175 5842 5415 5539 5106 5139 4823 5382 5344 5378 5819 5223 5157 5513 5515 5301 5301 5654 5411 5247 5047 5197 5398 5577 5160 5285 5353 5482 5784 5656 5371 5291 5224 5442 5217 5772 5226 5387 5473 5431 5615 5752 5610 5182 5466 5875 5597 4951 5591 4990 5309 5854 5498 5572 5484 4588 5431 5172 5286 5035 5709 5356 5485 5062 5294 5426 5219 5077 5366 5443 5229 5213 5570 5497 5497 5789 5170 4951 5606 5046 5289 5331 5581 5300 5845 5469 4873 5359 5575 5331 5255 5612 5518 5043 4434 5158 5598 5664 5470 5278 5461 5414 5500 5226 5181 5227 5322 5020 5378 5600 5487 5238 5683 5577 5252 5508 5509 5367 5373 5137 5547 5465 5552 5628 5089 5789 5648 5489 5971 5601 5097 4573 5131 5389 5093 5914 4960 5456 5374 4990 5289 5276 5702 5099 5480 5618 5244 5491 5597 4859 5546 5281 5278 5325 4867 5273 5152 5460 5379 4695 5316 5133 5395 5201 5246 5858 4972 5538 5354 5143 5663 4985 5218 5598 5263 5714 5513 5488 5383 5318 5489 5227 6084 5797 5364 5125 5158 5263 5721 5592 5490 5451 5122 5220 5377 5372 5252 5250 5788 5467 5185 5528 5378 5624 5214 5346 5299 5537 5459 5550 5409 4858 5288 5478 5227 5672 5196 5262 5344 4991 5466 5566 5030 5477 5484 5047 5429 5422 5306 5446 5048 5024 5230 5418 5696 5444 5403 5220
5604 5408 6014 5274 5591 5354 5810 5867 5192 5545 5647 5075 5931 5360 5701 5367 5885 5612 5522 5915 5597 5712 5247 5425 5203 5915 5643 5473 6053 5463 5616 5784 5768 5535 5460 5673 5441 5483 5266 5587 5802 5821 5309 5629 5938 5692 5621 5860 5616 5889 5922 5640 5391 5655 5359 5434 5848 5891 5904 5822 5489 5309 5610 5763 5874 5437 5580 5382 5082 5974 5814 5777 5702 4880 5159 5492 5456 5385 6019 6007 5752 5629 5948 5759 5728 5571 5612 5741 5259 5250 5686 5659 5796 5845 5516 5445 5543 5444 5609 5517 5859 5411 5936 5596 5172 5633 5615 5769 5582 5727 5358 5572 5066 5493 5439 5794 5438 5485 5651 5507 5424 5411 5748 5616 5690 5886 5491 5755 5454 5397 5952 5504 5749 5886 5646 5595 6025 5270 5563 5662 5747 5707 5366 5887 5663 5863 6113 5876 5462 5108 5487 5400 5108 6184 5070 5768 5752 5439 5298 5400 5919 5236 5595 5661 5574 5647 5869 4887 5893 5503 5568 5500 5198 5520 5530 5689 5687 5256 5804 5145 5258 5568 5554 5950 5147 5369 5631 5090 5935 5409 5503 6087 5598 5741 5903 5981 5859 5348 5527 5507 6160 6007 5601 5350 5600 5528 6299 5906 5758 5922 5642 5673 5744 5657 5329 5553 5855 5658 5547 5744 5899 5666 5479 5738 5650 5913 5768 5656 5526 4974 5599 5782 5635 5670 5584 5626 5648 5410 5609 5677 5441 5890 5673 5255 5581 5622 5624 5472 5172 5238 5518 5664 5660 5488 5424 5988
5334 5238 5562 5116 5175 5087 5570 5761 4700 5386 5520 5001 5499 5364 5548 5079 5504 5327 5249 5655 5382 5435 4935 5011 5090 5454 5688 5229 5887 5262 5411 5651 5659 5437 5339 5842 5373 5141 5031 5656 5634 5690 5333 5550 5783 5524 5566 5727 5238 5694 5553 5267 5410 5530 5422 5269 5420 5523 5693 5293 5496 5199 5608 5746 5576 4827 5503 5239 5112 5837 5911 5684 5558 4895 5513 5336 5601 5467 5837 5588 5594 5291 5651 5609 5416 5010 5422 5318 5219 5487 5579 5416 5503 5790 5366 5186 5413 5244 5286 5215 5701 5400 5856 5377 4865 5399 5459 5439 5384 5598 5466 5392 4994 5153 5535 5558 5161 5743 5588 5128 5334 5359 5257 5263 5334 5444 5478 5687 5425 5378 5809 5612 5720 5471 5675 5444 5644 5114 5644 5557 5554 5722 5357 5807 5830 5662 5808 5758 4960 4743 5090 5435 5195 5832 5206 5384 5281 5062 5490 5299 5433 5082 5432 5270 5358 5386 5825 4712 5579 5515 5179 5508 4686 5226 5226 5571 5287 4897 5511 5311 5107 5339 5228 5690 4984 5281 5256 5091 6037 5045 5300 5901 5521 5566 5693 5600 5613 5427 5462 5166 5966 5551 5052 5235 5267 5165 5803 5713 5639 5616 5186 5405 5646 5423 5417 5489 5359 5562 5098 5449 5467 5931 5386 5406 5479 5612 5522 5576 5686 4527 5394 5692 5124 5443 5326 5324 5031 5285 5468 5503 5433 5736 5560 5245 5337 5596 5494 5461 5146 4875 5488 5602 5708 5509 5563 5566
5458 5125 5659 5010 5233 5057 5780 5786 5008 5478 5399 5098 5257 5213 5395 4940 5586 5546 5164 5665 5258 5453 4985 5357 5078 5468 5610 5160 5954 5441 4965 5432 5505 5462 5108 5645 5534 5305 5353 5711 5533 5373 5205 5190 5768 5719 5388 5459 5316 5469 5598 5265 5048 5741 5294 5540 5531 5411 5891 5622 5273 5357 5597 5480 5655 4889 5430 4963 4852 5646 5500 5422 5499 4604 5208 5238 5412 5344 5736 5487 5410 5233 5347 5250 5512 5210 5473 5248 5362 5504 5296 5559 5568 5603 5096 5042 5414 5126 5234 5519 5490 5520 5753 5392 4977 5140 5442 5217 5420 5529 5526 5291 5103 5385 5209 5775 5286 5218 5414 5386 5614 5124 5441 5337 5377 5555 5348 5680 5441 5319 5956 5325 5362 5323 5402 5308 5720 5293 5618 5462 5425 5789 5044 5893 5693 5988 5746 5831 5088 5102 5412 5442 5035 5971 5065 5573 5510 4905 5162 5245 5326 5136 5383 5326 5075 5317 5609 4854 5657 5332 5091 5051 4916 5431 5229 5558 5461 4908 5616 5358 5362 5368 5179 5325 4956 5457 5668 4941 5469 5019 5051 5593 5423 5325 5738 5881 5206 5196 5410 5209 5964 5470 5360 5513 5404 5402 6073 5829 5277 5446 4902 5521 5637 5361 5249 5475 5657 5695 5195 5434 5646 5527 5205 5443 5260 5347 5405 5303 5465 4632 5519 5723 5265 5422 5239 5182 5344 5488 5267 5517 5230 5393 5529 5188 5444 5652 5305 5021 5209 5158 5202 5577 5399 5581 5372 5551
4999 5172 5532 5331 5362 5031 5841 5759 5071 5544 5361 4959 5225 5309 5455 4956 5810 5461 5169 5744 5472 5418 4878 5112 4987 5632 5550 5173 5677 5307 5610 5514 5662 5200 5379 5635 5609 5170 5405 5633 5596 5435 5130 5520 5386 5274 5653 5519 5134 5737 5801 5541 5329 5655 5423 5361 5393 5539 5636 5830 5814 5359 5665 5796 5875 5032 5255 5108 5394 5878 5660 5656 5744 4724 5256 5254 5478 5274 5817 5641 5389 5161 5420 5317 5521 5326 5489 5335 5061 5420 5294 5310 5693 5880 5201 5385 5455 5146 5279 5088 5517 5555 5922 5461 4640 5347 5435 5338 5409 5465 5361 5239 4975 5333 5461 5635 5286 5378 5334 5300 5249 5076 5294 5503 5535 5372 5369 5765 5241 5592 5904 5590 5206 5463 5608 5302 5762 5325 5688 5366 5495 5743 4968 5708 5764 5840 6086 5632 5192 4708 5133 5568 4799 6059 5171 5657 5286 5230 5411 5365 5499 4964 5297 5657 5248 5406 5725 4917 5499 5442 5668 5268 4804 5233 5206 5648 5494 5092 5535 5038 5031 5279 5288 5561 5062 5422 5626 5207 5866 5115 5076 5484 5241 5429 5749 5842 5458 5548 5492 5005 5998 5713 5290 5262 5332 5332 6044 5592 5482 5586 5368 5491 5596 5374 5292 5491 5539 5591 5319 5546 5511 5663 5283 5426 5583 5614 5759 5370 5316 4632 5641 5518 5377 5595 5421 5565 5208 5077 5463 5378 5491 5468 5667 5185 5369 5219 5541 5496 5342 5124 5415 5472 5773 5428 5552 5421
5161 5175 5490 4781 5078 4896 5441 5501 4809 5234 5006 5055 5048 4983 5298 5103 5075 5188 5078 5556 5199 5260 5010 4835 4930 5070 5483 5101 5560 4921 5080 5273 5571 5050 5156 5433 5267 5029 5156 5314 5193 5286 5204 5242 5671 5475 5165 5400 5165 5339 5362 5141 5261 5394 5141 5346 5370 5240 5566 5481 5315 5183 5193 5613 5592 4726 5200 4869 5248 5651 5198 5141 5273 4290 4988 5057 5441 5228 5458 5460 5305 4912 5481 5338 5304 5132 5315 5197 4913 5187 5137 5086 5555 5658 4861 5125 5063 5043 5442 5160 5365 5127 5375 5168 4753 5335 5313 5004 5123 5527 5662 5157 4587 5375 5545 5330 5132 5328 5162 5135 5190 4990 5326 5184 5178 5194 5290 5441 5050 5144 5558 5097 4930 5317 5571 5166 5695 5029 5353 5070 5153 5337 4992 5258 5538 5446 5705 5626 5028 4795 4955 5377 4827 5854 4900 5263 5322 4937 5303 5298 5258 4947 5348 5414 5024 5377 5282 4803 5336 5112 5110 4989 5005 4954 5028 5494 5397 4707 5375 5006 5039 4896 5109 5602 4784 5075 5409 4817 5512 5048 4927 5485 5133 5057 5408 5430 5202 4752 5088 4858 5800 5264 5217 5316 5335 5289 5738 5642 5438 5416 4869 5441 5477 5294 5166 5104 5490 5379 5073 5435 5262 5473 5233 5210 5532 5249 5307 5386 5146 4710 4979 5482 5278 5118 4903 5247 5005 4986 5252 5441 5292 5464 5228 4957 5066 5539 4982 4961 4994 4961 5241 5225 5544 5161 5192 5254
5077 5071 5424 4962 5429 5119 5506 5578 4783 5374 5164 5022 5316 4950 5250 5086 5315 5304 5055 5516 5284 5181 4949 4761 4719 5262 5118 5222 5541 4891 5212 5241 5343 5115 5366 5448 5486 4922 5051 5483 5351 5195 5381 5238 5499 5291 5378 5361 5076 5414 5297 5357 5217 5395 5188 5315 5442 5168 5460 5599 5425 5208 5318 5665 5647 4624 5438 4901 5028 5786 5480 5611 5303 4526 5280 5115 5396 5114 5568 5461 5266 4867 5001 5260 5379 4942 5300 5173 5001 4961 5235 5179 5463 5392 5004 5036 5195 5031 5472 5015 5186 5006 5842 5293 4893 5027 5184 5517 4907 5354 5246 4874 4816 5075 5459 5245 5147 5354 5315 5334 5266 4990 5300 5069 5206 5260 5248 5242 5158 5393 5536 5410 5149 5356 5525 5067 5324 4964 5240 5191 5192 5465 5026 5418 5580 5561 5616 5650 5036 4746 4995 5363 4891 5544 4767 5504 5263 5057 5191 5008 5493 4996 5324 5490 5222 5174 5306 4962 5686 5299 5085 4944 4710 4888 5096 5316 5368 4792 5300 5021 5267 5080 5080 5458 5008 5209 5187 4914 5528 4925 5131 5390 5068 5330 5615 5640 5196 5172 5068 4827 5986 5339 4979 5044 5152 5059 5804 5513 5271 5450 4911 5146 5506 5416 5018 5154 5543 5325 5068 5188 5425 5330 5108 5250 5361 5456 5692 5079 5319 4534 5249 5396 5004 5227 4877 5148 4929 4766 5342 5529 5440 5261 5378 5171 5210 5171 5230 5018 5200 4865 5263 5281 5448 5220 5059 5446
5225 5058 5614 4694 5381 4887 5364 5270 4933 5242 5039 4670 5301 5067 5573 4635 5120 5366 4735 5554 5113 5359 5056 5015 4834 5186 5610 4950 5694 5136 5305 5580 5278 5128 5397 5540 5310 5145 5093 5543 5399 5129 5152 5349 5451 5095 5589 5554 5231 5504 5521 5106 5150 5464 5297 5120 5356 5217 5753 5589 5218 5261 5300 5482 5485 4790 5302 5094 4953 5671 5521 5530 5245 4567 5156 5152 5416 5095 5497 5459 5304 4971 5506 5273 5099 5178 5089 4910 4962 5358 5175 5417 5629 5573 4902 5022 5357 5221 5137 5082 5530 5386 5628 5172 4663 5250 5179 5064 5362 5306 5245 5163 4879 5066 5411 5160 5200 5262 5401 5175 5124 5261 5285 5147 5105 4956 5604 5703 5385 5110 5545 5208 5110 5384 5216 5240 5557 4827 5356 5159 5173 5485 5182 5341 5661 5523 5815 5463 4986 4975 4945 5205 5151 5748 4538 5592 5290 4958 5045 4886 5286 5061 5151 5166 5148 5167 5360 4696 5614 5268 5379 5054 4987 5007 5132 5326 5185 4544 5274 4948 5126 5290 5072 5470 4843 5418 5422 5298 5832 4882 4849 5279 4909 5398 5625 5579 5491 5118 5417 4874 5779 5640 5281 5069 5344 5231 5831 5576 5390 5413 4836 5129 5442 5269 4857 5298 5631 5361 5322 5301 5268 5436 5379 4934 5445 5388 5303 5261 4989 4768 5320 5352 4888 5451 5139 5264 4998 5022 4921 5582 5208 5434 5482 5049 5438 5382 4888 5149 4920 4837 5286 5160 5390 5499 5185 5018
5189 5143 5666 4717 5252 4871 5345 5306 4526 5339 5189 4933 5038 5094 5339 4747 5277 5257 4842 5562 5401 5435 4733 5271 4742 5212 5544 5152 5635 5071 5155 5499 5242 5192 5211 5644 5461 5198 4916 5197 5145 5286 4992 5181 5228 5184 5386 5242 5167 5516 5282 5113 5112 5406 4836 5227 5199 5214 5458 5416 5323 5240 5309 5525 5536 5032 5052 5043 5087 5744 5760 5433 5698 4765 4985 5099 5286 5155 5694 5334 5277 5196 5545 5250 5179 5143 5257 5087 4892 5302 5287 5412 5442 5472 5041 4940 5262 5245 5255 5060 5264 5292 5594 5245 5039 5358 5394 4994 5320 5335 5329 5246 4741 5032 5236 5458 5249 5320 5214 5128 5117 5025 4947 5210 5315 5296 5089 5463 5400 5418 5587 5288 5463 5120 5414 5299 5460 5027 5254 5501 5261 5535 5062 5608 5561 5391 5615 5455 4952 4772 5181 5121 4953 5492 4888 5393 5181 4958 4940 5245 5217 5098 5399 5283 5221 5103 5156 4252 5313 5411 5026 5106 4975 5034 5036 5380 5453 4607 5163 4684 5092 5225 4899 5452 4834 5129 5160 5044 5813 5037 4776 5570 5136 4909 5582 5310 5434 5093 5435 5160 5779 5764 5149 5133 5187 5090 5577 5553 5296 5193 4965 5338 5324 5217 4837 5205 5415 5144 5154 5168 5140 5669 5099 5470 5283 5600 5038 5134 5138 4401 5384 5187 5344 5325 5285 5196 5040 4972 5146 5305 5294 5516 5484 4934 5122 5284 4989 5046 5025 4910 5196 5338 5378 5271 5197 5344
5022 5083 5224 4675 5128 4671 5448 5473 4361 4868 5170 4492 4922 4869 4944 4617 5204 4984 4991 5202 4794 5091 4741 5008 4604 4945 5129 5044 5393 4896 5040 5142 5029 4990 4800 5042 5036 4634 4733 5206 4939 5050 4808 5096 5180 5182 5253 5197 4931 5150 5329 4723 4768 5290 5128 5193 5271 5078 5375 5354 4922 4879 5289 5365 5315 4529 5064 4480 4623 5543 5286 5011 5046 4208 5006 4728 5187 5095 5291 5080 5147 4655 4942 4749 4852 4832 4882 5158 4751 5161 5036 5113 5146 5267 4750 4900 5088 4881 4985 4913 5176 5049 5313 4930 4669 4982 5089 4769 4820 5019 5058 5080 4270 4728 5136 5218 4919 4799 5365 4840 5176 4799 5005 5065 4955 5192 4880 5053 5029 5113 5394 5000 5137 4946 4985 5050 5371 5014 5313 4799 5246 5101 4733 5371 5367 5329 5360 5240 4625 4491 5093 5084 4484 5516 4793 5300 4877 4765 4821 4840 5139 4739 4907 4910 4961 5070 5276 4565 5194 4866 4899 4797 4610 4958 4766 5078 5088 4533 5112 4874 4871 4836 4746 5129 4643 5121 4870 4734 5543 4505 4874 5022 4845 4999 4908 5313 5268 5052 5163 4948 5381 5256 5159 5018 4859 4957 5566 5003 5108 4970 4715 5084 5115 4839 4785 4936 5154 5264 4720 5021 4884 5341 5162 4915 4804 5084 4991 4964 4939 4214 5112 5162 5018 4903 5031 4926 4932 4874 4954 5129 4942 5341 5238 4752 4991 4981 5074 4931 4933 4726 4761 5050 5296 5151 5195 5109
5290 5008 5436 4709 5095 4791 5412 5370 4604 5181 5094 4779 5030 5063 5120 5073 5029 5306 4718 5475 5329 5306 5054 4967 4771 5127 5225 4981 5616 4869 5165 5267 5288 5081 4665 5156 5266 5205 4887 5329 4927 5122 4817 5088 5434 5557 5414 5324 5097 5113 5139 5145 5068 5131 4900 5159 5315 4900 5311 5243 5133 5004 5001 5408 5394 5090 4764 5114 4770 5671 5276 5242 5249 4356 5175 5039 5066 5171 5237 5417 5267 4919 5162 5211 4736 4746 4948 5074 4902 5037 5401 5218 5256 5315 4871 4928 5278 4791 5046 4979 5067 5106 5486 4999 4766 5044 4990 5038 4985 5315 5269 5123 4485 5074 5234 5375 4924 5303 5244 5023 5090 4937 5084 5340 5231 5225 5178 5493 5216 5158 5429 5373 4850 5237 5454 5200 5480 5011 5445 5107 5111 5271 5064 5320 5330 5500 5645 5536 5006 4794 4862 5148 4912 5463 4746 5300 5126 4945 5256 5147 4975 5032 4964 5265 4945 5209 5307 4660 5291 5206 4821 5254 4861 4968 4803 5052 5385 4587 5311 4854 4956 5196 4889 5199 4819 5173 5050 4877 5457 4814 4882 5304 5213 4948 5110 5359 4961 4991 5197 4835 5655 5520 5110 5240 4980 4933 5673 5419 5206 5254 4789 5378 5323 5124 4866 5245 5142 5147 4966 5186 5249 5408 5061 5515 5094 5400 5082 4980 5136 4340 5104 5610 4954 5262 4871 4861 5173 5022 5289 5201 5034 5167 5242 4766 4900 5536 4913 5003 4637 4720 5258 5422 5302 5183 5070 4945
5275 5352 5505 4902 5303 4954 5528 5940 4826 5220 5392 5149 5271 5130 5548 5224 5504 5439 5200 6080 5456 5464 5313 4827 5081 5415 5551 5436 5471 5112 5046 5418 5577 5251 5320 5622 5247 4956 5306 5755 5171 5550 5094 5229 5836 5535 5697 5706 4984 5377 5762 5297 5233 5235 5259 5302 5476 5468 5813 5653 5625 5201 5353 5925 5566 4829 5484 5343 5288 5673 5609 5519 5418 4933 5174 5130 5249 5417 5591 5641 5472 5003 5498 5422 5339 5214 5171 5200 5127 5241 5324 5456 5430 5512 5021 5140 5310 5233 5507 5439 5487 5238 5748 5145 4977 5298 5501 5316 5261 5527 5370 5059 4725 5044 5524 5337 5086 5478 5301 5341 5356 5181 5518 5055 5377 5003 5597 5569 5399 5486 5989 5391 5308 5348 5522 5296 5694 5058 5512 5446 5244 5660 4932 5488 5328 5624 5861 5513 5123 4895 5242 5201 5147 5900 4935 5482 5470 4970 5568 5448 5619 5111 5248 5452 5454 5514 5567 4800 5499 5361 5271 5341 4946 5436 5002 5604 5344 4475 5433 5250 5079 5403 5192 5769 4815 5260 5394 5174 5733 5126 5311 5454 5221 5510 5804 5698 5468 5297 5182 4993 6069 5573 5398 5232 5549 5535 5792 5862 5234 5715 5034 5655 5447 5379 5357 5359 5349 5750 5086 5475 5506 5453 5456 5214 5510 5693 5703 5533 5608 4823 5294 5622 5217 5517 5264 5293 5387 5117 5548 5450 5465 5592 5446 5224 5424 5526 5443 5345 5144 5230 5313 5620 5758 5332 5106 5450
5216 5295 5348 5001 5344 4712 5642 5665 4949 5396 5176 5028 5294 5070 5450 4957 5377 5311 5075 5967 5451 5225 4996 5080 4988 5384 5374 5162 5547 5229 5270 5548 5527 5218 4903 5686 5346 5272 5244 5530 5340 5431 5223 5380 5516 5530 5716 5489 5320 5402 5558 5139 5086 5456 4931 5115 5471 5412 5520 5567 5539 5025 5286 5791 5727 4773 5407 4968 5226 5812 5269 5613 5318 4586 5171 5048 5232 5174 5603 5353 5383 4879 5414 5365 5546 5314 5324 5322 4947 5230 5708 5426 5463 5682 5280 5282 5606 5216 5274 5186 5461 5351 5885 5293 4924 5316 5234 5388 5046 5423 5424 5213 4838 5283 5549 5338 5297 5320 5145 5535 5469 4985 5509 5214 5242 4998 5543 5281 5333 5389 5466 5199 5334 5528 5716 5206 5581 5468 5869 5492 5339 5632 5177 5768 5510 5518 5941 5391 5193 4878 5122 5207 5004 5895 5076 5537 5363 5216 5097 5587 5686 5096 5310 5232 5267 5636 5707 4645 5487 5596 5236 5176 4977 5327 5021 5419 5150 4903 5615 5239 5296 5176 5367 5763 4716 5296 5423 5009 5857 5128 5318 5399 5117 5330 5474 5624 5340 5164 5348 5061 5678 5513 5446 5125 5175 5108 6010 5472 5400 5258 4975 5568 5630 5217 5243 4994 5622 5586 5305 5493 5722 5672 5275 5266 5620 5430 5505 5505 5428 4830 5239 5322 5208 5458 5345 5270 5029 5174 5301 5445 5390 5670 5332 5083 5216 5515 5119 5103 5067 4926 5278 5312 5706 5427 5417 5533
4961 4789 5201 4654 5163 4957 5146 5355 4647 4899 4792 4622 4908 4891 5141 4640 5182 5064 4682 5293 5190 5221 4653 4690 4632 4929 5283 4893 5393 4770 4914 5058 5081 5073 5028 5161 4798 4796 5161 5108 5180 5286 4565 5041 5524 5098 4997 5268 5256 5373 5177 4807 5024 5218 5020 5232 5033 5134 5459 5474 4867 4936 5090 5208 5206 4696 4918 4676 4910 5407 5264 5060 4945 4326 4913 4915 5019 5022 5295 5278 5136 4957 4957 5001 5026 4746 5182 5130 4583 4831 5091 5162 5131 5241 4743 4928 5106 4774 4989 5008 5280 5041 5489 5112 4641 4815 4920 4886 5079 5288 4913 5011 4474 5042 5294 5182 4873 4870 4975 4921 5018 4927 5011 4998 4863 4814 4842 5121 4902 4909 5342 4718 4825 4910 5021 4876 5245 4529 5358 4995 5250 5232 4521 5357 5309 5230 5524 5149 4704 4639 4892 5191 4833 5233 4463 4912 4930 4725 5075 4871 5022 4675 5144 5192 4945 5084 5304 4693 5037 5022 4979 4872 4767 4787 4816 4958 4953 4438 5225 5031 4878 4929 4870 5048 4552 4875 5215 4704 5384 4652 4973 5220 4875 5054 5202 5414 5220 4912 5204 4763 5534 5426 4819 4940 4944 4961 5691 5168 5016 4906 4977 5006 5190 5056 4818 4963 5235 5230 4813 4964 5123 5212 4952 4930 5117 5011 4970 5078 5269 4385 5177 5207 4849 5086 4991 5078 4785 4877 5104 5003 4977 5063 5107 4968 5150 5068 4825 5264 4626 4712 5211 5133 5359 5045 4812 5106
4961 5230 5344 4871 5169 5004 5407 5435 4889 5275 5215 4789 5226 5066 5416 5065 5411 5009 4921 5368 5162 5039 4812 5063 4924 5208 5266 4897 5432 4823 5139 5474 5406 4894 5055 5417 5259 5205 5052 5676 5223 5482 4944 5124 5626 5419 5404 5399 5327 5403 5361 5289 4998 5300 5072 5031 5411 5219 5511 5406 5283 4990 5235 5418 5401 4844 5138 4949 5050 5512 5338 5264 5173 4749 5151 4986 5219 5144 5373 5296 5288 5163 5308 5027 4995 5080 5139 5102 4925 5127 5377 5265 5503 5420 5043 5031 5045 4992 5077 5062 5311 5107 5619 5004 4725 5101 5414 5189 5004 5355 4961 4819 4892 4935 5261 5059 5132 5305 5175 5047 5124 5136 5101 5260 5234 4941 5398 5292 5099 4923 5797 5177 5184 5198 5396 5097 5284 5273 5454 5259 5263 5542 4834 5499 5366 5510 5674 5328 5123 4686 5144 5222 4908 5606 4905 5167 5108 4896 5106 5158 5626 4823 5173 5112 5011 5311 5647 4648 5310 5201 4923 4963 4815 4943 4837 5425 5092 4551 5633 4893 4907 5172 4981 5652 4668 5155 5259 4624 5630 5050 4905 5240 5184 5133 5439 5440 5432 5088 5148 5137 5685 5414 5172 5059 5042 5139 5529 5356 5304 5258 5135 5466 5384 5263 4982 5168 5266 5413 5109 5270 5162 5232 5189 5159 5500 5601 5365 5061 5046 4573 5218 5206 4924 5460 5129 4949 5035 4971 5297 5324 5179 5611 5172 4912 4985 5314 4945 4886 4641 4674 5205 5451 5387 5357 5180 5408
5230 5061 5513 4835 5316 5050 5588 5570 5000 5254 5320 5126 5043 4941 5431 5145 5259 5318 5190 5900 5325 5598 4960 4968 5209 5350 5564 5067 5726 5224 5369 5448 5242 5315 5133 5528 5486 5178 5049 5457 5347 5485 5306 5427 5657 5485 5396 5455 5073 5390 5539 5270 5285 5583 5261 5242 5252 5515 5661 5764 5330 5141 5332 5770 5535 4970 5454 4656 5004 5947 5530 5374 5517 4636 5159 4902 5368 5178 5423 5605 5383 5309 5200 5350 5052 5187 5340 5288 4943 5193 5394 5371 5484 5485 5276 5005 5351 5355 5235 5407 5471 5311 5625 5408 5015 5383 5380 5185 5301 5646 5300 5182 4697 5309 5244 5378 5166 5359 5518 5186 5391 5256 5627 5180 5236 5350 5260 5347 5306 5195 5744 5286 5375 5577 5560 5368 5708 5064 5493 5290 5629 5398 4983 5656 5520 5446 5622 5800 4954 4940 5255 5247 4830 5978 4897 5523 5236 5083 5399 5156 5424 4772 5211 5339 5480 5488 5709 4957 5397 5228 5361 5294 4817 5172 5338 5250 5428 4928 5313 5346 5314 5300 5255 5596 4779 5301 5488 4924 5861 5268 5302 5417 5218 5498 5493 5430 5460 5177 5124 5082 5924 5436 5549 5218 5485 5047 5786 5440 5345 5481 5202 5513 5654 5451 5095 5186 5441 5486 5442 5436 5573 5490 5439 5381 5396 5465 5409 5464 5262 4591 5245 5591 5358 5599 5075 5245 5368 5173 5481 5483 5371 5437 5431 5008 5505 5410 5286 5222 5222 4958 5301 5520 5646 5369 5491 5495
5491 5012 5413 5121 5385 4953 5657 5766 4901 5509 5192 5236 5307 5086 5351 5107 5557 5361 5203 5546 5328 5583 5246 5029 4847 5331 5577 5085 5480 5196 5365 5570 5422 5241 5150 5732 5533 5109 5200 5405 5364 5507 5016 5223 5497 5466 5349 5482 5363 5439 5465 5188 5324 5600 5206 5562 5552 5473 5608 5522 5456 5110 5604 5468 5680 5080 5342 5350 4982 5655 5579 5672 5428 4695 5106 5371 5254 5222 5810 5526 5364 5191 5227 5580 5215 5068 5249 5279 5035 5442 5751 5414 5545 5828 5353 5157 5005 5076 5353 5349 5533 5519 5619 5273 5233 5091 5410 5362 5551 5310 5354 5241 4763 5033 5150 5466 5610 5206 5252 5192 5467 4928 5073 5230 5480 5079 5478 5328 5358 5630 5611 5416 5378 5473 5613 5616 5488 5266 5684 5439 5662 5696 5066 5666 5418 5705 5790 5542 5209 4798 5260 5267 5180 5973 4938 5372 5487 4926 5107 5416 5869 5262 5681 5330 5501 5342 5553 4548 5698 5233 5191 5390 5088 5472 5134 5306 5451 4892 5592 5459 4944 5530 5202 5635 5111 5216 5441 5300 5869 5056 5227 5546 5293 5338 5437 5654 5330 5399 5260 4990 5989 5625 5248 5251 5046 5153 5739 5494 5420 5557 5165 5435 5594 5426 5085 5108 5538 5537 5210 5345 5439 5681 5202 5279 5320 5714 5523 5583 5287 4642 5408 5590 5319 5408 5433 5327 5405 5184 5315 5259 5398 5681 5555 4933 5347 5713 5363 5230 5113 4872 5252 5422 5425 5463 5345 5464
5235 5037 5461 4785 5324 4927 5427 5206 4643 5270 5025 4849 5049 4708 5363 4936 5434 5135 5038 5557 5167 5178 4866 4709 4880 5030 5399 4812 5379 4818 4917 5328 4869 5120 4853 4864 5134 4872 5016 5287 4864 5310 4884 4855 5251 5269 5333 5391 5067 5297 5149 5299 4777 5493 4693 4806 5058 4925 5286 5512 5117 5031 5171 5554 5329 4698 5003 4826 4925 5460 5037 4994 5148 4521 5129 5057 5070 4780 5409 5330 5356 4886 5165 5335 4886 5080 4993 5098 5031 5224 5161 5231 5061 5182 5070 5043 5139 4822 5061 5076 5126 5047 5685 5152 4336 5143 5131 5210 5203 5193 5011 4995 4361 4957 5286 5149 5044 5262 5148 5127 5090 4930 5373 5094 5079 4978 5084 5272 4979 4969 5537 4837 4884 5009 5538 4960 5266 4646 5285 5297 5014 5123 4802 5518 5366 5470 5503 5521 4830 4567 4841 5065 4904 5577 4640 5419 4854 4857 4966 5215 5317 4884 5145 5065 4875 5077 5369 4678 5567 5133 4923 5024 4672 5004 4851 5053 5076 4641 5189 4820 5218 4909 5267 5314 4789 5216 5401 4761 5268 4733 5101 5173 5181 5151 5327 5661 5098 5166 5375 4887 5600 5127 5114 4940 4962 5009 5775 5828 5241 5357 5005 5351 5553 5179 4897 5088 5403 5022 5171 5046 5200 5285 5126 5271 5554 5210 5363 5229 4993 4410 4723 5141 4878 5349 5232 4901 4877 4891 5082 5216 5156 5290 5195 4726 4905 5231 5082 5143 4955 4665 5027 5327 5632 5123 5097 4981
5206 5074 5616 4995 5262 5060 5559 5401 4698 5104 5387 4899 5320 5165 5380 5065 5486 5620 5140 5594 5184 5234 4636 4991 4786 5238 5436 5058 5701 5115 5302 5424 5343 5191 5158 5598 5637 5293 5310 5473 5387 5442 5099 5480 5423 5598 5294 5323 5392 5345 5543 5176 5048 5217 5061 5394 5462 5238 5706 5455 5515 5226 5457 5445 5546 4693 5065 5044 4964 5773 5450 5540 5437 4487 4959 5281 5482 5130 5661 5483 5341 5291 5325 5300 5144 4998 5281 5231 5296 5280 5362 5316 5450 5770 4781 5182 5362 4975 5244 5006 5444 5195 5603 4990 4933 5024 5240 5502 5372 5247 5370 5038 4960 5171 5471 5542 5279 5297 5326 5286 5321 4917 5218 5056 5364 5041 5497 5594 5358 5201 5772 5311 5363 5030 5579 5215 5699 4967 5509 5248 5386 5555 5009 5677 5573 5590 5637 5734 5051 4709 5014 5246 4936 5538 5063 5642 5042 5246 5252 5539 5345 4852 5390 5166 5232 5241 5559 4961 5528 5351 5292 5157 4768 5051 4840 5476 5107 4802 5393 5280 5215 5175 5052 5448 4756 5564 5284 4844 5675 4872 4981 5543 5219 5312 5514 5674 5183 5266 5411 5088 5685 5461 5234 4924 5375 5188 5854 5428 5295 5502 5175 5608 5402 5255 5252 5297 5547 5328 5070 5561 5251 5484 5210 5147 5376 5393 5423 5255 5534 4565 4942 5111 4963 5209 5186 5238 5020 5059 5200 5681 5324 5430 5197 4966 5127 5510 5223 5234 5108 4732 5237 5483 5699 5406 5309 5014
5158 4922 5087 4768 5120 4797 5306 5444 4771 5068 5334 4634 5152 4846 4985 4633 4967 5367 4818 5528 5425 5041 4874 4710 4571 5232 5408 5014 5425 5047 5041 5219 5271 4915 4883 5267 4943 4861 4862 5277 5210 5477 5012 5237 5391 5206 5386 5358 5014 5092 5186 4680 4785 5108 5016 5349 5082 5020 5682 5315 5325 5159 5183 5449 5184 4649 4935 4965 4946 5749 5289 5101 5062 4252 4871 4740 4939 4770 5220 5345 5192 4930 5149 5131 5197 4879 5259 5347 4717 4914 5102 5152 5287 5569 4999 4924 5172 4830 5370 4997 5370 5286 5557 4863 4376 5037 4853 5084 4909 5119 5259 5186 4726 4949 5100 5171 5249 4940 4922 4969 5057 4695 4822 5262 4970 5118 5282 5320 5343 5104 5229 4980 4761 5204 4956 4955 5521 4879 5460 5134 5069 5512 5041 5251 5256 5375 5643 5336 5117 4824 4857 5007 4474 5361 4652 5078 4899 4760 5111 5096 5084 4886 5277 5003 4951 5296 5240 4676 5148 5342 5068 4970 4470 4664 4936 4925 5228 4734 5167 4962 4947 5166 4899 5369 4406 4971 5198 4716 5433 4737 4832 5384 4864 5049 5760 5431 5110 4982 4995 4653 5630 5399 4823 5081 5066 5147 5636 5469 5094 5056 4736 4881 5275 5339 5003 4826 5105 5244 4601 5375 5144 5386 4893 5256 5187 5205 5094 5188 5218 4390 5228 5277 4964 5301 5007 5102 4877 4458 4900 5160 5079 5272 5246 4940 5021 5220 4839 5083 4608 4661 5313 5305 5241 5010 4942 4945
5037 4813 5071 4685 4785 4891 5178 5311 4450 4934 4695 4505 5059 4553 4782 4534 4955 4732 4761 4999 5081 4899 4681 4635 4348 4902 5076 4748 5232 4898 4856 4966 4918 4663 4664 5341 5011 4864 4723 5284 5042 4938 4632 4890 5284 4926 5191 5051 4863 4880 4987 4860 4712 4989 4963 4985 4820 4935 5395 5192 4816 4885 4891 5102 4973 4535 4903 4495 4660 5046 5164 5010 5047 4477 4685 4736 4809 4845 5147 5240 5126 4703 5011 4882 5115 4459 4678 5194 4641 4736 5054 5082 5018 4946 4728 4643 4881 4557 4919 4930 5009 4720 5510 4897 4520 5023 5055 4872 4604 4968 5139 4772 4301 4847 4985 4961 4913 4792 4992 4757 4838 4743 4734 4775 4973 5118 4850 5144 4804 4959 5026 4859 4785 4998 5012 4986 5510 4909 4870 5043 5002 5053 4598 4971 4963 5337 5178 5298 4448 4440 4989 4913 4774 5197 4498 5180 4888 4779 4782 4812 5233 4821 4893 4899 4905 4814 5139 4126 4976 4777 4762 4814 4548 4737 4789 4749 5178 4516 5056 4770 4678 4873 4515 5197 4394 5076 5154 4643 5255 4518 4733 4799 4731 5091 5143 5338 5151 4715 4765 4428 5387 5116 4987 4777 4785 4863 5142 5296 4806 4795 4549 4979 5179 4903 4649 4896 4987 5102 4549 5083 5013 5039 4529 4904 4715 5170 5021 4909 4905 4291 4807 4824 4798 4983 4987 4773 4416 4920 4844 4976 4697 5229 5114 4617 4673 5044 4619 4944 4776 4605 4838 5009 5110 4976 5016 4996
5422 5160 5325 4798 5393 4881 5660 5503 4770 5481 5373 5032 5038 5140 5446 5007 5346 5289 4910 5691 5354 5415 5029 5092 5138 5627 5658 4891 5597 4742 4982 5377 5173 4974 5204 5269 5455 5309 4932 5453 4921 5556 5127 5218 5711 5529 5564 5338 5146 5059 5433 5381 5286 5490 5246 5154 5599 5304 5716 5739 5271 5347 5139 5705 5434 5040 5209 5083 4888 5713 5582 5410 5324 4676 5290 5172 5461 5399 5410 5424 5379 4885 5271 5263 5259 5044 5226 4901 4972 5121 5146 5289 5182 5459 5302 4869 5058 5102 5502 5224 5554 5213 5514 5001 4761 5287 5362 5268 5138 5555 5307 5242 4801 4935 5406 5379 5061 5173 5517 5399 5366 5277 5117 5387 5424 5215 5352 5485 5332 5437 5619 5384 5170 5433 5294 5469 5378 4864 5550 5416 5225 5516 5132 5560 5556 5523 5677 5534 5152 4775 5048 5334 4905 5955 4798 5499 5209 4743 5384 5104 5336 5102 5534 5250 5078 5193 5560 4858 5467 5565 5060 5533 4834 5033 5124 5085 5307 4802 5261 5023 4941 5070 5170 5785 4797 5092 5127 5031 5546 5193 5134 5489 5154 5221 5348 5534 5188 5112 5270 5263 5577 5930 5238 5284 5089 5345 5822 5774 5367 5497 4970 5370 5403 5355 4972 5285 5222 5302 5093 5274 5215 5464 5296 5389 5421 5768 5422 5154 4935 4659 5374 5515 5164 5354 5180 5211 5259 5042 5090 5474 5288 5574 5377 4887 5297 5483 5237 5045 4894 4973 5335 5467 5511 5453 5026 5382
5295 5234 5666 5087 5181 5204 5535 5553 4594 5332 5143 4977 5172 5056 5638 4860 5338 5190 4947 5420 5448 5571 4920 5014 4996 5322 5361 5032 5667 5218 5419 5455 5201 5254 4974 5385 5343 5242 5088 5333 5284 5493 5106 5288 5554 5088 5415 5588 5300 5307 5636 5066 4916 5563 5094 5227 5237 5442 5714 5652 5209 5163 5417 5311 5389 4870 5447 5179 4907 5553 5413 5539 5458 4702 5164 5283 5323 4839 5428 5694 5242 5071 5326 5410 5280 5067 5284 5276 5055 5008 5340 5410 5436 5355 4862 5268 5425 5150 5209 5091 5524 5294 5876 5181 4592 5077 5552 5237 5229 5403 5206 5280 4689 5200 4950 5533 5171 5123 5254 4944 5293 4967 4923 5227 5201 5119 5196 5432 5154 5307 5644 5261 5385 5155 5664 5339 5451 4984 5548 5423 5119 5388 5196 5507 5531 5958 5773 5529 4964 4818 5276 5136 4949 5475 4749 5565 5233 4607 4900 4989 5392 5167 5216 5298 5284 5171 5392 4695 5508 5217 4957 5213 4802 4881 5025 5007 5517 4595 5232 4988 5231 5092 5075 5365 4869 5310 5583 5146 5706 5104 5081 5397 5078 5335 5435 5634 5366 4964 5033 4768 5782 5416 5310 5200 5186 5367 5538 5755 5246 5273 5158 5437 5438 5317 4953 5240 5522 5524 5229 5261 5430 5726 5240 5380 5019 5382 5470 5198 5374 4474 5292 5598 5240 5608 5344 5171 5138 5093 4996 5353 5020 5426 5571 4947 5247 5424 5111 5154 5166 4983 5328 5267 5472 5056 5135 5431
5228 4769 5316 4682 4931 4768 5326 5533 4408 5089 5099 4873 5046 4610 5106 4683 5200 5085 5037 5549 4990 5042 4652 4873 4864 5176 4945 4911 5340 4826 5047 5105 5196 4869 4917 5264 5221 4884 4994 5262 5110 5176 4773 4981 5340 5013 5105 5119 5060 5073 5212 5003 4936 5146 4938 5153 5017 5175 5375 5356 5073 4898 5017 5399 5424 4676 5054 4791 4746 5523 5257 5248 5319 4498 4937 4904 5179 4967 5170 5334 5191 4886 5105 5056 4931 4856 5107 5241 4859 5027 5136 5153 5238 5135 4829 4956 4994 4953 5098 4747 5349 4896 5511 4966 4873 4953 4995 4751 4868 5281 5077 4967 4420 4897 5143 5270 4817 5096 5209 4911 5172 4833 5097 4776 5023 4904 4777 4977 5032 5066 5458 5026 5019 5315 5277 4964 5295 4669 5334 5095 5241 5197 4702 5349 5148 5200 5303 5438 5229 4250 4928 5028 4740 5534 4541 4907 5008 4890 4970 4898 5051 4549 5078 5081 5142 5025 5280 4616 5385 5359 5089 5049 4610 4820 4731 5006 5325 4621 5173 4758 4825 4892 4940 5342 4548 5039 5192 4615 5263 4899 5026 4887 4926 4926 5374 5129 5173 4751 4989 4934 5567 5385 5100 4541 5335 5014 5523 5146 5039 5088 4817 4914 5365 5110 5096 4794 5255 4968 5007 4952 5537 5366 4970 4902 4949 5231 5063 5106 5140 4394 5336 5179 4832 5259 5080 5129 4971 4794 4895 4980 5073 5061 5193 4795 4914 5020 4969 4919 5110 4631 5060 5461 5584 5051 4753 5125
5849 5521 5825 5047 5658 5367 6069 5728 5008 5756 5674 5242 5729 5335 5649 5296 5949 5560 5271 5857 5542 5293 5196 5239 5168 5713 5951 5327 6158 5287 5352 5926 5659 5385 5648 5893 5708 5416 5261 5966 5462 5831 5405 5345 5812 5839 5945 5977 5374 5769 5674 5757 5365 5839 5516 5541 5762 5608 6051 5860 5728 5465 5631 5980 5800 5205 5694 5083 5479 6012 6099 5693 5979 4970 5674 5496 5478 5110 5784 5904 5868 5352 5786 5627 5460 5365 5738 5584 5500 5469 5694 5654 5967 5586 5692 5441 5562 5322 5742 5451 5626 5441 6092 5491 4974 5523 5661 5654 5413 5895 5687 5397 5038 5094 5846 5711 5322 5685 5745 5664 5326 5468 5705 5540 5704 5677 5561 5851 5380 5517 6132 5682 5619 5728 5891 5576 6067 5204 5658 5634 5787 5613 5458 5894 5819 5707 5896 5980 5623 4992 5352 5607 5384 6194 5253 6099 5380 5301 5383 5540 5533 5230 5680 5655 5519 5511 5891 4860 5712 5902 5506 5431 5236 5509 5530 5560 5583 5206 5902 5467 5356 5609 5640 5755 5116 5606 5718 5105 5883 5322 5477 5788 5386 5576 6061 6047 5659 5365 5674 5276 6254 6030 5541 5209 5584 5562 6118 5795 5887 5845 5252 5903 5791 5542 5522 5420 5641 5805 5209 5602 5698 5967 5486 5870 5602 5637 5577 5497 5586 4879 5715 5684 5712 5722 5470 5779 5461 5255 5613 5852 5612 5705 5606 5361 5407 5961 5226 5352 5353 5154 5361 5892 5933 5660 5661 5701
5273 5031 5522 4690 5386 4924 5449 5489 4769 5373 5330 4842 5326 5381 5413 4673 5156 5169 5081 5586 5195 5127 4870 4982 4910 5349 5261 4859 5576 5031 4947 5374 5164 4995 5229 5468 5245 4939 5039 5288 5215 5381 5001 5096 5652 5289 5367 5365 5251 5320 5340 5190 5183 5394 5171 5293 5323 5128 5562 5583 5337 5386 5052 5707 5424 4576 5093 4864 5049 5487 5240 5260 5206 4460 4968 5137 5553 5303 5606 5424 5297 4915 5174 5108 5440 5319 5126 5223 4789 5146 5289 5404 5433 5352 4979 4657 5323 5174 5381 5326 5373 5151 5711 4975 4923 5062 5230 5036 5202 5473 5143 4993 4782 5078 5324 5239 5336 5302 5133 5336 5375 4796 5424 5214 4987 4982 5245 5269 5306 5291 5810 4993 5193 5296 5200 5229 5408 5032 5263 5437 5234 5592 5011 5287 5340 5634 5712 5515 5217 4606 5025 5438 5041 5659 4793 5335 5212 4808 5063 5299 5354 4997 5253 5379 5047 5294 5295 4918 5317 5336 5006 5270 4542 4952 4773 5337 5066 4743 5409 4806 5083 5071 5024 5643 4553 5273 5373 5064 5656 4896 5144 5450 5194 5144 5422 5418 5017 4981 4959 5103 5735 5496 5334 5169 5197 5375 5592 5653 5093 5390 4958 5397 5222 5320 5040 5196 5535 5330 5004 5329 5378 5156 5113 5054 5308 5341 5461 5194 5172 4734 5264 5349 5043 5455 5028 5020 5139 4965 5201 5546 5117 5327 5183 4870 5359 5413 5166 5048 4967 4773 5262 5462 5408 5426 4861 5233
5125 4885 5340 4831 4979 4947 5257 5416 4492 4963 4982 4725 5114 4789 5140 4446 5124 5452 4988 5345 5145 5156 4691 4690 4462 5274 5270 4813 5395 4838 4994 5366 5116 4963 4942 5291 5019 4910 5113 5236 4939 5200 4994 5118 5234 5130 5075 5096 5105 5276 5246 4827 4955 5294 4869 5218 5141 5098 5491 5408 5100 4599 5287 5294 5415 4776 5103 4797 5165 5363 5350 5125 5478 4454 4793 4871 5052 4915 5518 5380 5209 4763 5175 4990 5137 5200 5073 5256 4734 4956 5142 5360 5250 5515 4886 4935 5202 5064 5170 5015 5413 5000 5523 5253 4671 5020 5022 5117 4970 5273 5204 5008 4551 4979 5103 5211 5080 4963 4897 4944 5154 4790 4977 5024 4992 5049 4960 5003 5208 4910 5258 4742 4954 5097 5112 5155 5283 5019 5366 5078 5203 5359 4806 5393 5191 5265 5614 5436 4969 4422 4927 4971 4576 5386 4682 5239 4857 4859 4818 5247 5433 4868 5296 5220 4925 5064 5323 4529 5383 5121 5156 4986 5004 4978 4848 4959 5228 4664 5018 4844 5037 4893 4963 5292 4463 4964 5221 4401 5506 4797 4894 5004 4896 5001 5393 5478 5112 4696 4830 4909 5548 5299 4983 5084 4835 5163 5683 5486 5323 5313 4867 5422 5364 5073 4875 5060 5371 5418 4756 5138 5010 5391 4985 5130 5547 5300 5366 5080 5165 4435 5056 5052 5256 5165 5119 5267 4632 4854 5122 5221 5043 5333 5098 4896 5048 4994 4931 5211 4889 4761 5102 5327 5372 4930 4868 5153
5218 5052 5727 5257 5367 5038 5385 5474 4824 5344 5196 4954 5227 5135 5550 5094 5453 5212 4865 5385 5234 5492 4787 5128 4716 5546 5312 4827 5753 5019 5244 5273 5356 5027 5114 5326 5365 5123 4966 5315 5388 5258 5313 5318 5079 5434 5399 5478 5165 5413 5216 5091 5340 5355 5140 5161 5294 5490 5489 5566 5380 5374 5596 5732 5872 4961 5489 5096 5159 5630 5459 5249 5778 4641 5229 5133 5173 5203 5365 5479 5614 5133 5280 5464 5320 5163 5320 5499 4895 5140 5281 5250 5558 5477 5069 4922 5107 4919 5390 5186 5715 5519 5841 5422 4577 5519 5198 5264 5144 5498 5247 5085 4784 5157 5313 5379 5490 5181 5598 5168 5061 5084 5085 5513 5100 5199 5458 5373 5200 4958 5781 5283 5508 5373 5579 5486 5560 5067 5316 5397 5620 5456 5097 5597 5209 5493 5598 5501 5105 4632 5106 5025 4947 5770 4840 5491 5257 4812 5347 4991 5364 4929 5362 5529 5423 5374 5218 4759 5434 5141 5237 5105 4829 5116 5089 4937 5553 4768 5214 4868 4888 5344 5063 5423 4708 5485 5414 5246 5637 5235 5004 5417 4885 5360 5637 5729 5456 5163 5039 5205 6139 5583 5282 5036 5364 5199 5548 5529 5518 5444 5016 5334 5451 5398 4944 5330 5352 5321 4845 5374 5192 5468 5151 5347 5559 5331 5558 5390 5244 4604 5373 5217 5021 5445 4903 5517 5229 4962 4924 5352 5107 5499 5240 4704 5218 5313 5128 5168 5176 4981 5296 5352 5500 5297 5382 5245
5250 4862 5139 4667 4969 4687 5350 5335 4629 5241 5214 5035 5091 5180 5191 4608 5106 5310 4921 5593 5010 5134 4750 4831 4365 5311 5270 4823 5523 5013 4766 5226 5245 5160 5060 5218 5164 4951 4866 5263 5148 5413 4798 5045 5309 5038 5239 5424 5201 5355 5182 4894 5158 5213 5056 5178 5409 5042 5723 5357 5194 4707 4970 5455 5440 4673 5058 4658 5015 5257 5158 5213 5402 4317 4971 4962 4933 5101 5279 5294 5195 4735 5174 5103 5199 5041 5038 5111 4655 5003 5126 5291 5402 5269 5044 4801 5083 4839 5375 5075 5125 5099 5521 5079 4748 4886 5231 5206 5089 5216 5051 5284 4492 5029 5234 5463 4885 5135 5311 4927 5151 5021 4936 5105 4940 5226 5236 5170 4940 5177 5430 5313 5245 5265 5175 5087 5409 4704 5468 4962 5119 5223 5110 5399 5332 5081 5504 5104 4854 4590 5048 5059 4587 5468 4406 5285 4910 4871 5136 4996 5292 5043 5238 5198 4953 5033 5224 4536 5167 5216 4787 5322 4655 4955 4802 5205 5151 4759 5370 4958 4862 4733 5037 5083 4522 4949 5234 4789 5550 4739 5032 5209 5119 5133 5256 5386 5098 5080 5076 4772 5581 5365 5053 4907 5001 5258 5834 5345 5287 5119 4830 5262 5324 5332 5008 4659 5290 5350 4953 5092 4937 5545 4917 5022 4998 5160 5189 5303 5055 4441 5141 5270 5098 5015 5092 5180 4829 4454 5147 5131 5199 5241 5191 4877 5009 5099 4850 5106 4776 4921 5066 5327 5366 5122 5083 5158
5366 5069 5551 4665 5363 4985 5506 5317 4659 5274 5205 4646 5041 4835 5262 4834 5329 5398 4878 5592 5255 4971 4968 4709 5083 5277 5494 4823 5142 4915 5232 5238 5084 5060 5093 5289 5335 5136 4906 5219 5266 5350 4917 5203 5718 5441 5187 5181 5069 5322 5607 5150 4926 5315 5009 5461 5351 5229 5573 5418 5390 5249 5127 5439 5499 4881 4963 4711 4799 5766 5502 5218 5408 4531 5044 5046 5389 4932 5509 5539 5484 5144 5212 5377 5109 5044 5246 5175 4978 4896 5436 5101 5508 5357 4897 4992 5261 4988 5064 4837 5513 5125 5545 5246 4698 5302 5179 5032 5037 5416 5142 4934 4819 4857 5516 5202 5136 5273 5059 5152 5419 4917 5370 5277 5123 5006 5194 5218 4893 5221 5225 4850 5166 5241 5708 5095 5453 4977 5578 5290 5311 5711 4990 5477 5510 5532 5736 5557 4984 4624 4936 5333 4949 5683 4878 5137 5084 4841 5107 5026 5181 4875 5213 5146 5146 5259 5432 4604 5388 5284 4909 5122 4755 5016 5003 5298 5125 4890 5159 4722 5143 5161 5027 5468 4966 5184 5439 4931 5651 5018 4892 5166 4693 5190 5533 5536 5130 5268 5210 4970 5718 5383 4882 5195 5040 5137 5502 5203 5260 5332 5020 5408 5525 5023 4929 5261 5458 5210 5214 5282 5460 5435 5035 5267 5094 5500 5352 5128 5400 4397 5104 5263 5189 5281 5154 5167 4958 4943 5190 5355 5288 5393 5159 4854 5005 5181 5331 5267 4798 4881 5282 5255 5171 4939 5248 5266
5044 4652 4799 4515 4767 4539 5051 4840 4640 4930 4759 4505 4591 4648 4834 4630 4686 4879 4452 5191 4732 4903 4584 4435 4322 4692 4981 4594 5074 4405 4570 4766 4600 4619 4609 4857 4697 4510 4592 5083 4842 4798 4869 4855 4958 4738 5028 4816 4650 4841 4919 4738 4546 4796 4677 4623 4956 4918 4993 4966 4869 4706 4636 5228 4862 4584 4786 4547 4427 5291 5031 4983 4799 4309 4686 4578 4891 4770 4896 5188 4733 4530 4936 5123 4637 4679 5078 4695 4555 4647 4830 4537 4875 4958 4729 4371 4931 4370 4590 4718 5145 4767 4880 4878 4133 4793 4840 4781 4460 4915 5061 4643 4201 4553 4544 4723 4710 4697 4912 4567 4623 4517 4911 4846 4696 4707 5029 4914 4662 4760 4953 4941 4647 4823 4973 4701 5123 4357 5245 4778 4629 4844 4536 5022 4911 4697 5311 4915 4403 4280 4828 4478 4151 5123 4350 4938 4868 4464 4803 4804 4604 4618 4681 4749 4453 4903 5103 4127 4984 4803 4643 4501 4177 4629 4404 4789 4937 4172 5177 4595 4672 4745 4569 5055 4418 4878 4744 4591 4878 4596 4679 4799 4803 4637 4884 4967 4865 4651 4356 4494 5394 5010 4960 4897 4662 4579 5119 5099 4686 4884 4537 4761 4866 4818 4535 4687 4836 5227 4542 4696 4561 4886 4715 5006 4716 4867 4963 4841 4792 4134 4673 4967 4629 5005 4730 4722 4910 4627 4746 4845 4665 5221 5004 4208 4939 4702 4535 4679 4523 4337 4704 4764 4897 4762 4737 4691
5220 4984 5443 4868 5442 5102 5552 5477 4814 5209 5267 4869 5360 5201 5564 4906 5232 5382 5220 5721 5425 5387 4866 5005 4856 5433 5708 4960 5781 5113 5210 5850 5269 5311 5015 5722 5710 5140 5121 5500 5293 5428 4924 5322 5576 5335 5682 5521 5109 5608 5663 5302 5234 5649 5321 5433 5526 5138 5664 5687 5443 5364 5576 5698 5603 4776 5148 5109 5076 5933 5464 5307 5597 4469 4859 5239 5668 5284 5732 5464 5316 5209 5440 5479 5387 5114 5371 5302 5235 5285 5270 5420 5554 5491 5077 5052 5230 5147 5467 5407 5872 5331 5818 5331 4801 5076 5320 5288 5456 5516 5216 5438 5114 4856 5473 5406 5401 5464 5399 5064 5208 5181 5476 5342 5337 4901 5454 5468 5353 5470 5737 5132 5274 5406 5514 5334 5591 5208 5490 5098 5487 5765 5054 5789 5769 5621 5886 5628 5363 4789 5179 5453 5064 5698 4876 5234 5150 5090 5035 5034 5528 5055 5452 5170 5064 5128 5550 4905 5539 5213 5286 5199 4836 5344 5382 5524 5454 5070 5499 5007 5216 5249 5180 5558 4917 5130 5588 5063 5716 5046 4917 5283 5183 5118 5723 5629 5154 5246 5265 5223 5760 5729 5230 5132 5214 5284 5930 5663 5473 5457 5155 5434 5617 5253 4975 5210 5515 5340 5223 5455 5387 5808 5193 5083 5504 5613 5384 5411 5263 4547 5273 5287 5390 5416 5072 5381 5119 4974 5200 5356 5233 5682 5308 5097 5482 5539 5325 5366 4867 4751 5504 5552 5720 5259 5142 5168
5097 5017 4871 4758 4900 5109 5526 5059 4479 5081 4976 4833 4940 4346 5183 4728 5073 5052 4691 5258 5048 4903 5064 4665 4804 5013 5148 4928 5098 4602 4564 4909 4797 4810 4861 5121 4934 4851 4914 5261 4838 5233 4865 5061 5412 5170 5056 5022 4774 4946 4974 4987 4764 4974 4899 5022 5291 5009 5358 5295 5306 4801 4982 5240 5300 4690 5240 4794 4787 5161 5358 5082 5343 4311 4936 5062 4966 4633 5268 5004 5232 4689 4910 5207 4991 4719 5040 4976 4932 4978 4904 5041 5260 5301 4833 4979 4940 4614 5056 5040 5061 4726 5474 4936 4614 5053 5047 4892 4998 5175 5238 4962 4467 4927 5006 4834 4959 4669 4744 4851 4983 4995 5072 4996 5007 5026 5011 5338 5043 5296 5296 5069 4832 5057 5122 5095 5570 4888 5145 5315 4974 5271 4917 5367 5243 5324 5577 5223 4967 4563 5105 5087 4778 5160 4612 5347 4952 4759 5090 5065 5100 4872 5023 4878 4818 5298 5295 4353 5198 5160 4723 4989 4689 4938 4842 5043 4935 4573 5215 4889 4814 4850 5046 5312 4381 4977 4899 4735 5061 4731 4920 5018 4893 4944 5444 5352 4863 4879 4846 4765 5797 5263 4970 4921 4744 5071 5466 5497 5035 4964 4884 5041 5222 4989 4965 4805 5026 5561 5014 5162 4783 5164 4722 4884 4994 5228 5057 5025 5057 4259 4808 5221 4841 5078 4904 4939 4835 4836 4792 5388 4773 5356 5206 4585 4787 5197 4741 4955 5081 4628 4991 5283 5270 5112 4763 4872
4976 4663 5092 4674 4912 4378 5257 5169 4318 4838 4846 4768 5013 4467 5058 4645 4824 4819 4466 5355 5006 4801 4660 4704 4503 4763 5181 4666 5096 4398 4695 4941 5089 4743 4769 5165 4970 4941 4577 5082 4682 5092 4544 4678 5144 5274 5019 4998 5051 4934 5016 4779 4861 5103 4526 4753 4995 4814 5451 5027 4632 4950 4938 5017 5103 4562 4729 4664 4563 5202 4905 5056 5017 4157 4673 4543 4808 4810 4967 5169 5062 4671 5105 4979 4902 4561 4946 4862 4701 4863 5150 5166 4951 5109 4514 4872 4860 4852 4923 4899 5160 4887 5226 4712 4459 4774 5106 4706 4710 5023 5016 4835 4411 4582 5035 5042 4667 5034 4662 4816 4773 4741 4948 5073 4815 4943 5055 4987 4912 4812 5396 4895 4700 4910 5020 4636 5107 4680 5159 4931 4883 5153 4727 4887 4893 5264 5113 4984 4627 4467 4571 4744 4520 5134 4469 5151 4678 4723 4922 4852 4957 4560 4982 4935 4864 4676 5070 4453 5103 4771 4587 4677 4660 4824 4635 4831 5040 4453 4791 4632 4603 4609 4726 5168 4504 4786 5003 4716 5108 4583 4642 5138 5011 4871 5235 5052 4772 4513 4889 4452 5252 5272 4610 4909 4803 4778 5411 5074 4695 4860 4537 5100 5156 4848 4666 4603 4834 4953 4841 4816 5217 5145 4646 4869 4865 5228 4828 4869 4851 4290 4959 4947 4673 4701 4997 5025 4712 4636 4820 4972 4986 4957 4776 4806 4491 5006 4743 4844 4475 4399 4748 4955 5162 5028 4564 4967
5422 5426 5447 4939 5452 4909 5634 5181 5147 5354 5004 5045 5292 4996 5490 5269 5575 5383 5105 5626 5358 5539 4933 5172 4964 5352 5473 5256 5852 5263 5196 5549 5598 5250 5224 5588 5535 5173 5061 5662 5179 5293 5362 5228 5773 5382 5740 5417 5301 5344 5606 5473 5033 5375 5101 5211 5363 5237 5706 5591 5126 5236 5410 5894 5477 5000 5356 5014 5322 5568 5735 5450 5645 4599 5091 5167 5377 5224 5698 5809 5564 4962 5404 5202 5533 5140 5257 5239 4893 5273 5463 5578 5536 5465 5140 5269 5283 5126 5605 5466 5454 5164 5625 5352 4557 5302 5669 5258 5342 5325 5353 5148 4883 5420 5400 5432 5302 5294 5367 5278 5359 5040 5217 5372 5422 5406 5337 5410 5392 5300 5804 5153 5262 5145 5680 5303 5561 4793 5555 5326 5196 5412 5055 5626 5451 5438 5830 5690 4988 4749 5218 5362 5143 5917 4889 5568 5297 4937 5107 5333 5288 5413 5475 5501 5122 5456 5404 4719 5668 5478 4869 5178 4963 5253 5091 5297 5507 4896 5648 4896 5075 5337 4922 5544 4804 5353 5604 4839 5608 5180 5389 5373 5427 5393 5686 5695 5647 5015 5422 5058 5787 5453 5400 5341 5479 5519 5986 5744 5576 5655 5151 5642 5417 5527 5114 5488 5383 5546 5397 5433 5232 5497 5399 5389 5397 5617 5701 5067 5407 4677 5423 5539 5290 5244 5203 5317 5056 5212 5295 5464 5200 5533 5427 5301 5167 5560 5016 5318 5288 4805 5345 5486 5820 5301 5305 5514
5097 4633 5042 4854 4769 4642 5063 5339 4539 4907 4985 4566 5000 4798 5091 4608 5289 4935 4659 5253 4962 5054 4690 4987 4706 4949 5141 4778 5288 4523 4952 5144 5129 4748 4766 5236 5162 4687 4806 5224 4891 4961 4666 4680 5251 5043 5264 5354 4833 5173 5068 4815 4913 5205 4880 4894 5065 4990 5510 5179 5094 4870 5051 5336 5271 4508 5142 4517 4824 5540 4977 5294 5045 4337 5035 4877 4907 4881 5357 5108 5233 4893 4880 5011 4928 4794 4945 5044 4775 4907 5194 4820 4964 5193 4910 4958 4878 4683 5050 4862 5249 4791 5518 4773 4531 4750 5074 4718 4737 4940 5060 4935 4612 4942 5216 4984 4803 5180 4923 4879 5087 4756 4946 4675 5122 4681 5092 5050 4673 5038 5382 4885 4998 4944 5124 5000 5276 4991 4965 4902 5000 4971 4637 5167 4994 5317 5323 5213 5064 4418 4775 5090 4632 5516 4859 5050 4841 4711 4622 5034 4989 4910 4872 5062 5017 5182 5292 4205 4910 5215 4684 5059 4420 4894 4861 5000 4986 4590 5258 4732 4949 5065 4708 5534 4339 4976 4943 4686 5258 4621 4935 5164 4976 4624 5286 5450 5049 4880 4994 4524 5494 5079 4890 4799 5013 4805 5441 5141 5133 5072 4856 4978 5201 4620 4763 4920 5164 5074 4710 4945 5185 5290 4727 4912 4822 5091 5063 5040 5138 4263 5077 5135 4823 5288 4671 4941 4904 4938 4888 4973 5129 5235 4947 4766 4605 5051 4947 4806 4970 4585 5099 5138 5269 4932 4900 5105
4651 4552 4919 4338 4766 4668 4990 4686 4255 4898 4556 4418 4616 4480 4848 4677 4793 4486 4367 4926 4543 4768 4481 4278 4297 4809 4717 4718 4930 4470 4739 4615 4722 4644 4651 4538 4961 4646 4392 4965 4525 4721 4617 4617 5222 4916 4753 5209 4647 4804 4831 4721 4436 4797 4728 4741 4862 4654 5007 4769 4515 4474 4825 4947 4941 4189 4611 4440 4439 5227 4839 4951 4727 4014 4461 4553 4900 4544 5045 4851 4981 4479 4927 4670 4737 4547 4628 4671 4330 4629 4758 4774 4810 4893 4546 4571 4484 4146 4854 4380 4758 4482 5052 4705 4221 4679 4891 4677 4627 4837 4698 4637 4068 4346 4910 4852 4689 4790 4821 4779 4647 4573 4652 4856 4850 4794 4635 4977 4684 4743 5126 4821 4832 4738 5050 4713 4878 4509 4951 4767 4723 4925 4600 4764 4976 5000 5273 5050 4590 4272 4804 4582 4542 5176 4434 4891 4623 4529 4717 4681 5115 4333 4678 4701 4623 4724 5046 4134 4813 4681 4337 4517 4301 4299 4389 4853 4773 4028 4797 4629 4569 4520 4490 5138 4339 4659 4820 4563 4997 4502 4585 4817 4555 4709 4859 4948 4716 4636 4560 4325 5140 4830 4994 4674 4633 4754 5441 5048 5084 4804 4616 4790 4895 4706 4471 4639 4922 5252 4559 4651 4690 4936 4562 4777 4872 4915 4947 4835 4689 3881 4823 4719 4537 4693 4632 4705 4347 4418 4640 4908 4415 5140 4744 4452 4856 4844 4687 4609 4424 4329 4755 4875 4949 4883 4528 4559
5172 4932 5246 4753 5068 4666 5544 5267 4716 5272 4947 4913 5169 4709 5342 4697 5096 5057 4985 5581 5147 5084 4898 5065 4723 5000 5382 4894 5409 5010 5155 5304 5317 5095 5262 5509 5323 4858 5055 5212 4938 5423 4902 5251 5460 5079 5103 5482 5115 5351 5206 5139 5035 5090 5115 5199 5243 5193 5384 5143 5227 5117 5246 5386 5263 4747 5035 5082 5073 5570 5232 5244 5163 4461 4809 4789 5319 5132 5263 5347 5258 4967 5263 5124 5373 5203 5317 5334 4996 5333 5273 5253 5126 5525 4635 5080 5114 4981 5117 4964 5575 5096 5849 5317 4657 5225 5200 5374 5169 5298 5331 5066 4810 5018 5362 5288 4900 5170 5209 4836 5250 5074 5123 5159 5245 5076 5196 5195 4987 5263 5515 5088 5191 5379 5526 5036 5406 4935 5422 5309 5151 5551 4975 5423 5430 5417 5444 5504 5021 4656 4986 5222 4761 5436 4574 5277 5400 4962 5331 5104 5408 5158 5265 5384 4921 5040 5376 4595 5451 5209 4833 4947 4799 4903 5079 5169 5380 4629 5523 4850 4903 4955 4836 5295 4822 5078 5241 4842 5364 4927 4942 5275 4963 5076 5391 5499 5226 4905 5125 5022 5628 5343 5098 4912 5104 4963 5717 5211 5426 5433 4839 5068 5463 5164 4823 5026 5420 5493 4896 5285 4805 5485 5081 5201 5376 5667 5344 5207 4999 4463 5123 5106 4793 4984 5185 5123 4688 4907 5170 5348 5094 5369 5171 4954 5105 5101 5034 5089 4878 4720 5475 5181 5475 5118 5058 5084
4886 4707 5070 4780 5016 4707 5263 5147 4622 5095 4859 4825 4967 4812 5179 4690 5205 4747 4809 5239 5314 5092 4699 4533 4632 5022 5031 4833 5236 4891 4812 5059 4840 4998 4822 5145 5035 4626 5043 5228 4995 5096 4950 5103 5572 4970 5112 5146 4926 5105 5338 4882 4800 5111 4758 5093 5156 5156 4936 5199 5000 4897 4941 5122 5049 4630 4894 4564 4555 5333 5329 5000 5178 4416 4861 4905 4925 4661 5181 5152 4974 4560 5074 5019 4907 4788 5033 4898 4533 4810 4977 4972 5219 5031 4905 4911 5121 4729 4832 4685 5091 4872 5340 4706 4627 4895 4913 4917 5124 5084 5122 5082 4613 4886 5125 5145 4796 4929 4900 4909 4943 4786 4924 4947 4999 4964 5301 5249 5114 4850 5171 5162 4952 5139 5290 5035 5283 5051 5454 5086 5124 5214 4593 5143 5151 5027 5241 5336 4688 4593 5059 5040 4687 5392 4634 4943 4866 4779 4763 4924 5326 4580 4850 5079 5128 5176 5104 4392 5322 5199 4758 4710 4544 4946 4705 4810 5003 4478 5130 5022 4645 5010 4697 5212 4684 4889 5070 4589 5490 5000 4846 5192 4565 4870 5211 5312 5005 5084 4959 5026 5688 4887 4921 4818 5147 5103 5243 5122 5063 5149 4933 4868 5295 5083 4587 4813 5303 5223 4966 4743 5153 5120 4914 5002 4864 5270 5319 5250 4945 4329 5001 5206 4775 5223 4937 4832 4860 4916 5079 5053 4857 5000 5011 4514 5058 5128 4921 4879 4742 4572 5036 5265 5059 5003 4934 4855
4886 4787 5377 4650 5133 4772 5200 5204 4756 5141 5234 4661 4855 4904 5331 4671 5258 5201 4937 5478 4818 5229 4738 4794 4602 5087 5067 4729 5320 4717 4774 5182 5145 4910 5169 5564 5352 5280 4897 5158 5163 5100 4836 4982 5364 5347 5012 5371 5215 5152 5353 5036 4979 5446 5018 5335 5277 5040 5461 5447 5097 4922 5309 5325 5340 4798 5127 4607 4635 5396 5296 5243 5339 4372 5229 4763 5097 5017 5454 5353 5070 5107 5123 4919 5014 4947 5232 4834 4839 4928 5149 5392 5306 5228 4899 4659 5038 5074 5352 4969 5268 5107 5293 5120 5048 5003 4992 4849 4874 5159 4938 4900 4477 5030 5235 5406 4555 4964 4980 5116 5271 4674 5326 5135 5350 5265 5023 5105 5264 5052 5312 4946 4968 5308 5138 4886 5277 4852 5157 5227 5089 5519 4649 5448 5216 5574 5472 5520 5103 4616 5019 5283 4565 5642 4848 5202 5079 4658 4928 4869 5193 4642 5266 5411 5171 5230 5248 4602 5345 5241 4941 5153 4772 5246 4809 5001 5100 4764 5088 5060 4960 4990 4910 5282 4540 5286 5176 4956 5596 4908 4694 5012 4808 5208 5406 5116 5544 5135 5165 4752 5494 5498 4870 4943 5093 5104 5567 5033 5191 5096 4816 5085 5335 5195 4748 5001 5472 5080 4861 5160 5357 5440 4904 5118 5073 5248 5049 4898 5066 4504 5093 5285 5037 4984 5199 4796 4890 4979 5086 5262 5219 5176 5222 5008 5208 5221 5119 4870 4946 4894 5064 5218 5251 5203 5167 5194
5380 5199 5488 4746 5349 4991 5515 5690 4976 5262 5210 5049 5215 5248 5303 5125 5346 5484 5210 5387 5280 5415 5168 4830 4854 5445 5369 5242 5645 5218 5350 5231 5338 5153 5178 5525 5298 5346 5065 5611 5328 5214 5189 5202 5557 5699 5575 5539 5076 5243 5490 5270 5087 5265 5346 5294 5418 5420 5507 5354 5398 5027 5631 5577 5466 4894 5352 5024 4843 5958 5609 5472 5677 4568 5133 5301 5550 5205 5522 5711 5568 4892 5573 5436 5334 5208 5398 5379 5012 5326 5474 5522 5554 5642 4869 4924 5315 5136 5284 5125 5269 5143 5625 5359 4688 5240 5488 5412 5263 5692 5486 5376 4634 5170 5305 5610 5237 5265 5531 5462 5439 5136 5320 5273 5401 5225 5520 5352 5266 5390 5447 5372 5154 5736 5711 5071 5567 5062 5663 5212 5450 5398 5243 5517 5428 5511 5657 5425 4838 4772 5078 5355 4880 5747 4793 5678 5470 4900 5254 5276 5516 5264 5207 5399 5421 5208 5482 4732 5528 5169 5041 5101 4988 5115 5062 5466 5412 4943 5338 5238 5298 5329 5203 5681 4923 5169 5248 4894 5611 4876 5216 5240 5180 5469 5507 5660 5333 5154 5223 5026 5803 5484 5116 5429 5320 5115 6113 5563 5498 5491 4832 5581 5587 5189 5209 5132 5559 5666 5070 5378 5530 5793 5367 5277 5352 5621 5642 5359 5445 4714 5534 5636 5211 5331 4949 5116 5252 5043 5132 5176 5378 5521 5382 5047 5293 5450 5326 4804 5318 4816 5233 5435 5627 5415 5232 5194
4873 4760 4973 4582 4691 4638 5146 5137 4206 4741 4681 4508 4787 4529 4922 4759 4813 4950 4752 5256 4950 5013 4693 4776 4657 4925 4934 4641 5109 4832 4822 5155 4982 4864 4601 5054 5038 4930 4845 5109 4976 4962 4538 4958 5535 5016 5020 5021 5141 4968 5081 5055 4785 4890 4844 4961 5009 5042 4997 5362 5015 4766 5142 5086 5049 4504 4841 4556 4556 5230 5281 5099 5090 4292 4933 4811 5102 4771 5115 5117 4782 4573 4867 4743 4986 4655 5020 4715 4819 4762 5197 5109 5035 5110 4827 4995 4877 4659 4915 4818 4965 5124 5224 4786 4462 4743 4786 4811 4823 5265 4945 4648 4461 4834 4988 4838 4912 5079 5269 4807 4990 4708 5038 4700 4903 4980 4927 4991 4983 4953 5361 4911 4670 4957 5023 4697 5163 4769 5112 4804 5009 5055 4600 5203 5019 5195 5373 5210 4634 4382 4947 5027 4807 5173 4754 4857 4743 4641 4855 4916 5140 4541 4808 4975 4744 5220 5186 4410 5180 4961 4772 4832 4321 4796 4760 4811 4851 4585 5137 4911 4687 4502 4502 4935 4691 4686 5037 4481 4980 4860 4787 4904 4762 4982 5041 5215 5118 4887 4750 4702 5445 5079 4700 4718 5126 4891 5520 4980 4813 4981 4735 5140 5332 4914 4709 4983 5141 5032 4890 4975 5033 4998 4623 4711 4839 5297 5055 5045 5065 4283 4899 5246 4794 4742 4663 4803 4639 5022 5256 5015 4891 4833 4984 4642 4690 5072 5046 4975 4448 4723 4918 4891 5326 5031 4839 4662
5052 5083 5455 4790 5128 4961 5375 5463 4608 5404 5298 4835 5257 5041 5386 4928 5398 5070 5063 5459 5411 5070 5071 4666 5110 5283 5216 4914 5613 5053 5204 5252 5249 5256 5224 5102 5207 4748 5067 5223 5092 5314 4987 5390 5489 5490 5209 5284 5106 5363 5266 5259 4906 5268 5046 5267 5193 5288 5443 5310 5328 5039 5354 5629 5355 4836 5056 5023 4919 5543 5413 5504 5444 4746 5083 5236 5146 4723 5525 5443 5256 5035 5323 5237 5135 4759 5117 4899 4984 5079 5258 5029 4990 5209 4910 4940 5197 5065 5240 5106 5422 5056 5534 4996 4694 5166 5485 5189 5033 5362 5228 4891 4730 5111 5085 5288 5051 5287 5342 5181 4951 5005 5155 5273 5095 5004 5059 5175 5197 5405 5245 4936 5316 5336 5343 5360 5471 4822 5274 5368 5303 5433 4943 5529 5446 5324 5815 5229 4921 4824 5002 5208 4521 5440 4759 5247 5300 4868 4965 5020 5363 4876 5198 5200 5025 5436 5222 4800 5423 5278 4999 5308 4692 4925 4995 5383 5335 4638 5271 5124 5027 5229 5243 5380 4750 5169 5235 5053 5498 5108 5090 5317 5165 5155 5348 5296 5541 5138 5174 4971 5801 5616 4936 5142 4942 5039 5469 5558 5168 5313 5004 5319 5235 5080 4886 5342 5303 5369 5032 5217 5266 5601 4976 5165 5182 5460 5245 5119 4865 4584 5122 5389 5156 5416 5040 5311 5201 4756 4921 5404 4847 5420 5541 4746 5058 5201 5108 4869 4848 4849 5346 5125 5560 5089 5018 5179
5038 4860 5310 4951 5227 4824 5463 5577 4677 5212 5207 4731 5265 4945 5200 4786 5267 5272 5021 5543 5184 5159 4889 4633 4853 5163 5362 5034 5598 4855 4823 5415 5320 4964 5039 5548 5311 5178 5016 5293 5239 5444 4923 5180 5617 5310 5354 5387 5240 5498 5546 5044 4942 5717 4957 5308 5270 5212 5643 5479 5227 5044 5120 5610 5311 4849 5363 4862 5186 5627 5416 5169 5314 4577 4966 4921 4991 4925 5426 5336 5179 4982 5301 5336 5321 4944 5328 5295 4941 4935 5333 5229 5365 5550 4963 5275 5166 4953 5050 5220 5488 5004 5465 5202 4776 5396 5289 5094 5050 5120 5299 5109 4782 5185 5269 5166 5020 5270 5240 5170 5214 4797 4974 5140 4886 5196 5254 5423 5112 5195 5466 5015 4996 5056 5479 5247 5438 4971 5449 5183 5323 5574 4734 5232 5319 5346 5435 5651 5058 4661 5142 5121 4723 5618 4851 5213 4932 4955 4889 5098 5286 5070 5184 5150 5294 5302 5429 4804 5222 5329 5241 5117 4776 5322 5017 5016 5315 4839 5394 5008 5020 5204 4752 5383 4589 5138 5446 4743 5551 5113 4932 5374 4948 5316 5569 5354 5140 5060 5275 4870 5770 5214 5037 4854 5208 5035 5842 5482 5046 5324 4959 5275 5441 5168 4873 5181 5221 5287 5037 5435 5372 5418 5085 5128 5445 5393 5411 5277 5384 4306 5308 5288 5344 5215 4816 5098 4755 5149 5117 5260 5336 5398 5107 4867 4926 5507 4917 5227 4996 4830 5228 5266 5428 5149 5121 5146
5236 4908 5231 5168 5326 5065 5425 5419 4794 5375 5268 4921 5108 4746 5270 4973 5328 5096 4890 5557 5408 5528 4909 5025 4932 5113 5262 4971 5221 4966 4979 5333 5206 4754 5176 5334 5173 5124 5256 5579 5297 5345 4681 5155 5496 5294 5527 5381 5031 5362 5320 5197 4951 5339 5108 5333 5480 5191 5610 5579 5303 5273 5329 5461 5534 5144 5281 5167 4818 5653 5463 5196 5590 4409 5276 5233 5382 4798 5298 5342 5244 5153 5299 5250 5175 4943 5343 5069 4888 4990 5262 5267 5352 5424 4896 4945 5124 4964 5209 5013 5501 5193 5718 4783 4805 5183 5151 5117 5033 5280 5324 5221 4852 4776 5449 5264 4941 5193 5175 5059 5438 4927 5057 5390 5215 5501 5566 5430 5078 5114 5627 5100 5066 5259 5256 5237 5470 5049 5326 5280 5197 5497 4884 5373 5430 5484 5595 5550 5053 5091 5199 5364 4952 5530 4832 5122 5093 4965 5087 5037 5543 4959 5095 5133 5063 5332 5456 4627 5564 5229 4968 5276 4820 5088 4779 5155 5211 4745 5386 4774 5078 5124 5034 5699 4853 5208 5190 4933 5292 4699 4771 5276 5003 5142 5514 5622 5201 5148 5043 4931 5650 5531 5012 5200 5409 4833 5510 5603 5253 5197 4884 5418 5235 5148 5090 5271 5353 5393 5099 5246 5240 5528 4801 5170 5059 5411 5122 5131 5527 4388 5122 5186 4844 5399 5319 4879 5290 5104 5185 5238 5183 5342 5350 4765 5214 5251 5136 5329 4969 4901 5422 5528 5423 5322 5133 4975
5220 4704 5211 4488 5293 4969 5407 5143 4519 5146 4911 4576 4877 4513 5045 4635 4970 5063 4851 5300 4996 4820 4541 4722 4618 5048 5240 4761 4996 4975 4884 5005 5129 4872 4846 5017 4980 4686 4558 5130 5110 4942 4765 5042 5145 4693 5237 5250 4807 5162 5095 5067 4785 5050 4835 4832 4980 4899 5379 5172 5103 4906 4866 5245 5297 4688 4956 4650 4963 5180 5249 4859 5484 4281 4866 4827 5025 4774 5069 5182 4971 4728 4963 5063 5164 4707 5000 4896 4721 4690 5152 5000 5122 5125 4697 5027 5032 4763 4892 4781 5168 4955 5264 4844 4515 5032 5093 4985 4783 5177 5107 4947 4452 4777 5124 4987 4696 5037 4944 4955 4916 5027 4880 5005 4919 5104 5044 5280 4899 4895 5207 5020 4912 5006 5111 4844 5303 4768 5268 4896 4920 5169 4795 5051 5237 4876 5608 5181 4726 4497 4846 4714 4609 5208 4656 5302 4994 4812 4754 4910 5150 4984 4942 4916 4929 4979 5229 4675 5035 4999 4909 5023 4331 4724 4800 5174 4935 4623 5153 4443 4824 4679 4763 5474 4433 5077 4757 4784 5225 4668 4851 5173 4918 4914 5216 5273 4944 4789 4787 4630 5347 5071 4901 4930 5071 5014 5582 5291 5208 5419 4731 5110 5065 5174 4678 4867 5144 5301 4655 4913 5137 5521 4888 5130 5018 4959 5083 4917 5110 4262 4958 4995 4989 5069 5094 4657 4946 4737 5174 5327 4874 5036 4840 4548 4975 5051 4733 4706 4746 4746 4945 4943 5171 4913 4900 5005
5235 5023 5449 4542 4944 4789 5324 5417 4682 5236 5153 4851 4976 4921 5076 5018 5112 5102 4873 5517 5067 5236 4828 4719 4784 5373 5275 4877 5551 4877 4984 5168 4975 5053 5186 5342 5349 5145 5258 5190 5183 5072 4992 4933 5305 5025 5249 5300 5121 4948 5246 5038 5251 5308 5102 5179 5230 4870 5453 5492 5247 5174 5061 5352 5532 4883 5013 5094 5015 5674 5172 5164 5135 4549 5199 5337 5236 5176 5179 5465 4950 4828 5233 5046 5047 5029 5119 5096 4835 5104 5521 5203 5453 5448 4951 4838 5186 5029 5142 5066 5181 5181 5619 5155 4589 5119 5100 5050 5138 5247 5128 5079 4750 4767 5207 5039 4878 5115 5208 4758 5048 4951 5110 4913 5232 5337 5168 4999 5206 5079 5482 5158 4923 5352 5422 4858 5359 4768 5290 5448 4995 5371 4860 5354 5437 5275 5461 5500 4805 4740 4819 5219 4837 5557 4476 5155 5259 5082 4940 5055 5415 4899 5261 5294 4978 5195 5327 4578 5280 5247 4900 5216 4738 4871 4828 5224 5309 4623 5311 4764 4720 4992 4982 5438 4658 5027 5161 5067 5780 4676 4822 4980 5085 5187 5356 5244 5063 5086 5256 4915 5601 5199 5056 4997 5165 5125 5744 5640 5223 5265 4893 5359 5289 5397 4825 4730 5454 5257 5089 5169 5306 5214 5162 5132 5226 4966 5264 4878 5354 4382 5308 5299 5060 5253 4825 4869 4975 4951 5023 5330 5207 5041 5232 5051 5171 5287 5044 4932 4970 4721 5211 5287 5594 5264 5123 5047
5308 5150 5364 4962 4863 4925 5516 5589 4946 5278 5202 5198 5197 5063 5492 5166 5493 5391 5200 5746 5776 5576 4966 5107 5061 5360 5384 5219 5642 5250 5448 5779 5253 5052 5088 5408 5303 5068 5232 5344 5349 5671 5277 5445 5698 5297 5535 5730 5307 5664 5577 5105 5061 5402 5165 5203 5676 5425 5753 5590 5537 5195 5297 5545 5475 4916 5395 5310 5065 5819 5563 5351 5649 4753 5098 5208 5255 4940 5574 5585 5383 5159 5083 5770 5253 5250 5349 5308 5052 5029 5443 5355 5420 5631 5113 5383 5483 5170 5379 5303 5627 5386 6049 5354 4756 5063 5519 5504 5307 5302 5274 5197 4880 5102 5316 5449 5287 5332 5280 5163 5207 4952 5416 5093 5347 5263 5224 5398 5254 5465 5798 5369 5607 5281 5311 5112 5651 5208 5823 5649 5389 5699 5317 5715 5489 5454 5724 5537 5176 4830 5131 5145 4978 5852 4729 5466 5224 4984 5239 5104 5536 5308 5391 5515 5306 5330 5669 4777 5671 5115 4971 5301 5087 5283 5174 5246 5343 4686 5805 4963 5255 5434 5325 5571 4753 5245 5420 5126 5620 5162 5167 5621 5260 5259 5597 5653 5461 5437 5210 5118 6128 5641 5300 5149 5457 5217 5940 5500 5558 5537 5135 5324 5511 5351 4850 5188 5379 5791 5279 5360 5387 5900 5334 5390 5393 5602 5413 5231 5238 4468 5414 5525 5504 5527 5260 5302 4930 4880 5563 5278 5464 5705 5500 5363 5343 5537 5163 5466 5009 5136 5384 5587 5665 5333 5360 5346
5129 4860 5545 4905 5071 5020 5401 5494 4821 5158 5174 4691 5095 4865 5140 4813 5224 5101 4942 5451 5236 5021 4724 4839 4806 5369 5315 4944 5630 4960 5153 5259 5187 5005 5040 5412 4895 5018 5084 5454 5433 5361 5166 5136 5498 5285 5376 5337 5142 5295 5307 5090 4928 5385 5002 5386 5325 4998 5551 5518 5097 5242 5193 5269 5293 4700 5090 4906 5077 5631 5352 5161 5117 4470 5174 4894 5291 5221 5466 5594 5214 5040 5218 5275 5088 4841 5284 5238 4768 5134 5164 5050 5322 5510 4981 4672 5437 4906 5141 5044 5365 5113 5647 5192 4649 5029 5216 5144 4969 5324 5187 5276 4691 5151 5345 5372 4869 5127 5025 5141 5122 4873 5080 5158 5128 5204 5301 5229 5159 5070 5482 5272 5042 5342 5034 5161 5408 4849 5197 5230 5058 5177 4879 5531 5257 5435 5494 5351 4736 4717 4936 4993 4558 5652 4856 5241 5099 5012 5032 4998 4923 5056 5195 5098 5093 5262 5582 4448 5242 5171 4916 5155 4644 4852 4995 5216 5096 4798 5507 4930 5188 5211 5169 5429 4570 5053 5276 4660 5513 4924 5043 5485 5199 5107 5266 5361 5203 4983 5123 4647 5627 5249 4979 5136 5126 5050 5614 5412 5265 5163 4893 5131 5244 5218 4897 5238 5246 5407 4997 4964 5386 5223 5130 5388 5127 5329 5247 4976 5185 4464 5225 5398 5151 5475 4893 4988 4915 4683 5132 5440 4890 5384 5428 4841 5158 5121 5074 5203 4710 4725 5219 5278 5373 5277 5099 5267
5136 4910 5171 4613 4868 4820 5370 5303 4671 5070 4985 4798 5333 4766 5193 4655 5126 5139 4658 5493 5089 5065 4951 4939 4742 5088 5268 4779 5590 5076 5204 5466 4909 4822 4751 5342 5081 4972 4829 5146 5132 5248 4807 5098 5273 5028 5333 5076 5222 5279 5049 5037 5114 5160 5073 5086 4901 4948 5531 5361 5127 4828 4929 5353 5274 4658 5136 4967 5000 5503 5322 5070 5193 4414 4806 4826 5218 4989 5314 5061 5314 4965 4918 5387 4989 4999 4881 5061 4737 4887 5237 5114 5175 5479 4863 4683 5247 4882 5073 4989 4835 4884 5586 5158 4783 5136 5007 4980 4891 5340 5282 4801 4687 4850 5208 5075 5058 5188 5141 4974 5093 4734 4894 5059 5038 5202 4921 5268 5142 4940 5532 5057 5181 5055 5380 5114 5270 5083 5340 5102 5099 5439 5027 5289 5538 5403 5467 5485 5109 4553 4663 5040 4664 5437 4654 5474 5100 4759 5100 5197 5111 4952 5025 5379 5050 5209 5413 4700 5309 5083 5090 5133 4796 4978 5001 5149 5274 4492 5196 4883 5088 4811 4967 5130 4814 5061 4748 5001 5449 4891 4757 5403 4847 5123 5453 5245 4997 5009 5168 4779 5745 5353 5165 5011 4967 4865 5573 5517 5145 5291 4870 5189 5237 5342 5031 5026 5238 5127 4798 5354 5074 5621 4869 5195 4962 5482 5191 4906 5166 4254 5081 5221 5226 5140 4936 5014 4781 4795 5318 5128 5181 5140 4965 4839 5339 5313 4888 4946 4643 4843 5037 5034 5323 5205 4908 5190
4814 4732 5059 4542 4935 4658 5291 5221 4615 5194 4839 4644 4880 4515 4943 4657 4940 5030 4803 5129 4794 4854 4539 4784 4525 5024 5133 4894 5053 4571 4883 5099 4774 4890 4785 5184 5010 4557 4871 5177 4658 5023 4878 4929 5014 5011 4850 5041 4772 4966 5129 4914 5007 4942 4574 4866 4901 4932 5088 5078 4755 4746 4838 5127 5201 4548 4892 4727 4756 5235 5249 4881 4831 4281 4749 4592 4809 4852 5002 4951 5077 4730 4969 5004 5016 4713 4865 4898 4668 4784 5128 4887 4984 5432 4814 4999 4871 4634 4870 4705 5111 4835 5335 4971 4458 5012 4887 4983 4753 4988 4875 4644 4383 4747 4883 5023 4730 4760 4614 4966 4792 4895 4820 4869 4973 4952 4875 5094 5061 4988 5081 4988 4925 5043 5056 4969 5111 4630 4960 4982 4684 5249 4836 5279 4874 5196 5185 5330 4804 4524 4549 4700 4430 5317 4615 5182 4998 4576 5083 4842 4978 4518 4921 4986 4857 4983 4860 4246 5240 4873 4571 4704 4334 4907 4529 4966 4957 4418 4934 4790 4811 4639 4809 5156 4365 4973 4888 4689 5313 4784 4663 5265 4794 4821 5258 5149 5152 4737 4949 4798 5199 5310 4911 4452 4737 4921 5537 5165 4968 5214 4526 4931 4948 5081 4860 4601 5071 5118 4882 4810 4979 4898 4756 4909 4907 5090 5121 5040 4759 4288 4773 4882 4677 4972 4818 4768 4828 4483 4928 5216 4813 4850 4830 4637 4629 5070 4715 4679 4793 4608 4846 4809 5097 5056 4835 5005
5145 5169 5479 4886 5414 4994 5551 5505 4715 5469 5530 5064 5331 5096 5434 5039 5358 5191 4890 5647 5399 5263 5031 5084 4809 5501 5434 5297 5728 4922 5320 5669 5553 5228 5518 5541 5307 5160 5245 5673 5464 5458 4989 5174 5703 5353 5524 5445 5202 5517 5429 5169 5435 5249 5245 5260 5381 5546 5515 5353 5448 5228 5100 5596 5627 4749 5286 4994 4811 5694 5508 5469 5606 4821 5082 5197 5512 5372 5667 5415 5569 5068 5558 5481 5282 5193 5195 5300 4982 5338 5396 5461 5538 5440 5166 5047 5156 4958 5432 5214 5362 5321 5767 5271 4990 5302 5514 5277 5113 5457 5675 5155 4773 5059 5289 5484 5131 5366 5585 5278 5314 5129 5349 5557 5334 5339 5479 5288 5349 5298 5648 5306 5234 5396 5386 5578 5810 5234 5611 5307 5478 5506 5027 5382 5436 5392 5657 5557 5080 4679 5159 4944 4866 5798 4752 5529 5224 5205 5485 5290 5574 5086 4968 5358 5332 5478 5458 4480 5596 5179 5199 4855 4762 5254 4898 5384 5456 4724 5463 5310 5292 5475 5148 5882 4894 5139 5314 5001 5832 5065 5150 5520 5368 5450 5429 5687 5544 5413 5459 5196 5860 5696 5654 5376 5467 5164 5988 5486 5658 5471 5150 5577 5619 5033 5154 5190 5234 5578 5182 5214 5202 5568 5110 5402 5446 5641 5415 5665 5314 4663 5512 5237 5064 5231 4946 5452 4802 5086 5372 5572 4960 5855 5539 5095 5169 5355 5143 5208 5185 4934 5286 5498 5605 5362 5311 5446
4576 4539 4854 4094 4967 4760 5025 4723 4356 4558 4562 4281 4812 4578 4796 4420 4675 4796 4602 4776 4587 4678 4423 4323 4414 4764 4799 4566 4990 4473 4315 4703 4905 4572 4720 4768 4924 4792 4659 4761 4317 4840 4353 4301 4849 4893 4552 4780 4763 4623 4940 4515 4457 5068 4470 4636 4764 4607 4741 4986 4709 4531 4484 4830 4857 4377 4600 4494 4391 5023 4715 4500 4759 4372 4397 4528 4757 4591 4955 4907 4681 4387 4888 4780 4715 4503 4759 4413 4538 4524 4763 4768 4826 4847 4485 4364 4662 4727 4965 4655 4964 4545 4953 4268 4424 4504 4863 4435 4434 4753 4640 4514 4307 4441 4730 4990 4512 4648 4493 4608 4709 4385 4631 4683 4744 4568 4678 4613 4506 4639 5092 4728 4811 4460 4906 4448 4668 4505 4962 4705 4466 4827 4253 4784 4800 5133 5142 4978 4467 4035 4560 4823 4180 4943 4276 4604 4682 4412 4428 4519 4986 4312 4753 4544 4643 4818 4843 4281 4757 4531 4383 4606 4399 4489 4497 4677 4647 4174 4826 4351 4489 4170 4664 5050 3976 4464 4630 4307 5136 4378 4432 4867 4580 4718 4893 4904 4684 4342 4800 4259 4964 4842 4730 4474 4508 4497 5166 5128 4659 4701 4371 5036 4609 4615 4696 4447 4930 4568 4175 4708 4870 4766 4785 4810 4559 4697 4438 4618 4581 3960 4702 4471 4540 4592 4814 4751 4713 4232 4522 4798 4378 4709 4705 4304 4754 4872 4533 4523 4540 4251 4450 4756 4782 4771 4527 4636
5221 5349 5256 4843 4991 4956 5375 5610 4727 5147 5253 4765 5176 4879 5114 5019 5115 5017 4900 5261 4915 5272 4813 4800 4690 5170 5164 5072 5644 5166 5137 5341 5285 4990 5162 5605 5485 5116 5046 5304 5214 4924 5153 5147 5643 5161 5245 5597 5429 5183 5390 5121 4857 5262 4976 5073 5280 5254 5368 5311 5429 4922 5151 5547 5351 4694 5226 4688 5039 5637 5315 5369 5209 4489 5081 5032 5322 5205 5223 5579 5355 4798 5272 5202 5335 4652 4973 5150 4907 4796 5390 5306 5326 5104 5192 4925 5160 5067 5171 5123 5273 4990 5584 5005 4776 5219 5128 4926 4954 5381 5073 4849 4761 5141 5198 5014 5042 5088 5269 5065 5019 4941 5212 5192 5301 5317 5502 5258 5056 5169 5834 5206 5295 5388 5455 5203 5611 4954 5459 5236 5166 5419 5139 5416 5332 5486 5772 5441 4678 4334 4986 5263 4607 5348 4622 5256 5217 4859 5272 5101 5118 4874 5075 5510 5050 5324 5333 4410 5414 5252 5040 5061 4620 4923 4913 5224 5226 4481 5116 4985 4928 4972 4882 5294 4849 5065 5093 4851 5713 5011 5029 5342 5026 5222 5218 5494 5394 5004 5295 4820 5546 5737 5157 4893 5062 5101 5573 5380 5010 5225 4719 5217 5474 5023 5025 5439 5211 5541 4947 5241 5134 5070 5015 5061 5193 5370 5427 5103 5135 4776 5220 5206 5101 5200 5039 5122 5038 4963 5348 5149 5110 5530 5209 4858 4973 5234 4932 5128 4844 4915 5086 5293 5391 5060 5122 5205
5025 4824 5081 4747 5222 4700 5468 5098 4512 5114 4798 4474 4601 4937 4955 4784 5200 5100 5049 5396 5239 5309 4667 4654 4563 4836 4923 4845 5217 4985 4906 4974 4866 4775 4704 5217 5186 4854 4729 5131 4914 5153 4958 5131 5419 5264 5145 5440 5135 5093 5290 4956 4879 5225 4792 5093 5118 5056 5327 5334 4892 4957 5196 5204 5163 4891 5049 4791 4719 5253 5312 4950 5103 4555 5096 4965 5159 4959 5374 5194 5227 4755 4906 5004 5031 4712 5200 4961 4493 4781 5096 4796 5192 5377 4699 4827 4842 4781 5035 4855 5156 4923 5486 5017 4460 5024 5116 5115 5039 4965 4969 4807 4310 4882 4999 5051 5167 4852 4934 4925 5157 4770 4811 5017 5061 5125 5083 5279 4915 5097 5159 5035 5023 5065 5204 4860 5001 4877 5277 5118 5124 5271 4918 5401 5088 5303 5565 5235 4767 4712 4843 5009 4609 5134 4635 4984 4881 4627 4972 4877 5259 4482 5121 5037 4854 5019 5071 4746 5302 5032 4806 4967 4683 4872 4763 4949 5073 4656 5257 4747 5117 4974 4657 5297 4471 4963 4932 4846 5163 4831 5208 5291 4866 5038 5293 5142 5116 4865 4994 4654 5362 5232 4882 4808 4893 4897 5682 5037 5087 5106 4697 4918 5114 4928 4840 4632 5185 5283 4823 4952 5086 5301 4825 4864 5173 5107 5140 5007 5255 4254 5270 4922 4955 5240 4897 4625 4988 4978 5253 4949 4898 4982 5261 4918 4980 5054 4833 4913 4655 4612 4882 5063 5110 4761 4982 5191
4804 4711 5133 4435 4689 4691 4897 5007 4311 4565 4681 4374 4729 4518 4958 4545 4909 4789 4479 5313 4929 4943 4522 4570 4513 4785 5010 4580 4983 4853 4704 4834 4801 4688 4793 5018 4781 4584 4443 4944 4741 4958 4695 4780 5108 4820 5012 4802 4938 4831 5063 4464 4754 5026 4768 5012 4832 4742 5200 5229 5069 4765 4866 5083 5165 4406 4745 4274 4477 5136 4960 4673 5056 4360 4560 4601 4790 4852 5307 5047 4962 4672 4839 4913 4972 4721 4951 4649 4435 4783 4879 4823 4849 5209 4546 4815 4849 4603 5019 4862 4924 4948 4884 4768 4313 4726 4967 4704 4850 5042 5083 4847 4268 4849 5010 5022 4916 4774 4739 4646 5003 4888 4702 5048 4934 4680 4686 4977 4837 4818 5115 4594 4754 4782 4885 4935 5246 4435 4901 4903 4712 5032 4516 5102 5116 5053 5287 5036 4707 4538 4613 4713 4466 5297 4321 4769 4938 4340 4757 4764 4929 4663 4855 4667 4631 4900 4918 4195 5004 4641 4669 4546 4531 4718 4688 4997 4999 4294 4792 4777 4741 4794 4681 4866 4270 4661 5013 4315 5072 4513 4393 4956 4710 4784 5033 5307 4778 4789 4752 4592 5386 5131 4787 5101 4649 4826 5098 5154 4861 4996 4360 4969 5153 4854 4655 4918 4828 4937 4794 4918 4962 4839 4565 4882 4854 4906 4912 4896 4779 3987 4782 4853 4543 4798 4800 4770 4681 4712 4700 4939 4684 5072 4823 4530 4650 5089 4959 4908 4484 4460 4783 4899 5163 4656 4682 4649
5404 5052 5361 5069 4938 4871 5435 5250 4628 5099 4877 4782 4650 4943 5178 4964 5071 5264 5072 5451 5202 5095 4674 4671 4876 5103 5318 4926 5613 5032 4863 5334 5166 4707 4966 5473 4943 5105 5028 5304 5044 5293 4965 4958 5527 5470 5370 5215 4978 5068 5269 5164 4909 5145 4750 4999 5263 5232 5488 5343 5146 4996 5011 5332 5162 4719 5033 4784 5028 5503 5311 5152 5308 4447 5118 5235 5125 5189 5411 5335 5557 5049 5244 5046 5160 4821 5087 5068 5006 5200 5431 4972 5160 5231 5072 4822 5062 5015 5067 5073 5469 5014 5468 5049 4725 5338 5362 5090 4987 5422 5076 5127 4507 5202 5115 5057 5038 5011 4999 4995 5079 4830 5222 5131 5221 4944 5387 5181 4865 5047 5446 5142 5122 5163 5475 4938 5582 4744 5326 5242 5056 5175 5003 5321 5315 5226 5652 5404 4877 4501 4883 4964 4835 5528 4684 5485 5253 4964 5116 5162 5316 4987 5258 5093 5004 5243 5464 4532 5073 5181 4863 5024 4810 5074 4589 5303 5185 4751 5359 4834 5021 4836 4886 5297 4871 5152 5136 4779 5429 4868 5130 5213 5085 4983 5190 5477 5344 4923 5449 4885 5617 5214 4905 4959 5376 5162 5611 5504 4995 5232 4898 5192 5426 5134 5133 4874 5224 5342 5436 5297 5282 5359 5172 5046 5449 5433 5275 5029 4943 4308 5006 5298 5200 5275 4996 4986 5045 4963 5162 5267 5112 5385 5139 4759 4883 5261 4951 5027 4858 4562 5002 4974 5384 4994 5081 5081
5260 5006 5282 4725 5003 5037 5554 5434 4747 5353 5270 5019 5216 4988 5163 4832 5308 5314 4927 5486 5173 5421 4961 5020 4916 5280 5248 4952 5634 5139 5201 5487 5146 4912 4886 5285 5256 5244 5168 5370 5189 5124 4638 4838 5843 5401 5250 5648 5129 5442 5215 5345 5013 5308 5282 5113 5130 5006 5561 5498 5089 5195 5116 5588 5332 4759 5151 4567 4886 5359 5016 5547 5270 4534 5203 5113 5303 5156 5466 5439 5402 4867 5130 5322 5216 5007 5021 5226 4869 4888 5296 5236 5449 5270 5018 4987 5360 4736 5164 5112 5214 5019 5722 5101 4718 5075 5160 4910 4983 5166 4957 5169 4616 4897 5121 5289 5232 5296 5130 5042 5125 4987 5337 5060 4904 5132 5299 5474 5173 5197 5598 5302 5331 5192 5170 5172 5500 5100 5469 5398 5311 5557 5140 5557 5375 5607 5636 5316 4760 4628 5151 5435 4910 5733 4755 5443 4907 4905 4992 5224 5205 4897 5058 5292 5136 5115 5371 4727 5500 5151 4806 5133 4600 5154 5117 5166 5126 4899 5276 4870 4898 4975 4918 5371 4613 5163 5233 5086 5615 4955 5079 5414 5132 5202 5453 5547 5259 5256 5358 5067 5738 5327 4988 5095 5187 5169 5839 5323 5323 5120 5060 5250 5482 5144 4811 4984 5421 5033 5033 5217 5265 5393 4918 5165 5055 5067 4983 5242 5044 4638 5196 5425 5037 5347 5213 4931 5005 5015 5238 5054 5036 5414 5187 5093 4908 5347 4936 5138 4828 4672 5248 5559 5228 5327 5269 5101
5190 4897 5586 5058 5544 4925 5757 5648 4966 5621 5316 4891 5341 5154 5604 4837 5458 5266 5016 5568 5388 5418 5162 5154 4922 5468 5495 5116 5697 5123 5446 5576 5228 5334 5422 5649 5327 5252 5384 5424 5438 5283 5011 5389 5715 5681 5318 5440 5253 5441 5527 5521 5265 5446 5258 5279 5685 5434 5692 5642 5465 5420 5341 5540 5765 5094 5496 5261 5176 5761 5580 5362 5518 4864 5340 5385 5646 5155 5622 5617 5515 5121 5409 5431 5341 4934 5137 5265 5086 5342 5798 5451 5445 5887 5004 5373 5227 5112 5380 5266 5760 5265 5852 5505 4922 5481 5456 5483 5444 5613 5712 5178 4723 5306 5754 5347 5424 5415 5330 5310 5306 5169 5334 5453 5461 5239 5493 5260 5370 5407 5640 5301 5318 5279 5613 5449 5687 5301 5435 5796 5441 5751 4986 5758 5509 5478 5572 5747 5085 4938 5055 5416 5145 5501 4614 5562 5134 4987 5023 5263 5560 5357 5570 5419 5460 5182 5502 4741 5542 5293 5186 5350 5016 5027 5124 5477 5239 4986 5436 5079 5179 5147 5335 5784 4925 5508 5491 5170 5987 4897 5013 5477 5179 5487 5782 5550 5509 5149 5298 5105 5825 5661 5147 5232 5171 5165 5716 5653 5469 5672 5445 5613 5732 5215 5115 5082 5393 5531 5174 5415 5479 5430 5131 5213 5555 5518 5448 5359 5382 4769 5244 5245 4967 5600 5401 5285 5307 5191 5534 5583 5408 5575 5285 5140 5064 5383 5305 5234 5195 4928 5244 5633 5669 5495 5426 5705
4933 4766 5195 4922 5263 4725 5150 5254 4496 5248 5091 4575 5036 5018 5118 4827 5121 5134 4591 5242 5239 4974 4652 4948 4620 5230 5466 4891 5113 4550 5241 5229 5183 5029 4888 5241 5246 4688 4816 5158 5102 5240 4878 5188 5154 5034 5123 5191 4895 5086 4936 4994 5141 5364 4955 5274 5139 5187 5537 5467 5096 5142 5036 5381 5326 4470 5003 4885 4838 5519 5299 5057 5025 4482 4862 4977 5236 4887 5055 5439 5058 4804 5030 5012 5213 4845 5174 4950 4786 4952 5031 5226 5038 5315 4812 4890 4991 4865 5039 5008 5316 5000 5649 4936 4391 5045 4917 5114 4923 5142 5174 4774 4663 4621 5325 5319 5058 5089 4905 4810 5037 4931 4651 4961 4893 4964 4974 5052 5085 5143 5317 5120 4761 4843 5384 5095 5146 5119 5172 5263 5319 5251 4803 5039 5209 5379 5357 5610 5048 4581 4905 5134 4690 5510 4844 5311 5126 4802 4974 5219 5136 4741 5302 4965 4987 4945 5123 4577 5277 5146 4800 4909 4414 5008 4872 5011 5224 4353 5179 4482 4746 4977 4768 5562 4658 5094 5215 4665 5252 4863 4865 5099 5067 4905 5330 5360 5128 4649 5135 4720 5471 5185 4971 4920 4829 5001 5585 5647 5265 4997 4866 5177 5113 5039 4917 5062 5324 5178 4695 5041 5080 5182 5070 5263 5178 5248 5365 5008 5244 4381 5159 4998 4923 4935 4675 5290 4811 4627 4824 5257 4868 4998 5047 4746 4995 4976 4990 5055 4847 4638 5176 5032 5352 5223 4696 5120
5149 5102 5210 4579 5139 5055 5436 5335 4795 5239 4972 4594 5088 4780 5144 4789 5511 5166 5028 5339 4909 5203 4861 4907 4602 5065 4937 5012 5626 4989 5067 5029 5090 4994 4942 5491 5309 5066 4872 5236 4964 5269 4917 4982 5423 5089 5325 5206 4997 5238 5221 5420 4890 5503 5215 5190 5236 5055 5147 5336 5038 4888 5264 5320 5165 4888 5107 4950 4796 5394 5207 5457 5193 4469 5256 5159 5209 4869 5599 5367 5400 4905 5369 5291 5120 4875 5127 5064 4927 4979 5390 5018 5150 5135 4852 4914 5183 5001 5072 4879 5101 5345 5275 5141 4727 4736 5126 5068 5011 5183 5060 4815 4505 4854 5214 5305 4919 5046 5170 5005 5223 4773 5180 5122 5189 5009 5077 5171 5081 5445 5416 5193 5309 5393 5194 5032 5411 4808 5378 5189 5311 5232 4884 5349 5337 5565 5394 5328 4647 4466 4963 4936 4772 5358 4548 5291 5157 4780 5063 4940 5270 4919 5045 5374 4865 5214 5323 4642 5431 5046 4874 4839 4703 5054 4782 5224 5123 4531 5261 5040 4931 4923 4984 5148 4846 5081 5082 5074 5592 4733 5024 5364 5031 5263 5372 5391 5034 5196 5153 5040 5630 5475 5195 4995 5099 4962 5641 5056 5095 5222 4803 4919 5377 5047 4858 5145 5197 5373 5017 5022 5295 5378 5095 5202 4895 5150 5375 5103 4884 4488 5285 5230 4901 5302 4825 5072 4961 4948 5111 5050 5141 5341 5181 4707 4918 5412 5233 5242 4844 4875 5047 5092 5518 5218 5183 5223
5153 5192 5293 4996 4826 4874 5661 5160 4574 5087 4931 4839 5114 4640 5199 4929 5335 5146 4951 5565 5197 5247 4730 4915 4690 5198 5337 5127 5458 4968 5111 5199 5337 5017 5031 5288 5205 5108 4853 5157 5145 4986 4802 5112 5379 5317 5146 5342 5136 5258 5288 5113 4855 5075 4994 4884 5190 5229 5380 5459 5135 4918 5196 5355 5304 4813 5297 5159 4857 5292 5372 5317 5338 4522 5062 5095 5089 5072 5493 5369 5204 5109 5119 5063 5035 4952 5364 5260 4925 5233 5324 5214 5202 5352 4764 4934 5322 4848 5240 5075 5661 5147 5421 5098 4692 4941 5324 5033 4963 5141 5255 4950 4520 4931 5143 5208 4787 5130 4994 4769 5211 4809 5148 5086 4851 5131 4962 5434 5003 5168 5558 5261 5085 5140 5201 5095 5506 4915 5374 5193 5255 5451 5058 5146 5291 5457 5699 5305 4901 4252 5001 5137 4635 5749 4615 5214 4966 5000 5065 5019 5402 4791 5167 5209 5163 5249 5431 4289 5143 5086 5080 4884 4594 5064 4821 5171 5165 4644 5438 4879 4979 5102 5126 5484 4684 5064 5033 4948 5190 4954 4931 5145 4925 5118 5499 5119 5176 5319 5181 4904 5684 5499 4971 4812 4854 4947 5422 5213 5101 5295 4815 4881 5358 5022 4817 5034 5291 5384 5193 5289 5307 5436 5075 5222 5235 5270 5159 5072 4926 4663 5106 5428 5046 5173 5039 5108 5050 4822 5374 5361 4893 5466 5235 5020 5144 5287 5119 5281 4785 5026 5110 5162 5344 4999 5006 5253
5249 4864 5450 4850 5301 4923 5391 5454 4638 5551 5140 5006 5237 4967 5315 4940 5401 5179 5095 5571 5187 5369 5123 4879 4898 5208 5349 5265 5663 5208 5054 5487 5398 4975 5493 5655 5483 5353 5212 5592 5261 5325 4957 5172 5467 5172 5123 5287 5386 5346 5397 5300 5307 5150 4986 5082 5427 5269 5487 5403 5393 4955 5149 5833 5569 5037 5072 4995 4917 5747 5488 5492 5628 4640 5000 5245 5399 5028 5154 5528 5380 4980 5437 5333 5021 5088 5200 5045 4998 4878 5337 5180 5345 5280 5008 5003 5199 5171 5273 4935 5417 5189 5627 5114 4926 5124 5327 5172 5226 5474 5269 5015 4821 5188 5421 5587 5189 5246 5403 4998 5138 4966 5177 5255 5398 5220 5276 5428 5114 5205 5566 5409 5258 5406 5541 5110 5789 4628 5432 5373 5096 5422 5144 5462 5121 5521 5437 5712 5028 4597 4995 5275 4806 5524 4630 5272 5147 4837 4951 5061 5274 5102 5255 5142 5058 5307 5420 4560 5421 5375 4924 5131 4762 4938 5200 5228 5427 4724 5518 5097 4939 4988 5141 5422 4805 4941 5601 4972 5527 5142 4984 5372 4927 5260 5661 5576 5589 5117 5241 5025 5525 5749 5194 5042 5277 4951 5824 5460 5345 5381 5054 5368 5580 5237 5148 5145 5307 5230 5308 5230 5322 5487 5126 5178 5242 5208 5212 5332 5357 4621 5127 5321 4968 5221 5236 5345 5018 4950 5108 5102 5231 5426 5436 5080 5136 5421 4954 5068 5080 4883 5263 5252 5707 5254 5244 5403
5725 5452 5795 5034 5494 5357 5891 5617 4958 5497 5640 4974 5363 5155 5585 5148 5346 5529 5302 5861 5485 5397 5269 5184 5172 5804 5826 5297 5991 5241 5551 5456 5839 5407 5391 5542 5532 5365 5165 5782 5562 5432 5612 5461 5747 5496 5695 5702 5623 5682 5823 5583 5483 5629 5483 5737 5463 5728 5876 5676 5482 5576 5634 6019 5787 5179 5598 5219 5195 6115 5830 5387 5787 4888 5209 5380 5704 5503 5811 5656 5531 5260 5836 5719 5538 5192 5645 5500 5286 5225 5556 5532 5658 5636 5183 5152 5461 5440 5607 5378 5702 5489 6029 5497 4911 5407 5394 5216 5365 5604 5405 5518 4813 5192 5783 5711 5302 5518 5614 5496 5549 5332 5513 5754 5870 5589 5562 5802 5745 5444 5794 5241 5397 5835 5742 5386 5918 5132 5551 5263 5545 5738 5299 5812 5670 5725 5952 5691 5399 4955 5293 5551 5045 5870 5053 5639 5611 5226 5513 5492 5511 5035 5647 5759 5554 5324 5681 4808 5691 5625 5152 5555 5103 5338 5109 5452 5764 4671 5472 5202 5389 5317 5462 5868 4917 5532 5458 5539 6082 5267 5350 5578 5398 5453 5947 5954 5628 5525 5505 5262 6193 5897 5633 5326 5559 5724 6035 5967 5963 5845 5057 5555 5877 5490 5240 5359 5682 5721 5555 5368 5671 5930 5641 5568 5518 5708 5721 5351 5947 4787 5695 5858 5300 5629 5458 5507 5379 5370 5392 5875 5349 5523 5578 5243 5652 5441 5295 5440 5308 5200 5552 5621 5675 5369 5521 5566
5151 5082 5453 4787 4856 4937 5659 5589 4821 5356 5124 4945 5199 4917 5353 4891 5127 5127 4659 5533 5248 5295 4938 4950 4643 5243 5279 4815 5558 4895 5052 5316 5332 4939 5151 5455 5185 5228 5132 5369 5000 5296 5074 4950 5447 5237 5379 5457 5094 5229 5367 5094 5166 5484 4960 5172 5328 5443 5375 5420 5078 5084 5215 5614 5504 4798 5393 5005 5055 5497 5550 5191 5205 4523 5160 5165 5343 5180 5263 5464 5426 5057 5060 5183 5287 4962 5216 5209 4961 5269 5328 5314 5434 5445 5339 4843 5253 5124 5079 5345 5322 5347 5571 5027 4697 5138 5436 5118 5128 5274 5428 5032 4947 4983 5210 5332 5072 5087 5232 4950 4990 5106 5189 5106 5154 5442 5315 5326 5370 4971 5766 5298 5352 5268 5276 5144 5487 4893 5255 5052 5275 5665 4889 5381 5396 5556 5641 5529 4784 4606 5086 5255 4751 5756 4896 5742 5076 4873 5449 4850 5353 4872 5322 5275 5155 5230 5428 4526 5359 5072 5157 5160 4975 4948 4905 5285 5010 4583 5315 4784 5031 4985 4966 5420 4584 5076 4997 5002 5516 5131 4843 5257 5260 5134 5455 5475 5354 4915 5238 4921 5777 5624 5213 5026 5112 5007 5767 5447 5252 5270 5078 5405 5366 5239 5001 5145 5386 5338 4963 5112 5170 5499 5098 5226 5278 5262 5149 5051 5257 4595 5439 5406 5162 5354 5220 5275 5018 4853 5209 5267 5068 5456 5096 5025 5193 5442 5337 5182 4925 4734 5158 5359 5414 5305 5070 5314
5277 5198 5499 5007 5173 4835 5714 5621 5082 5237 5438 4835 5285 5191 5315 5243 5402 5450 5199 5816 5311 5338 4997 5132 4853 5417 5523 5238 5733 5406 5296 5417 5597 5212 5164 5666 5423 5174 5109 5847 5421 5643 5212 5284 5569 5364 5699 5759 5173 5247 5550 5516 4999 5414 5327 5298 5534 5370 5660 5689 5492 5112 5451 5745 5688 5120 5221 5037 5127 5777 5475 5302 5455 4939 5159 5223 5407 5167 5644 5655 5392 5238 5375 5545 5558 5132 5341 5256 5027 5113 5512 5275 5504 5743 5215 5426 5409 5284 5327 5191 5386 5415 5484 5385 4673 5226 5306 5535 5152 5506 5465 5113 4915 5208 5505 5687 5463 5614 5645 5263 5452 5119 5247 5286 5443 5334 5552 5306 5260 5469 5785 5498 5336 5583 5796 5114 5635 5090 5737 5506 5145 5820 5124 5682 5686 5662 5910 5656 5035 4604 5050 5328 4970 5999 5154 5442 5265 4953 4996 5280 5685 4968 5449 5536 5394 5351 5738 4865 5451 5428 5341 5428 4807 5446 5243 5647 5513 4950 5599 5226 5221 4977 5126 5722 4850 5418 5441 4896 5593 5037 5282 5465 5326 5347 5598 5706 5543 5496 5232 5338 5772 5482 5349 5291 5469 5304 6041 5688 5397 5565 4996 5408 5605 5354 5145 5401 5330 5367 5159 5497 5598 5683 5293 5607 5457 5382 5747 5094 5453 4583 5243 5400 5228 5349 5159 5270 5340 5201 5566 5334 5351 5499 5504 5073 5291 5496 5483 5427 5042 4846 5176 5461 5722 5365 5481 5568
5258 5267 5352 4903 5428 5197 5446 5671 4814 5268 5350 5011 5450 5097 5397 5033 5281 5413 5079 5813 5508 5385 5135 5126 5090 5476 5812 5036 5867 4892 5186 5542 5474 5453 5167 5636 5765 5178 5012 5664 5342 5363 5190 5154 5708 5352 5620 5642 5076 5447 5647 5342 5367 5516 5053 5329 5487 5225 5674 5420 5418 5293 5236 5739 5568 5127 5196 5064 4906 5762 5497 5389 5750 4938 5028 5332 5507 5230 5427 5489 5514 5067 5476 5356 5359 5303 5369 5391 4930 5413 5423 5554 5685 5299 5132 5184 5343 5238 5443 5306 5571 5364 5776 5101 4852 5199 5175 5491 5403 5485 5519 5242 5015 5239 5612 5502 5239 5383 5348 5047 5312 5312 5376 5414 5221 5448 5588 5282 5455 5354 5839 5209 5198 5427 5817 5231 5644 5259 5535 5461 5631 5697 5283 5565 5578 5452 5871 5969 5066 5026 5178 5413 5180 5739 4933 5309 5505 5233 5302 5417 5173 5190 5248 5253 5379 5235 5539 4850 5676 5094 5013 5194 4951 5159 5164 5294 5543 4944 5599 4855 5084 5306 5221 5552 4718 5317 5347 4940 5704 5279 5145 5379 5276 5194 5738 5664 5545 5250 5496 5095 5901 5519 5310 5057 5429 5411 5947 5613 5499 5343 5069 5351 5639 5121 5041 5132 5484 5384 5258 5238 5356 5688 5337 5216 5437 5588 5596 5381 5386 4463 5501 5379 5152 5426 5068 5301 5026 5228 5304 5381 5460 5462 5411 5221 5228 5559 5028 5264 5151 5150 5582 5378 5526 5385 5208 5325
5012 4894 5457 4964 5213 5090 5573 5633 4789 5212 5400 4900 5146 4780 5517 4774 5447 5390 5031 5610 5282 5304 5003 5118 4981 5415 5338 5086 5704 5185 5159 5406 5455 5413 5119 5366 5168 5207 5060 5496 5262 5320 5077 5417 5648 5417 5400 5525 4999 5253 5378 4980 4831 5401 5126 5341 5269 5385 5567 5297 5327 5271 5620 5682 5422 4840 5182 4679 4897 5755 5481 5268 5263 4913 4877 5058 5297 5059 5757 5209 5527 4834 5114 5265 4888 5176 5104 5479 5026 5059 5155 5286 5751 5207 5218 5387 5123 5059 5329 5071 5491 5240 5585 4986 4767 5162 5001 5297 5272 5496 5196 5116 4950 5162 5188 5288 5080 5227 5394 5188 5179 4947 5530 5348 4988 5302 5550 5462 5172 5043 5590 5117 5447 5502 5491 5000 5490 5211 5442 5515 5454 5522 4963 5582 5429 5670 5919 5419 4984 4552 5137 5351 5116 5958 4805 5433 5201 4792 5100 5239 5317 4820 5289 5607 5157 5259 5553 4624 5570 5318 5034 5123 4763 4861 5009 4966 5218 4806 5387 5002 5011 5176 5296 5372 4733 5091 5284 4900 5761 4988 4964 5251 4957 5279 5651 5587 5393 5003 5227 5053 5768 5326 5303 5095 5233 5306 5640 5664 5539 5366 5177 5402 5736 5273 4959 5179 5334 5498 5076 5136 5209 5548 5155 5336 5140 5544 5213 5288 5224 4657 5197 5489 5259 5464 5151 5118 5084 5071 5361 5445 5297 5656 5307 4880 5260 5405 5054 5274 4990 4743 5272 5529 5236 5121 5219 5303
5349 5309 5599 5034 5332 5230 5582 5535 5142 5543 5185 4861 5313 5081 5467 4786 5241 5706 4985 5617 5449 5341 4584 5075 5050 5148 5457 5305 5615 5063 5209 5518 5220 5397 5029 5517 5449 5254 5244 5402 5337 5563 5125 5480 5589 5292 5619 5365 5178 5417 5520 5302 5162 5416 5209 5144 5311 5437 5762 6123 5445 5275 5350 5374 5539 4855 5407 5036 5103 5949 5612 5618 5480 4469 5168 5019 5498 5155 5686 5544 5206 5182 5495 5390 5263 5132 5355 5110 5039 5037 5385 5211 5342 5795 5154 5501 5480 5205 5046 5027 5413 5280 5734 5222 5001 5280 5326 5110 5384 5650 5339 5276 4541 5255 5305 5594 5040 5467 5255 5265 5393 5132 5406 5151 5113 5370 5374 5792 5353 5256 5559 5455 5098 5476 5183 5279 5728 5188 5727 5382 5402 5471 5296 5489 5606 5480 5814 5500 5452 5041 5278 5265 5224 5786 4891 5625 5260 5001 5249 5165 5420 4812 5333 5147 5348 5238 5436 4900 5408 5456 5291 5047 4782 4998 4957 5400 5210 4898 5538 5214 5279 5270 5136 5610 4769 5513 5612 4797 5735 5075 5000 5737 5313 5236 5346 5432 5374 5030 5436 4825 5953 5662 5248 5022 5211 5198 5891 5490 5629 5291 5209 5642 5598 5486 5218 5283 5445 5602 5255 5379 5499 5480 5368 5408 5467 5523 5471 5494 5137 4466 5301 5537 5214 5717 5195 5127 5062 5026 5394 5683 5335 5650 5312 5000 5416 5433 5236 5287 5177 4751 5157 5610 5477 5580 5158 5582
5413 5274 5471 5131 5188 5252 5539 5562 4925 5505 5274 5076 5589 5021 5472 4833 5434 5406 5023 5698 5472 5485 4929 5055 5121 5446 5343 5090 5825 5323 5163 5379 5725 5241 5376 5496 5333 5124 5214 5529 5500 5358 5131 5266 5644 5318 5674 5425 5348 5442 5351 5369 5181 5728 5205 5488 5315 5490 5662 5559 5367 5359 5324 5683 5637 4922 5258 4996 5150 5413 5559 5703 5609 4761 5185 5155 5487 5321 5682 5488 5624 5056 5467 5519 5429 5261 5288 5383 5214 5313 5606 5299 5675 5702 5222 5183 5281 5238 5260 5163 5436 5192 5631 5378 4983 5336 5424 5229 5365 5440 5404 5428 4862 5089 5459 5529 5274 5128 5202 5098 5421 5017 5523 5380 5050 5652 5550 5346 5353 5412 5769 5208 5476 5400 5670 5452 5851 5326 5567 5553 5535 5658 5115 5449 5605 5788 5742 5721 5151 4799 5075 5454 5038 5934 5206 5616 5531 5041 5217 5427 5560 5136 5314 5544 5055 5400 5791 4780 5737 5406 5138 5053 4852 5143 5082 5321 5544 4943 5288 5247 5374 5219 4993 5641 5028 5367 5206 5113 5656 5144 5101 5553 5165 5494 5727 5829 5309 5024 5395 5183 6240 5364 5373 5405 5272 5202 5762 5767 5674 5703 5181 5415 5895 5429 5183 5365 5465 5506 5176 5396 5340 5495 5254 5512 5346 5666 5544 5384 5346 4552 5357 5677 5236 5448 5546 5098 5035 5416 5359 5369 5411 5703 5370 5011 5106 5541 5356 5363 5026 4875 5375 5452 5467 5311 5209 5311
5068 4803 5314 4706 4903 4497 5295 5284 4741 4978 4871 4647 4976 4765 4910 4784 4920 4915 4754 5271 5020 5148 4740 4825 4669 5175 5216 4980 5369 4794 5021 5139 4988 4863 4936 5544 5199 4834 4961 5159 4934 5133 4957 4948 5315 5213 5148 5343 5078 5170 5026 4931 5014 4990 5098 4905 5093 5159 5296 5186 5321 4945 5134 5248 5161 4587 5317 4928 4542 5616 5229 5170 5101 4562 5124 4984 5107 5014 5396 5324 5332 4864 5099 5231 5247 4801 5265 4971 4804 5009 5463 5096 5018 5242 4801 5076 5086 5018 5028 5069 5391 5114 5674 5254 4737 5136 5134 5086 5178 5014 5158 4931 4602 5093 5034 5034 4949 5326 4971 5147 4940 5020 5074 5209 5064 5164 5105 5310 5242 5171 5497 4981 5146 5363 5124 4599 5666 4835 5258 5392 4954 5426 5053 5541 5494 5445 5271 5408 4886 4813 5042 5339 4778 5366 4738 5548 5123 4542 5157 4877 5167 4832 5127 5438 4901 5065 5110 4381 5240 4898 5004 5062 4561 5009 4668 5327 5104 4644 5104 4866 4991 4786 4904 5239 4617 5210 5071 4807 5413 4912 4842 5103 4987 5282 5684 5302 5444 4945 5001 4674 5704 5400 5018 5006 5010 4865 5600 5473 4968 5027 4549 5097 5439 4968 4851 5051 5203 5637 4817 5120 5003 5245 4914 4905 5094 5288 5248 5137 5127 4164 5331 5092 5037 4996 4912 5015 4734 4935 5134 5483 5086 5018 5188 5004 4958 5261 5105 5069 4642 4553 5053 5005 5212 5397 5041 5159
4842 4667 4881 4442 4860 4571 5222 5035 4613 5085 4711 4611 5019 4453 4968 4722 4969 4818 4901 5237 5009 4905 4694 4607 4607 4910 4812 4780 5120 4790 4740 5152 4881 4768 4875 5166 5178 5098 4820 5106 4626 4879 4575 4474 5443 4835 4957 5059 4763 5014 5007 4679 4670 5001 4652 4868 5009 4821 5031 5086 5146 4893 4920 5275 5065 4755 4825 4706 4545 5338 5162 4875 4894 4401 4982 4782 5067 4951 5176 5068 4986 4540 5060 4985 4946 4664 5109 4716 4425 4824 5264 4863 4987 4960 4934 4946 4945 4865 4768 4806 5055 4847 5273 4939 4537 4915 4847 4752 4851 4991 5019 4642 4216 4728 4851 5117 4718 4893 4966 4766 5102 4496 4735 5247 4965 5084 4898 5173 4860 5071 5242 4816 5013 5175 4940 4956 5103 4641 5375 5002 4999 5254 4793 5056 5040 5111 5344 5087 4915 4486 4837 4965 4395 5194 4540 4874 5019 4738 4749 4780 5233 4958 5040 4843 4659 4850 5040 4492 5062 4802 4674 4882 4608 4817 4410 4941 5091 4382 5234 4481 4719 4647 4572 5215 4448 4894 4942 4718 5236 4745 4530 4779 4880 4708 5125 5094 4977 5024 4964 4551 5601 5429 4957 4689 4771 4483 5297 4927 5081 4859 4255 5202 5186 4853 4482 4745 5238 5030 4843 4667 5129 5063 4762 4700 4939 4874 5123 4991 4985 4337 5045 4840 4732 4956 4967 4845 4622 4651 4919 4801 5048 5135 5007 4791 4750 5152 4677 5039 4664 4426 4897 4936 4995 4889 4903 5087
4941 4929 5441 4879 4939 4851 5410 5321 4567 5091 4763 4682 5074 5022 5079 4827 5130 5260 4993 5473 5472 5041 4807 4710 4977 4845 5361 4839 5682 4864 5079 5503 5123 4747 5137 5551 5143 4934 5102 5510 5293 5035 4941 5078 5446 5039 5319 5402 5249 5166 5118 5070 5153 5308 5060 5124 4883 5261 5410 5115 5301 4973 5069 5413 5132 4641 5035 4776 4810 5590 5246 5201 5555 4448 5035 4632 5052 5006 5160 5515 5152 4687 5308 5355 5238 4682 5012 5214 4611 5074 5177 5169 5033 5183 4997 4965 5062 4625 5076 4958 5177 5385 5607 4893 4784 5047 5152 5094 5257 5280 5204 5122 4697 4840 5323 5367 5209 5242 5204 4872 4963 5018 5108 5152 4984 5000 5287 5163 5110 5013 5466 5143 5260 5124 5170 4947 5337 4896 5576 5434 4928 5544 5041 5322 5107 5396 5285 5436 4740 4558 4822 5031 4918 5579 4762 5240 4895 4723 5011 4876 5167 4984 5345 5216 5168 5088 5151 4520 5181 5040 5040 5017 4711 5157 4959 5330 5246 4799 5164 4982 4985 5045 4941 5464 4742 5114 5286 4796 5592 4798 5139 5231 5248 5181 5296 5446 5156 4838 4957 4739 5690 5202 4815 4891 5066 4889 5498 5552 5274 5368 4852 5243 5559 5009 4827 5157 5142 5130 4870 5117 5242 5426 5009 4978 5285 5319 5189 5144 5081 4293 5188 5087 4978 5383 4954 5064 4577 5054 5314 4964 5083 5278 5130 5111 5091 5404 5353 5201 4865 4577 5075 5387 5407 5129 4975 5112
5429 4917 5495 5100 5246 5015 5346 5650 4942 5155 5111 4811 5516 4861 5364 4706 5186 5045 5060 5606 5426 5306 5060 4939 4941 5231 5376 4973 5750 4924 4896 5423 5324 5267 5026 5521 5222 4919 5020 5455 5079 5296 5223 4961 5457 5005 5523 5437 5166 5398 5241 4970 5175 5403 5195 5274 5252 5084 5416 5335 5051 4939 5487 5565 5470 4934 5129 4997 4792 5459 5445 5305 5572 4851 4853 4988 5090 5034 5743 5288 5560 4963 5299 5276 4999 5143 5368 5319 4998 5019 5172 5255 5374 5311 5025 5016 5093 5053 5110 5170 5416 5246 5637 5139 4799 5116 5017 5190 5182 5037 5344 5252 4502 4823 5203 5489 4986 5159 5336 5301 5013 5164 5215 5261 5155 5466 5350 5103 5110 5289 5718 5172 5119 5470 5202 5100 5540 5088 5496 5377 5259 5401 4887 5421 5231 5210 5389 5291 4991 4506 5244 4997 4824 5590 4713 5396 5204 5001 5070 5277 5253 4896 5101 5335 5273 5263 5397 4395 5475 5239 4797 5141 4950 4947 4980 5283 5268 4747 5731 5157 5217 5255 5046 5518 4298 5329 5081 4859 5520 4939 5094 5205 5163 4988 5449 5541 5212 5131 5255 4992 5887 5190 5500 5083 5068 5026 5826 5390 5665 5361 4933 5379 5513 5192 4980 4816 5306 5362 5104 5019 5342 5527 5314 5117 5081 5440 5468 5430 5337 4333 5270 5477 4873 5105 5135 5038 4957 5034 5336 5153 5143 5330 5086 4955 5105 5305 5133 5060 5041 4936 5336 5507 5411 5260 5342 5300
5085 5014 5283 4739 5034 4616 5224 5194 4660 5198 4846 4752 5022 4881 5175 4551 5143 5065 4814 5498 5263 5537 4867 4803 4592 5071 5086 4767 5296 4949 5105 4937 5024 4825 4600 5326 4978 4959 4869 5301 4888 5253 5053 4947 5139 5265 5315 5117 4758 5109 5190 4921 4851 5103 4767 4933 5213 4963 5207 5328 5068 4804 5115 5298 5403 4631 5215 4966 4907 5290 5282 5227 5082 4514 5488 4998 5097 4924 5389 5244 5234 4631 5127 4929 5098 4862 5102 4977 4727 5132 4956 5201 5117 5210 4795 5062 5241 4992 5040 5097 5335 5073 5591 4866 4558 5011 5239 5236 5043 4896 5169 5105 4690 5013 5012 5001 5043 4875 4872 5101 4896 4746 4780 5001 5100 5135 5248 5512 5050 5039 5470 5128 4717 5105 4915 4970 5300 4650 5194 5126 5115 5421 4903 5337 5250 5569 5744 5226 4744 4744 4886 4997 4808 5510 4764 5402 5039 4604 4922 4951 5194 5099 4803 4972 4995 5186 5246 4530 5162 4750 4965 4890 4809 5056 4708 5057 5146 4651 5427 4846 4918 4819 4949 5151 4537 4937 5060 4828 5274 4666 4773 5083 4988 4902 5487 5389 5088 4958 5169 4836 5438 5231 5131 5098 4720 4804 5613 5578 4896 5205 4785 5244 5145 4941 4797 4773 5120 5207 4894 4957 5088 5491 4869 5134 5060 4935 5379 4800 5019 4609 5133 5360 4993 5233 5123 5024 4950 5010 5041 4992 5039 4982 5184 4950 4992 5067 4867 4957 5055 4778 5074 5310 5268 5436 5039 5289
5364 5087 5421 4865 5450 4909 5592 5647 4779 5215 5352 4626 5016 5092 5195 4644 5246 5298 4863 5738 5338 5304 4861 4830 4954 5349 5571 5054 5438 5029 4892 5132 5012 5095 4883 5329 5195 5006 4899 5385 5081 5339 5036 5145 5340 5172 5454 5169 5196 5231 5269 5150 5341 5440 4997 5276 5326 5253 5526 5731 5443 5117 5251 5544 5420 4701 5117 5005 4996 5500 5692 5075 5485 4476 5148 5243 5339 4900 5516 5212 5355 5023 5000 5018 5289 5028 5333 5109 4954 5032 5434 5254 5354 5600 4952 5152 5227 5059 5299 4991 5500 4925 5345 5093 4815 5275 5153 4979 5161 5448 5384 5489 4644 5292 5328 5364 5047 4979 5228 5075 5066 4914 5184 5224 5319 5198 5370 5531 5234 5291 5294 5075 4985 5236 5235 5215 5628 5152 5576 5025 5278 5402 4872 5647 5402 5412 5745 5586 5163 5014 5063 5291 4937 5625 5057 5253 4966 4853 5166 5234 5429 4888 5255 5203 4951 5197 5409 4860 5490 5229 5263 5109 4597 5208 4797 5255 5008 4776 5268 5074 5161 4934 4842 5593 4525 5140 5181 4616 5532 4979 4953 5472 4904 5484 5587 5584 5288 5133 5431 5155 5663 5543 5434 5339 5135 5408 5743 5635 5466 5465 5085 5118 5386 5226 5117 5133 5435 5355 5026 5272 5127 5515 5230 5235 5420 5227 5314 5262 5385 4297 5227 5248 5186 5388 5169 5193 4967 5280 5075 5407 5029 5245 5129 4965 5364 5399 5099 5100 4834 4797 5001 5510 5583 5445 5002 5253
5140 5037 5167 4977 5197 5069 5409 5568 5063 5127 5166 5241 5221 4956 5305 4876 5331 5093 5018 5597 5276 5620 5335 5149 5061 5128 5464 5081 5441 4891 5253 5585 5453 5361 5392 5355 5343 5030 5180 5475 5324 5552 5089 5040 5510 5470 5651 5575 5335 5264 5439 5166 5142 5581 5058 5289 5252 5300 5618 5425 5611 5240 5209 5557 5770 4814 5210 4914 5047 5531 5447 5430 5594 4708 5187 5165 5410 5128 5422 5477 5491 4633 5276 5520 5386 5352 5289 5329 4940 5149 5395 5464 5257 5437 5079 5440 5151 5176 5272 5272 5226 4998 5932 4970 4831 5150 5439 5537 5169 5352 5278 5092 4809 5105 5065 5201 5103 5217 5167 5441 5224 5081 5088 5257 4990 5491 5450 5399 5575 5022 5956 5217 5222 5435 5351 5173 5488 4749 5561 5338 5286 5324 5030 5654 5353 5055 5820 5496 4810 4760 5151 5262 4909 5756 4678 5409 5252 5092 5015 5300 5484 5264 5443 5243 5070 5306 5600 4608 5779 5461 4968 5221 4911 5135 5046 5412 5229 4599 5553 4702 4972 5169 5170 5696 4922 4914 5026 5147 5551 5040 5118 5306 5351 5225 5693 5553 5281 4917 5320 4971 5782 5547 5082 5215 5265 5284 5649 5761 5321 5475 4992 5272 5397 5143 5161 5022 5366 5319 4946 5176 5256 5695 5283 5212 5236 5429 5400 5295 5226 4680 5390 5404 5207 5377 5092 5137 5131 5020 5510 5262 5440 5549 5356 5139 5199 5486 5058 5175 4968 4815 5103 5435 5377 5234 4988 5457
5566 5326 5951 5098 5629 5472 6026 5693 5089 5717 5562 5128 5692 5390 5778 5392 5745 5643 5316 5952 5564 5526 5278 5238 5355 5451 5902 5577 5900 5398 5198 5761 5762 5626 5782 6037 5722 5415 5590 5981 5337 5731 5315 5580 5853 5876 5748 5930 5701 5920 5967 5577 5521 6107 5399 5573 5615 5778 6059 5925 5479 5617 5697 5867 6166 5194 5562 5336 5059 6045 5752 5736 5865 5028 5495 5358 5865 5471 5906 5918 5648 5593 5658 5597 5579 5399 5730 5372 5589 5661 5816 5839 5722 6008 5336 5350 5556 5608 5612 5331 5663 5384 5968 5427 5328 5478 5841 5424 5645 5583 6029 5416 5072 5292 5628 5737 5350 5568 5649 5506 5737 5321 5869 5375 5583 5780 5803 5985 5554 5745 6041 5791 5636 5621 5960 5462 5830 5467 5849 5817 5528 5858 5211 5668 6154 6116 6186 5807 5401 5061 5448 5945 5195 6154 5095 5579 5838 5327 5499 5644 5897 5226 5712 5769 5434 5779 5916 5155 5873 5669 5442 5467 5350 5314 5465 5779 5638 4954 5841 5715 5832 5425 5674 5757 5184 5511 5841 5510 6005 5408 5501 5828 5518 5726 5936 6042 5773 5768 5755 5350 6175 5844 5583 5302 5691 5539 6119 6028 5624 5744 5542 5737 5750 5600 5292 5705 5705 5991 5541 5785 5769 6135 5764 5553 5522 5850 5579 5559 5555 4902 5608 6036 5306 5720 5598 5386 5530 5344 5617 5865 5544 6055 5844 5239 5843 5871 5452 5271 5532 5284 5515 5740 6255 5685 5565 5639
5289 5141 5466 4748 5235 4912 5549 5661 4881 5383 5117 4763 5153 4869 5316 4775 5373 5314 5045 5626 5448 5342 5148 5172 5053 5395 5380 5136 5556 5083 5132 5595 5251 5343 5004 5373 5311 5264 5070 5532 5092 5513 4891 5062 5600 5424 5724 4968 5201 5487 5537 5430 5245 5329 5295 5482 5344 5233 5523 5650 5146 5126 5308 5498 5391 4709 5305 5302 4957 5615 5353 5495 5318 4852 5044 5288 5397 4984 5288 5498 5444 5087 5346 5328 5199 5001 5119 5331 4933 5403 5495 5333 5637 5756 5095 5278 5238 4901 5342 5263 5558 5157 5587 5072 4912 5050 5251 5235 5065 5445 5494 5294 4758 4894 5447 5533 5280 5291 5319 5073 5451 5043 5346 5233 5226 5081 5283 5458 5388 5476 5537 5427 5202 5420 5546 5343 5384 5051 5519 5366 5610 5784 4899 5521 5343 5531 5501 5577 5044 4613 5083 5120 4916 5701 4813 5296 5215 5064 5274 5119 5333 5288 5193 5296 5158 5291 5724 4723 5840 5317 5056 5032 4683 5142 5102 5345 5491 4910 5561 5254 5143 4980 5071 5581 4989 5188 5337 4767 5673 5014 4857 5427 5098 5388 5686 5411 5393 5301 5458 5205 5766 5439 5573 5132 5405 5238 5960 5519 5372 5413 5069 5446 5515 5247 5232 5041 5311 5275 4950 5354 5467 5523 5145 5357 5165 5656 5373 5510 5220 4519 5198 5336 4887 5244 5341 5139 5149 5173 5415 5353 5286 5547 5371 5127 5053 5292 5309 5210 5099 4780 5263 5379 5620 5398 5009 5368
5038 4637 4991 4966 4954 4812 5296 5289 4450 4979 5157 4654 5009 4945 4883 4641 5062 5147 4840 5369 5078 4965 4765 4682 4626 4860 5291 4737 5369 4580 4818 4894 4826 4728 4895 5174 4968 4778 4872 5238 5010 5109 4840 4987 5210 5066 5085 5282 5064 5332 5083 4775 4553 4953 4798 4964 4996 5005 5253 5527 5146 4793 4918 5192 5270 4862 5027 4443 4633 5631 5077 5145 4977 4380 4900 4752 4903 5021 5224 4973 4951 4919 4866 5245 4711 4615 4850 4930 4735 4603 5004 4979 5092 5279 4832 4677 4907 4687 4838 4967 5139 4765 5528 4991 4568 4977 5082 4810 4777 5128 4968 4914 4417 4823 4922 4900 4663 4952 5273 5019 5055 4672 5007 4725 4770 4862 4857 5069 4961 4835 5182 5072 5033 5069 5145 4790 5150 4766 5137 5080 4980 5212 4799 5198 5224 5164 5294 5073 4892 4652 4661 5075 4662 5460 4553 4977 4913 4590 4931 4885 5194 4589 4974 5065 4889 5010 5086 4554 4869 5043 4848 5013 4496 5004 4633 5034 5028 4467 5139 4714 4980 4652 4762 5393 4603 4941 4948 4392 5374 4692 4855 4896 4956 5064 5321 5313 5060 5166 4932 4443 5576 5016 4819 4973 4822 4922 5650 5208 4874 5325 4881 4943 5002 4909 4995 4676 5209 5236 4685 4818 5122 5225 4837 4933 4937 5159 4885 5054 5127 4477 4977 5128 4959 5260 4887 4699 4752 4837 5174 4987 5037 5060 5066 4758 4945 5127 5059 4778 4767 4708 4764 5061 5120 5075 4758 5092
5026 4964 4981 4751 5199 4693 5287 5146 4375 5095 5028 4471 4776 4920 5076 4744 5051 4877 4761 5213 4997 4972 4629 4683 4418 5115 5175 4740 5265 4882 4634 5155 4910 5039 4663 5247 5007 4780 4950 5162 5223 4926 4698 4869 5430 4989 5130 5191 4875 5134 4910 4966 4578 5020 4761 5069 5157 4945 5418 5216 5031 4853 4997 5175 5142 4541 4774 4713 4733 5620 5362 5251 5243 4264 4705 4863 5119 4957 5381 5029 5219 4718 4975 4901 4845 4740 4904 4993 4730 4916 5047 4839 5324 5188 4813 4869 4920 4613 4898 4641 5118 5055 5308 4908 4371 4868 4735 4871 4813 5219 4886 5088 4764 4548 5181 5122 4995 4765 5093 4923 4962 4577 4886 4809 4763 4918 5083 4971 4824 5094 5254 4942 5082 5101 5300 5172 5360 4725 5071 5097 5115 5190 5013 5266 5179 5224 5342 5149 4839 4638 4889 5136 4425 5235 4788 5239 5076 4488 4722 4838 4758 4579 5119 4916 4851 5042 5385 4494 5145 5223 4616 4974 4491 4823 4874 4887 4878 4523 5105 4838 4693 4803 4868 5265 4809 4827 5122 4716 5450 4563 4922 5068 4818 5155 5260 5337 4901 4944 5050 4627 5348 5205 4848 4962 5049 4920 5414 5365 4937 5351 4619 4845 4981 4852 4983 4833 5255 5197 4863 4872 5199 5281 4946 4979 4763 5208 5204 5008 5175 4447 5000 5078 4843 4934 4900 4823 4798 4880 4859 5014 4848 5144 5031 4754 5170 5026 4890 4953 4715 4770 5077 5083 5135 4950 4932 4811
5148 4649 5010 4593 4963 4610 4980 5085 4419 5297 5037 4793 4815 5007 4924 4701 4837 5135 4584 5306 4969 5028 4728 4647 4364 4719 5229 4693 5595 4613 4789 5052 4714 4883 5066 5234 5122 4764 4821 5267 4863 5200 4781 4855 5112 5105 5087 5019 4804 5210 5052 4809 5134 4974 4638 4771 5000 5309 4974 5265 4897 4717 4858 5409 5413 4575 4963 4506 4498 5421 5159 5011 4900 4560 4909 4819 5015 4876 5077 5181 5019 4649 4918 4930 5033 4642 4822 4834 4610 4645 4851 5151 4908 5111 4953 4737 5006 4800 4851 4782 5135 4613 5669 4733 4517 4809 5080 4856 5018 5018 5277 5119 4541 4872 5164 4881 4802 5015 4971 4705 5021 5029 4883 4773 4913 4863 5185 4837 5132 4889 5001 5125 5198 5206 5091 5117 5255 4584 4958 4860 4908 5054 4780 5408 4981 4936 5269 5072 4705 4690 4605 4918 4592 5353 4422 5028 4709 4563 4716 4633 5173 4766 5216 4949 4823 4923 4735 4436 5225 5063 4789 4945 4865 4953 4852 4833 4878 4444 5061 4621 4662 5032 4503 4946 4453 4767 5008 4390 5519 4691 4813 4946 4942 5009 5371 5103 4978 4916 4952 4674 5412 5163 4788 5007 4791 4960 5357 5425 5131 5182 4834 4960 5185 4593 4805 4770 4956 5165 4993 4713 4966 5285 4910 5081 5041 5269 5039 5121 4918 4120 4931 4877 4961 5136 4740 4789 4892 4615 5210 5022 4932 5230 5039 4705 4830 4880 4870 4716 4693 4617 4885 4949 5216 4898 4723 5209
5387 5150 5217 4939 5294 5092 5347 5263 4645 5238 5009 5042 5315 4863 5322 4714 5074 4989 4953 5303 5101 5048 4760 4859 4973 5207 5313 4722 5396 4955 4943 5154 5287 5151 4906 5486 4990 4602 5004 5207 5040 5255 4849 5233 5209 5327 5310 5126 5052 5302 4954 5128 4874 5459 4956 4973 5142 5033 5343 5315 5292 5117 5162 5324 5294 4922 5052 4841 4782 5359 5224 5192 5261 4555 4876 4845 5149 4837 5575 5152 5004 4922 5220 5281 5140 4949 5243 5017 4917 5119 5156 5115 5316 5144 5126 4959 5038 4983 4981 5110 5253 4931 5511 4975 4642 5044 5278 5074 5027 5304 5467 5126 4637 5085 5077 5190 4789 5207 5065 4990 5136 4967 4933 5035 4912 5097 5188 5317 5033 5195 5530 4909 4908 5117 5287 5303 5563 4920 5191 5061 5167 5196 5126 5312 5407 5362 5627 5267 5168 4694 4840 5187 4861 5376 4585 4985 5052 4854 4842 5029 5244 4903 5200 5074 5130 4947 5059 4650 5544 5176 5028 5171 4783 4777 4652 5084 5154 4857 5291 4791 5135 5070 5146 5303 4547 5231 5056 4701 5492 4855 4926 5480 4901 4997 5333 5504 4976 4900 4949 4903 5658 5276 4980 4819 4972 4948 5465 5479 5060 5181 4712 5134 5127 5139 4887 4781 5420 5127 5063 5011 5297 5362 4797 5047 5197 5276 5043 5121 5021 4462 4857 5350 5213 5380 5096 4929 5107 4767 5014 5182 4956 5402 5009 4763 4826 5516 4834 4938 4761 4816 5040 5371 5052 4916 5227 5200
4880 4850 5213 4763 4920 4557 5182 5209 4399 4982 4878 4583 4958 4771 5176 4778 5099 5072 4863 5503 4866 5153 4657 4526 4545 4861 5370 4774 5343 4635 4703 4996 5084 4966 4922 5178 5100 4790 4649 5140 4984 4986 4851 5007 5280 4922 5188 5217 5046 5125 5084 4903 4712 5141 4720 5053 5091 4821 4919 5031 5157 4867 4981 5337 5422 4643 4951 4749 4740 5255 5013 5188 5078 4271 5090 4936 4961 4732 5110 5094 4934 4637 4821 5124 4939 4826 4998 5016 4820 4809 4892 4880 5218 5308 4889 4966 4974 4533 5038 4729 5178 5053 5253 4727 4475 5103 5049 4930 4942 4965 5371 4877 4504 4941 5276 5095 4697 5127 5076 4807 4760 4794 5227 5126 4950 4901 5313 5190 4982 5120 5486 4983 4768 4845 5161 5054 5275 4627 5099 5134 4986 5424 4888 5181 5428 5138 5447 5363 4780 4522 4846 5057 4619 5488 4561 5058 5004 4667 4817 4839 4936 4923 4993 5052 5034 5137 5255 4556 5350 5019 4953 4830 4702 4959 4866 4993 5052 4444 5205 4764 4859 4737 4813 5162 4652 5126 4915 4750 5330 4525 4890 5169 4718 5068 5130 5184 5000 5058 5126 4712 5489 5035 4768 4827 5041 4714 5139 5133 5054 5260 4734 5137 5227 4848 4868 4932 4896 5300 4614 5156 4917 5214 4903 5142 5171 5273 4947 4916 4998 4103 4738 5045 4551 4831 5036 4639 4709 4938 5122 4990 4988 4900 5183 4642 4979 5066 4818 4979 4928 4721 5132 4939 5369 4898 4826 5057
5786 5273 5574 5251 5823 5354 6188 5972 5072 5749 5600 5588 5710 5201 5667 5431 5711 5489 5488 5809 5762 5554 5221 5212 5347 5569 5880 5783 6142 5430 5267 5533 5489 5569 5452 5676 5664 5376 5544 5832 5109 5706 5294 5442 5849 5825 5845 5706 5717 5663 5772 5551 5636 5790 5556 5820 5659 5721 6032 5846 5803 5749 5689 6191 5883 5182 5701 5133 5123 6206 5859 5717 5847 5068 5222 5424 5554 5631 5939 5837 6085 5318 5742 5974 5622 5258 5420 5366 5424 5612 5779 5639 5707 5720 5353 5729 5539 5551 5769 5417 6000 5531 6342 5376 5238 5585 5629 5714 5484 5848 5786 5592 5158 5458 5770 5767 5390 5903 5767 5413 5709 5581 5770 5394 5482 5615 5790 5926 5672 5653 6130 5687 5752 5551 6012 5453 6036 5390 5758 5723 5625 5650 5370 5954 6006 5914 5880 5843 5359 5088 5691 5776 5547 6072 5046 5776 5422 5275 5541 5331 5817 5087 5570 5770 5485 5601 6042 5028 6057 5518 5436 5654 5225 5449 5231 5665 5732 5218 5644 5456 5362 5467 5419 5753 5153 5626 5632 5291 5901 5191 5399 5762 5471 5762 5971 5908 5710 5425 5663 5299 6238 5732 5714 5312 5705 5567 6246 6173 5590 5583 4978 5628 5970 5653 5446 5353 5739 5680 5422 5616 5589 5824 5671 5469 5586 5795 5762 5543 5729 4653 5486 5673 5300 5653 5447 5494 5585 5284 5584 5859 5558 5684 5674 5403 5257 5813 5300 5607 5278 5079 5523 5872 6040 5818 5507 5780
5407 5028 5408 5002 5213 4869 5400 5405 4455 5291 5293 5012 5020 4993 5342 5067 5109 5219 5120 5525 5377 5365 5000 4811 4784 5260 5581 4886 5666 5156 4900 5381 5444 4930 5247 5454 5355 4879 5187 5250 5077 5339 5045 5321 5576 5443 5463 5478 5525 5581 5362 5231 5327 5188 5175 5426 5594 5525 5584 5259 5595 5020 5315 5643 5315 4849 5333 4988 4804 5542 5487 5498 5279 4489 5183 5239 5346 5090 5562 5240 5354 4983 5337 5418 5354 5103 5276 5270 4845 5035 5482 5312 5422 5390 5098 5074 5109 5115 5428 5336 5570 5134 5787 5057 4984 5074 5185 5359 5150 5339 5323 5253 4767 5080 5403 5332 5167 5257 5329 4995 5130 4968 5331 5168 5412 4918 5279 5397 5093 5168 5748 5248 5306 5427 5219 5014 5337 5011 5326 5371 5442 5524 5135 5549 5331 5412 5637 5395 5393 4607 4947 5493 5097 5744 4501 5592 5068 4850 5131 5275 5302 4862 5247 5342 5237 5223 5522 4792 5579 5020 5195 5445 4778 5288 5011 5258 5258 4811 5543 5050 5008 5272 5205 5365 4715 5101 5264 5031 5544 4921 5109 5406 5138 5229 5395 5285 5295 4896 5243 4918 5716 5596 5290 5006 5181 5476 5909 5621 5351 5498 4957 5201 5535 5207 5115 4956 5504 5482 5035 5243 5294 5816 5246 5192 5411 5361 5221 5443 5377 4463 5244 5485 5125 5447 5235 5255 5232 4988 5455 5276 5075 5468 5444 5187 4982 5397 5090 5110 4958 4808 5215 5208 5485 5075 5233 5192
5700 5533 5765 5162 5814 5313 5841 5652 5088 5689 5611 5281 5287 5200 5559 5212 5418 5805 5181 5816 5587 5824 5112 5165 5362 5567 5967 5316 5843 5394 5591 5702 5440 5310 5456 5841 5571 5295 5333 5431 5347 5714 5393 5628 5763 5764 5922 5521 5226 5612 5638 5471 5592 5810 5359 5695 5436 5708 5996 5820 5643 5372 5546 5892 5802 5080 5623 5167 5161 6074 5690 5744 5824 4985 5349 5162 5803 5448 5734 5811 5869 5284 5718 5650 5397 5340 5479 5361 5032 5641 5868 5633 5841 5899 5337 5447 5535 5463 5679 5635 5872 5486 5919 5484 5208 5605 5686 5519 5507 5772 5905 5402 4870 5079 5796 5812 5436 5408 5531 5448 5653 5364 5319 5463 5360 5370 5484 5659 5408 5508 5917 5705 5600 5579 5594 5501 5807 5372 5705 5584 5611 5803 5425 5794 5951 5799 6057 6032 5318 5149 5290 5561 5357 6120 4876 5663 5440 4960 5634 5317 5633 5131 5452 5718 5501 5671 5806 5241 5940 5269 5420 5367 5255 5204 5341 5632 5566 4875 5548 5278 5529 5519 5344 5761 4989 5465 5461 5184 5911 5196 5287 5527 5308 5387 5617 5737 5561 5099 5571 5175 6196 5956 5613 5552 5516 5318 6025 5889 5529 5681 5121 5745 5648 5586 5277 5426 5561 5673 5298 5484 5639 5923 5566 5700 5582 5790 5599 5561 5485 4694 5609 6005 5429 5756 5446 5463 5509 5208 5501 5646 5410 5742 5629 5225 5470 5579 5416 5432 5263 5090 5380 5652 5789 5321 5563 5509
5527 5022 5258 4770 5320 4883 5719 5594 5021 5215 5363 4897 5157 4821 5109 4906 5381 5256 5027 5508 5229 5085 4733 4912 4650 5375 5585 4969 5531 5163 5127 5427 5431 5097 5184 5632 5090 5059 5135 5667 5192 5539 5057 5311 5377 5401 5292 5336 5080 5463 5502 5116 5221 5537 5074 5349 5286 5220 5758 5633 5355 4910 5296 5612 5590 4669 5229 4713 4942 5448 5412 5363 5272 4709 5020 4970 4875 5326 5532 5437 5498 5163 5189 5164 5242 5280 5154 5410 4920 5320 5249 5391 5575 5692 5292 4894 5251 5096 5045 5398 5393 5243 5789 5199 4826 5209 5273 5138 5100 5547 5349 5062 4802 5179 5457 5555 5088 5025 5202 5108 5151 4999 5221 5228 5236 5176 5351 5299 5044 5195 5503 5331 5098 5153 5281 5015 5724 5106 5317 5272 5355 5544 4904 5585 5371 5512 5730 5645 5135 4736 5074 5083 4987 5935 4811 5251 5141 5309 4918 5157 5188 5157 5177 5404 5350 5393 5512 4572 5562 5324 5217 5296 4877 5211 4916 5139 5141 4804 5649 5165 5084 5123 4933 5340 4501 4972 5457 4687 5560 4703 5059 5266 4844 5243 5479 5384 5483 5094 5465 4943 5772 5367 5159 5307 5041 4967 5798 5556 5484 5216 4924 5555 5805 5437 5049 5143 5302 5491 5073 5500 5159 5572 5144 5272 5412 5386 5343 5234 5339 4344 5188 5346 5216 5208 5182 5362 5065 5046 5140 5232 5022 5315 5395 4960 5226 5290 4773 5225 5097 4771 5187 5453 5477 5363 5197 5249
5354 5039 5410 4639 5123 5063 5319 5612 4602 5105 5149 4753 5057 5008 5342 4742 5244 5202 4973 5488 5104 5314 4747 4917 4718 5169 5289 4813 5518 5080 5181 5469 5298 5180 5135 5555 5197 5127 4984 5311 5209 5319 5055 5150 5622 5218 5506 5109 5299 5551 5353 5042 5238 5575 4980 5233 5365 5065 5508 5530 5204 4885 5363 5692 5445 4718 5075 4678 4831 5367 5161 5128 5423 4708 4973 4996 5274 5106 5353 5455 5290 4804 5010 5411 5094 4900 5112 5023 5120 5005 5280 5222 5607 5542 4853 4804 5285 5179 5235 5127 5470 5284 5636 5082 4730 5135 5394 5061 5026 5218 5244 5074 4931 5069 5431 5416 4944 5106 5130 4936 5031 4981 5349 5004 5106 5169 5574 5460 5430 5223 5668 5138 5145 5353 5375 5225 5506 4967 5212 5053 5226 5340 5060 5588 5294 5638 5762 5477 4890 4731 5055 5230 4776 5901 4919 5339 5125 4913 5083 5261 4914 4828 5126 5386 5108 5509 5452 4667 5559 5337 4991 4953 5064 5066 5109 5287 4961 4768 5260 4995 5196 4932 4885 5456 4392 4966 4935 4975 5658 4619 4996 5542 5149 5297 5673 5297 5222 5046 5427 4913 5633 5396 5222 5223 5044 5228 5709 5594 5428 5491 4936 5396 5426 4937 5192 5266 5298 5070 5234 5320 5257 5534 5260 5064 5257 5415 5166 5107 5317 4566 5205 5571 5258 5265 5265 5079 5029 5248 5235 5153 5079 5244 5061 4966 5203 5546 4847 5090 4880 4881 5269 5530 5616 5153 5172 5075
5190 5198 5398 4998 5081 4919 5763 5536 4542 5077 5333 4932 5386 5018 5492 4894 5521 5251 4971 5609 5099 5326 5171 5027 4898 5485 5542 5182 5491 5245 5108 5393 5154 5178 5156 5461 5291 5188 4844 5483 4922 5338 4997 5211 5473 5407 5405 5581 5331 5164 5525 5167 4976 5379 5001 4832 5336 5212 5711 5598 5159 5083 5280 5554 5530 4852 5203 5137 5058 5415 5384 5300 5369 4616 5208 5354 5148 5043 5351 5490 5497 5138 5329 5109 5301 5088 4995 5277 4835 5163 5134 5328 5337 5675 5231 5320 5125 5211 5144 5052 5116 5139 5339 4988 4621 5388 5449 5163 5444 5290 5220 4918 4840 5162 5279 5289 5135 5027 5094 5231 5327 5059 5195 5355 5107 5509 5418 5253 5251 5195 5670 5217 5258 5443 5512 5355 5685 5066 5563 5403 5328 5510 5218 5360 5290 5481 5756 5483 4977 4735 5117 5310 4752 5713 5012 5392 4957 4775 5078 5554 5299 5005 5464 5183 5038 5065 5274 4659 5402 5414 4904 5019 4935 4895 4890 5330 5174 4677 5250 5118 4947 5058 5164 5440 4666 5124 5303 4975 5445 5143 5004 5307 5182 5341 5840 5694 5188 5056 5362 4855 5850 5497 5276 5331 4964 5543 5931 5380 5347 5240 5122 5374 5543 5429 5113 5093 5173 5477 5270 5229 5195 5390 5211 5175 5306 5467 5359 5443 5291 4599 5454 5444 5156 5333 4957 5369 5038 5236 5064 5428 5174 5675 5232 5082 4975 5622 5181 5186 4890 4897 5055 5478 5495 5204 5212 5551
4960 4971 5179 4640 4915 4700 5298 5541 4704 5105 5246 4745 5020 4783 5174 4698 5353 5163 5115 5425 5135 5129 4812 4772 4758 5200 5285 4774 5330 4895 4940 5316 5304 5090 5175 5365 5094 4786 4893 5245 4989 5273 4952 5123 5239 5093 5554 5129 5217 5349 5258 5112 5000 5204 5061 5338 5284 5143 5433 5354 5354 4972 5287 5683 5279 4557 5490 4922 4952 5379 5484 5052 5316 4517 4971 5015 5052 4903 5398 5411 5038 4870 4924 5302 4983 4691 4957 5467 4688 5091 5136 5183 5464 5128 5047 4821 4921 4753 5274 5131 5300 4949 5555 5057 4741 5082 5240 5170 4901 5355 5189 5059 5033 4953 5210 5195 4882 5295 5056 4831 4937 5038 5238 5106 5168 4944 5221 5384 4908 5064 5236 5112 5069 5197 5371 5200 5429 4842 5346 5108 5370 5316 5009 5512 5451 5311 5620 5293 4899 4446 4861 5234 4647 5693 4506 5266 5013 4877 5153 5198 5159 4881 4931 5258 5093 5116 5409 4439 5491 4978 5044 5172 4549 4972 4947 5105 5198 4731 5193 4824 4898 5153 5130 5488 4754 4938 5226 4728 5892 4885 5074 5248 5170 5106 5307 5273 5366 4938 5018 4900 5569 5552 5076 5027 4916 4947 5313 5267 5287 5369 5091 5117 5373 5078 5070 4843 5078 5237 4996 5396 5074 5338 4907 5043 5088 5248 5272 5143 5103 4496 4982 5180 5205 5306 5230 5028 5004 4973 5182 5284 5129 5107 5268 4958 5173 5145 4894 5288 4879 4622 5211 5093 5314 5138 4857 4943
5347 5072 5665 4768 5059 5030 5404 5334 4664 5359 5294 4826 5145 4999 5254 4894 5141 5262 5091 5695 5398 5247 4657 5136 4873 5504 5494 4887 5795 4890 5180 5750 5205 5159 5160 5407 5322 5426 4806 5606 5194 5252 5074 5177 5674 5123 5482 5402 5123 5608 5252 5284 4862 5615 4798 5572 5280 5146 5394 5457 5275 5105 5302 5710 5769 4853 5409 5071 5106 5410 5611 5287 5734 4689 5188 5182 5507 5208 5647 5287 5546 5072 5207 5325 5033 5170 5412 5265 5103 5222 5563 5334 5389 5184 5207 5056 5069 5040 5350 5121 5479 5470 5734 5296 4726 5166 5431 5207 5246 5368 5480 5202 4973 5135 5423 5509 5023 5399 5398 5033 5166 5122 5153 5184 5449 5247 5524 5383 5074 5261 5654 5376 5101 5460 5527 5184 5471 5311 5370 5405 5563 5457 5002 5579 5501 5467 5902 5903 5091 4632 5056 5257 4759 5762 5029 5213 5284 5264 5031 5366 5429 5333 5387 5443 5152 5430 5633 4590 5710 5363 5017 5235 4924 5223 4963 5483 5369 4729 5448 4857 5037 5319 5105 5630 4791 5146 5277 4933 5732 4994 4880 5422 5359 5301 5876 5663 5361 5058 5133 5052 5730 5580 5460 5175 5333 5111 5712 5692 5526 5410 5027 5679 5696 5227 4973 5097 5578 5315 5402 5181 5140 5573 5176 5372 5225 5627 5256 5377 5456 4512 5386 5383 5334 5184 5071 5308 5032 5292 5309 5366 5479 5443 5486 5115 5182 5303 4987 5377 5062 4770 5388 5423 5559 5408 5363 5213
5242 5224 5619 5057 5266 5012 5470 5504 4728 5289 5462 5047 5191 4987 5437 4783 5283 5470 5210 5630 5364 5504 5016 5133 4906 5397 5621 4988 5566 5025 5241 5391 5259 5070 5187 5421 5407 5464 5031 5592 5129 5474 4921 5290 5603 5377 5342 5195 5343 5222 5473 5076 5139 5412 5105 5120 5294 5459 5571 5757 5519 5133 5175 5561 5551 5099 5288 5119 4883 5633 5325 5569 5593 4790 5397 5157 5462 4966 5274 5747 5288 5083 5345 5323 5302 5159 5330 5157 5056 5164 5508 5470 5533 5625 5208 5156 5511 5165 5296 5310 5525 5125 5514 5152 4769 5401 5309 5059 5303 5316 5379 5266 4631 5214 5060 5422 5242 5050 5411 5165 5506 5079 5148 5203 5549 5342 5398 5369 5207 5324 5527 5200 5097 5426 5469 5590 5565 4922 5608 5474 5210 5505 5082 5468 5506 5284 5691 5629 5015 4955 5193 5293 4731 5655 4783 5443 5433 5133 5160 5583 5515 5186 5367 5138 5101 5360 5493 4725 5513 5427 5278 5273 4919 5238 4782 5536 5315 4941 5260 5020 5140 5200 5230 5516 4798 5329 5100 5051 5789 5095 5101 5394 5306 5145 5622 5562 5424 5280 5083 5158 5901 5682 5412 5110 5316 5223 5882 5537 5345 5461 5086 5581 5425 5401 5273 5174 5626 5405 5451 5330 5369 5524 5217 5170 5232 5512 5549 5506 5278 4475 5156 5609 4917 5500 5418 5147 5230 5218 5228 5277 5394 5635 5310 4970 5141 5370 5237 5129 5222 4875 5124 5332 5540 5308 5340 5216
5121 5028 5333 4857 5201 4726 5213 5445 4851 5252 4963 4788 4737 4860 5052 4813 5262 5217 4951 5446 5201 5205 4852 4843 4667 5219 5255 4763 5611 4876 4992 5100 5108 4761 4917 5318 5146 4964 5013 5365 5203 5289 5023 5108 5466 5317 5157 5251 5036 5481 5264 5055 5207 5423 5198 5287 5211 5016 5760 5765 5103 5104 5198 5378 5360 4857 5139 4787 5066 5613 5262 5322 5166 4673 5185 4975 5214 4989 5514 5453 5419 4988 5118 5063 5076 5011 5244 5292 4745 4995 5213 4946 5245 5496 5054 4978 5021 4850 5177 5136 5330 5031 5772 5225 4700 5076 5316 5378 4957 5144 5261 5185 4564 5018 5192 4879 5315 5106 5239 5091 4946 4964 5034 5096 5257 5050 5074 5403 4965 5142 5544 5169 4850 5399 5169 5129 5311 4799 5103 5336 5221 5370 4706 5537 5334 5358 5348 5243 4946 4574 4758 5282 4837 5590 4561 5307 4873 4905 4878 5077 5328 4960 5007 5237 4956 5025 5397 4471 5168 5270 5088 5260 4481 4982 5109 5046 5199 4812 5377 5072 5130 5048 4973 5304 4625 4999 5175 4754 5488 4853 5183 5248 4890 5270 5386 5464 5294 5046 5248 4910 5679 5453 4886 4835 4948 5001 5659 5497 5277 5378 5012 5314 5589 5100 4979 4821 5237 5136 5244 5086 5272 5471 4974 5080 5375 5141 5194 4989 5071 4342 5150 4901 4989 5189 5166 5058 4893 5045 5240 5374 5119 5178 5279 4878 5032 5088 4871 5199 5138 4634 5351 5237 5564 5325 5101 5235
4911 4761 5181 4497 4872 4826 5197 5108 4540 4774 4689 4273 4857 4607 5034 4500 4853 4969 4614 5281 5011 4730 4733 4600 4699 4737 5204 4684 5275 4841 4751 4981 5081 4789 4760 5093 5011 4864 4628 5191 4595 5022 4695 4620 5154 5248 5258 5126 5062 4918 5126 4760 4756 5046 4859 4994 4897 4794 5117 5320 4715 4688 4821 4990 4963 4530 4979 4239 4537 5202 4904 5172 4949 4251 4732 4517 4932 4792 5183 5058 4996 4531 4904 4962 5063 4651 4900 4764 4648 4758 4981 4816 5083 5021 4422 4909 4906 4592 5184 4870 4854 4830 5201 4761 4688 4510 4935 4827 4885 5083 4955 4671 4248 4795 4952 5036 4723 4684 4830 4986 5227 4573 4921 5079 5004 4859 4933 5048 4855 4784 4869 4848 4833 4833 4833 4827 5296 4838 5263 4975 4955 5247 4684 5075 4883 5139 5387 4942 4815 4211 4846 4783 4573 5087 4248 4991 4905 4482 4583 4966 5041 4729 4988 4777 4707 5007 5222 4175 5030 4910 4597 4718 4353 4575 4626 4744 4943 4242 5026 4850 5016 4717 4735 4875 4455 4999 5001 4585 5212 4708 4575 4960 4662 4725 4817 5187 4812 4812 4735 4656 5337 5118 4776 4780 4780 5077 5407 5337 5013 5012 4580 5087 5383 4871 4720 4579 5124 4947 4858 4999 5004 5278 4884 4883 4575 4886 5068 4862 5020 4382 4768 5214 4599 4920 4929 4879 4639 4560 5101 4999 4703 5115 5000 4678 4493 5266 4717 4914 4810 4449 4742 4894 5104 4755 4754 4970
5195 5153 5542 4909 5125 4937 5410 5383 4729 5226 5064 4865 5389 5273 5255 5011 5304 5183 5006 5445 5227 5534 5055 5050 5029 5386 5698 4933 5458 5021 5432 5409 5448 5333 4862 5168 5488 5128 5136 5319 5207 5417 5157 5186 5688 5523 5296 5294 5421 5459 5313 5077 5557 5170 5036 5182 5101 5254 5357 5447 5197 5301 5053 5516 5669 4873 4987 5078 4885 5639 5288 5543 5400 4720 4979 5159 5387 5137 5528 5509 5356 4905 5425 5345 5163 4958 5307 4835 5015 5003 5332 5103 5463 5351 5200 5136 5354 5182 5484 5099 5322 5359 5671 4982 4706 5071 5218 5021 5122 5306 5305 4954 4873 5397 5234 5294 5225 5565 5639 5416 5197 5106 5094 5112 5266 5394 5436 5308 5224 5155 5374 5148 5197 5311 5669 5076 5551 5030 5758 5126 5277 5690 5190 5507 5468 5176 6110 5512 5057 4812 5132 5259 4907 5926 4664 5268 5486 5068 5286 5177 5511 4985 5172 5133 4971 5257 5356 4709 5401 5203 5204 5220 4783 5051 4890 5487 5385 4749 5336 4998 5039 5016 5112 5388 4945 5051 5011 4788 5652 5217 5023 5431 5253 5077 5755 5558 5346 5251 5290 4948 5623 5481 5243 5168 5250 5152 5832 5734 5386 5252 4984 5355 5588 5196 5238 5067 5431 5542 5000 5176 5373 5246 5235 5379 5384 5634 5355 5403 5210 4478 5246 5503 5032 5260 5014 5471 5003 4892 5380 5355 5310 5498 5058 5236 5343 5611 5131 5268 4796 4844 5254 5098 5515 5283 5029 5572
5596 5159 5605 5122 5425 5196 5706 5919 5152 5473 5310 5301 5424 5318 5441 5299 5647 5603 5180 5789 5462 5384 5054 5271 4987 5523 5611 5428 5798 5405 5330 5282 5222 5110 5344 5755 5790 5236 5290 5896 5377 5540 5489 5519 5813 5479 5652 5450 5537 5474 5625 5277 5481 5447 5458 5632 5693 5647 5603 5821 5527 5180 5411 5921 5685 4835 5523 5243 5140 5980 5586 5531 5434 4798 5097 5408 5637 5365 5649 5767 5474 5084 5308 5716 5777 5371 5425 5299 5237 5362 5427 5594 5497 5685 5401 5428 5435 5176 5389 5365 5632 5296 6011 5302 5254 5175 5578 5343 5458 5720 5664 5243 5208 5292 5392 5733 5357 5349 5520 5301 5740 5137 5631 5317 5693 5271 5475 5798 5420 5472 5998 5512 5658 5420 5542 5445 5729 5096 5826 5443 5567 5722 5196 5690 5637 5839 5815 5759 5302 4910 5374 5449 4989 5836 5092 5645 5605 4951 5621 5283 5722 5252 5516 5545 5409 5505 5890 5016 5877 5467 5523 5378 5002 5493 5211 5475 5426 4815 5825 5420 5187 5203 5159 5434 4940 5547 5449 5150 6037 4976 5333 5727 5187 5518 5799 5795 5317 5568 5334 5205 6027 5491 5522 5419 5617 5239 6040 5674 5351 5649 5244 5452 5706 5630 5401 5426 5561 5884 5148 5454 5635 5742 5540 5556 5509 5423 5774 5420 5566 4707 5672 5696 5305 5456 5188 5524 5313 5105 5464 5387 5438 5710 5515 5055 5508 5632 5655 5459 5274 5033 5180 5575 5589 5524 5352 5747
5042 4691 4953 4645 5060 4461 5292 4973 4219 4830 4975 4776 4693 4795 4931 4730 4773 5136 4672 5059 4801 4980 4728 4550 4312 4875 5298 4676 5371 4767 4804 5233 4791 4798 4766 5181 5090 4672 4913 5203 4712 5044 4967 4960 4987 4930 5012 5119 4903 5085 5160 4876 4965 4858 4730 4816 4985 4961 5356 5097 5124 4691 4966 5332 5046 4585 4698 4517 4613 5297 4781 5346 4991 4385 4945 4815 5025 4474 5113 5021 5072 4744 5147 5071 4668 4744 4743 4822 4746 4770 5058 4635 5121 5208 4683 4638 4813 4624 4878 4760 5206 4795 5352 4741 4452 4802 4753 5001 4731 5017 4989 4713 4425 4885 4726 5018 4857 4979 4887 4537 4886 4702 5048 5040 4942 4655 5477 4945 4904 4968 5047 5023 5135 5158 5103 4790 5339 4774 5250 5117 4920 5248 4795 5342 4861 4859 5359 5101 4773 4394 4481 4876 4593 5274 4315 4872 4836 4649 4924 4822 4933 4606 5264 4989 4629 4983 4985 4338 5002 4778 4851 4821 4544 4977 4633 5072 5063 4207 5061 4779 4749 4889 4649 4996 4561 4748 4920 4789 5302 4518 4884 5019 4668 4734 5210 5161 4765 5120 4730 4690 5450 5043 4786 4803 5015 4786 5373 5220 4993 5230 4744 5025 5024 4854 4566 4956 5025 5244 4890 4795 4849 5193 4886 4963 5182 5260 4857 5023 4692 4172 4935 4797 4743 5191 4601 4837 4765 4352 4748 4802 4902 5168 4835 4661 4800 5008 4776 4760 4715 4581 4905 5365 5266 4784 4807 5022
4630 4549 5118 4593 4879 4469 4802 4991 4245 4708 4661 4400 4609 4858 4806 4380 4848 4935 4566 5235 5111 4978 4750 4684 4479 5005 4910 4767 4946 4608 5084 5026 4830 4530 4673 4981 4838 4654 5036 4939 4636 4891 4660 4926 5237 4936 4802 4992 4490 4986 5113 4687 4616 5059 4714 4825 4843 5005 4908 5055 4957 4634 4815 5010 5283 4478 4838 4816 4471 5307 5008 4952 4959 4424 4700 4721 4944 4683 5147 5020 4738 4416 4926 4919 4593 4563 4706 4707 4565 4627 4867 4894 4858 5134 4619 4822 4647 4806 4900 4658 5216 5062 5382 4878 4300 4968 4822 5056 4623 4879 4977 4816 4361 4518 4765 4988 4887 4897 4875 4875 4783 4735 4653 4609 4855 4687 4870 4772 4973 4921 5069 4881 4898 5002 4965 4811 4997 4759 4925 5081 4914 5127 4842 4911 4936 5127 5155 5036 4541 4288 4726 4703 4447 5121 4431 4706 4638 4599 4678 4897 5139 4650 4995 4857 4742 4880 4853 4322 5117 5056 4575 4691 4460 4692 4568 5019 4919 4377 4879 4561 4617 4635 4604 5097 4393 4623 4946 4534 5371 4675 4718 5023 4691 4687 5150 5115 4843 4629 4686 4612 5387 5047 4750 4784 4846 4595 5551 4999 4893 5093 4762 4888 4996 4771 4714 4664 4980 4971 4739 4838 5081 5127 4732 4676 5253 5049 4968 5031 4984 4190 5063 4737 4569 4998 4644 4770 4436 4514 4938 4749 4836 5090 4929 4539 4489 5003 4820 4663 4908 4334 4779 4938 5121 4711 4813 4811
5117 5003 5172 4796 5213 4854 5335 5533 4538 5399 5172 4796 5396 4723 5135 4778 5237 4965 4976 5395 5215 5245 4913 4961 4919 5202 5291 5028 5505 5035 4782 5222 5124 5119 5070 5378 5243 4697 5061 5267 4824 5172 4954 5125 5479 5238 5278 5203 5237 5272 5194 4884 5216 5420 5089 5250 5209 5351 5382 5224 5224 4860 5205 5440 5385 4643 5314 5103 4625 5422 5469 5372 5280 4730 5067 5138 5265 5095 5247 5405 5399 4742 5233 5210 5196 5017 5048 5201 4795 4981 5334 5313 5196 5340 5178 4847 4938 4903 5392 5093 5543 4956 5886 4780 4674 5282 5305 5155 5082 5236 5430 5103 4751 5071 5092 5185 5101 5008 5128 4870 5013 4926 5028 5171 4936 5084 5218 5111 4924 5049 5523 4846 5051 5424 5223 5258 5479 4499 5168 5192 5135 5500 4915 5214 5408 5316 5711 5386 5181 4687 5043 5241 4891 5715 4445 5139 4850 4806 5077 5216 5272 5103 5207 5366 5028 5288 5155 4524 5512 5073 4880 5081 4628 5052 4943 4916 5124 5011 5252 4883 5176 5128 5011 5038 4416 4900 5169 4773 5464 4780 4973 5059 4925 5118 5459 5247 5152 4948 4943 4688 5894 5432 5219 5001 4889 4844 5501 5467 5107 5250 4822 5452 5257 5339 4914 5134 5178 5586 5009 5155 5100 5543 4973 5040 5308 5394 5301 5277 5176 4213 5170 5201 5104 5556 5008 5074 4818 4961 4991 5287 5076 5356 5458 4987 4930 5222 5099 5077 4782 4782 5074 5143 5471 5020 4727 5208
5632 5352 5731 4825 5319 5140 6060 5853 5162 5463 5387 5331 5464 5008 5613 5229 5685 5810 5057 5871 5558 5514 5283 5221 5114 5530 5702 5334 5933 5245 5445 5715 5620 5285 5297 5634 5548 5370 5502 5495 5306 5826 5194 5241 5750 5736 5839 5834 5291 5534 5702 5425 5319 5645 5198 5498 5330 5658 5780 5868 5494 5369 5365 5738 5878 5052 5474 5152 5388 5876 5525 5726 5400 4758 5507 5440 5588 5344 5748 5719 5672 5269 5482 5496 5405 5271 5399 5599 5075 5468 5539 5472 5574 5602 5291 5407 5434 5197 5562 5187 5617 5467 5947 5390 4817 5555 5498 5520 5515 5674 5538 5206 4936 5484 5387 5513 5521 5506 5638 5557 5336 5376 5381 5587 5352 5395 5593 5601 5358 5355 6032 5403 5582 5329 5740 5331 5877 5196 5769 5614 5476 5592 5152 5685 5781 5756 6143 5814 5325 4903 5437 5464 5288 5842 4971 5897 5518 5030 5614 5381 5871 5348 5430 5503 5206 5541 5615 4774 5455 5447 5587 5373 5200 5367 5362 5552 5495 4945 5596 5270 5164 5513 5301 5589 5133 5282 5537 5038 5592 5271 5251 5514 5441 5374 5960 5923 5460 5456 5441 5167 6159 6043 5468 5529 5463 5223 6030 5980 5699 5801 5329 5670 5869 5511 5476 5480 5334 5905 5287 5296 5639 5704 5381 5626 5337 5656 5749 5688 5568 4914 5403 5795 5173 5673 5559 5555 5457 5166 5551 5557 5430 5653 5427 5038 5472 5646 5361 5446 5300 5024 5275 5603 5525 5495 5463 5496
5221 4823 5147 4646 4885 4895 5259 5316 4596 5207 4849 4813 5095 4864 5272 4851 5126 5097 4751 5289 5103 5170 4695 4594 4722 5253 5175 4857 5411 4644 4912 5149 5018 4938 5072 5135 5148 5053 5059 5446 5010 5190 4754 4814 5326 5117 5346 5269 4676 5373 4952 5008 4675 5200 4901 4936 5147 5201 4918 5354 5352 4966 4737 5378 5177 4717 4962 4738 4954 5532 5008 5025 5364 4533 5059 4999 5248 5059 5403 5004 5007 4870 5322 5349 5027 4766 5069 5130 4738 5053 5102 4782 5213 5372 4953 4852 5165 4769 5175 4923 4959 4863 5336 4942 4750 5055 5295 5032 4964 5123 5244 5007 4597 4899 5091 5177 4851 5124 5266 4955 4929 4950 4824 5049 5246 4679 5194 5397 5174 5248 5528 5415 5000 5174 5203 5245 5069 4849 5305 5077 4914 5265 5011 5364 5277 5385 5670 5187 4867 4631 4836 4860 4607 5524 4734 5227 5122 4721 4883 4679 5269 4913 4922 4982 5086 5028 5494 4491 5195 5237 4766 4990 4637 4856 4624 5148 5176 4576 5360 4840 4964 5113 4842 5630 4487 4951 5070 4894 5370 4999 4947 5321 4905 4851 5203 5458 4894 4787 4880 4625 5658 5386 5039 4818 5161 4851 5615 5568 5017 5119 4852 5268 5170 4782 4796 4986 5191 5268 4933 5113 4849 5423 4892 5152 4987 5169 4894 5141 4952 4381 5120 5003 5181 5157 4858 4820 4871 4887 4945 5054 5025 5400 5217 4554 4891 5223 4711 4824 4821 4449 5058 5172 4932 5100 4877 4855
5644 5484 5489 5048 5654 5099 5934 5846 5096 5552 5605 5213 5503 5159 5905 5213 5437 5528 5181 5801 5589 5542 5376 5443 5247 5787 5922 5430 5753 5341 5472 5640 5574 5645 5221 5619 5670 5153 5250 5496 5470 5577 5360 5361 5903 5452 5589 5731 5379 5866 5565 5322 5335 5617 5505 5311 5335 5594 5852 5689 5500 5329 5531 5784 5661 5226 5508 5412 5648 5946 5731 5741 5518 4797 5584 5323 5662 5548 5852 5643 5808 5230 5836 5513 5733 5242 5526 5792 4994 5485 5885 5564 5778 5813 5363 5608 5470 5229 5574 5460 5813 5511 5975 5481 4817 5755 5654 5570 5210 5912 5292 5205 5027 5261 5418 5668 5326 5531 5753 5443 5473 5287 5384 5690 5251 5600 5597 5485 5527 5653 6167 5572 5663 5620 5450 5433 5912 5271 5714 5637 5608 6054 5497 5919 5659 5975 6161 5575 5300 4794 5437 5270 5174 5839 5104 5820 5608 5112 5610 5222 5928 5414 5589 5323 5474 5579 5672 5069 5566 5565 5301 5220 4883 5241 5379 5450 5640 5072 5839 5090 5231 5346 5208 5847 4986 5430 5696 5387 5791 5169 5297 5623 5413 5442 5979 5958 5676 5556 5433 5167 6225 5735 5469 5269 5420 5465 6177 6047 5486 5675 5153 5560 5873 5826 5322 5414 5806 6022 5304 5552 5609 5945 5530 5502 5806 5742 5580 5672 5562 4846 5689 5754 5176 5711 5430 5278 5117 5362 5397 5559 5425 5956 5696 5449 5448 5637 5499 5448 5366 5274 5414 5369 5757 5503 5412 5606
5223 5133 5242 4856 5154 4938 5322 5430 4432 5284 4887 4722 5185 4867 5020 4542 5134 5149 4884 5413 5389 5147 4719 4955 4745 5165 5352 5018 5415 5129 5107 5173 5161 5185 4751 5316 5047 4859 4880 5411 5182 5081 4805 4838 5485 5286 5262 5230 5206 5328 5310 5050 5021 5263 5035 5213 5234 5277 5564 5312 5225 4771 5066 5320 5453 4827 5203 5025 4767 5301 5469 5236 5324 4662 4805 5170 5359 5096 5543 5268 5409 4810 5063 5271 4891 5057 5198 5154 4800 5142 4981 5378 5246 5395 4928 5127 4932 4962 5090 4962 5221 5124 5673 4747 4526 4936 5289 5134 5247 5278 5169 5254 4344 4942 5041 5170 5128 5140 4980 5030 4935 5026 5221 4804 5070 5147 5274 5362 4893 4975 5411 5005 5064 5239 5318 5042 5750 4821 5184 5097 5103 5163 4984 5337 5322 5303 5650 5044 4965 4576 4867 5255 4916 5605 4834 5284 4774 4595 5034 5305 5040 4740 5119 5163 5003 4882 5201 4495 5498 5095 4895 4979 5010 4924 5017 4938 4888 4599 5217 4812 4909 4933 5068 5248 4688 4973 5249 4717 5483 4935 5164 5365 4969 4945 5387 5367 4968 4955 5077 4688 5736 5315 4956 5150 5065 5260 5742 5460 5395 5292 4902 5269 5389 5008 4859 4775 5180 5496 5160 5076 5336 5327 4943 5124 5147 5338 5090 5392 5197 4150 5150 5281 5012 5307 5012 4979 5009 4953 5159 5213 5039 5272 5164 4914 5006 5395 5116 4974 4841 4931 4966 5199 5324 4956 4919 5070
5612 5320 5885 5278 5274 5256 5652 5742 5171 5437 5441 5337 5435 4962 5325 5095 5618 5576 5498 5828 5683 5582 5231 5130 5244 5243 5772 5349 5736 5120 5435 5806 5676 5276 5414 5846 5748 5358 5266 5746 5266 5386 5339 5394 5712 5737 5646 5610 5739 5675 5629 5399 5357 5728 5335 5680 5585 5812 5899 5816 5648 5455 5358 5833 5713 5494 5780 5338 5270 5841 5680 5452 5772 4908 5307 5527 5605 5410 5680 6169 5501 5212 5571 5661 5581 5333 5555 5378 5101 5625 5619 5616 5401 5667 5318 5538 5288 5394 5669 5336 5830 5446 5946 5477 4952 5432 5940 5358 5547 5542 5604 5439 5189 5571 5491 5587 5249 5678 5287 5424 5415 5324 5561 5294 5696 5482 5534 5735 5590 5313 5753 5554 5553 5622 5812 5460 5855 5312 5909 5646 5619 5947 5439 5925 5665 5891 5824 5786 5145 5004 5558 5407 5352 6047 5081 5637 5364 5291 5171 5723 5986 5495 5516 5544 5338 5499 5827 4912 5672 5653 5282 5556 5054 5615 5224 5813 5504 5142 5509 5256 5357 5516 5583 5867 4863 5437 5420 5269 5901 5430 5253 5412 5630 5559 6071 5983 5528 5634 5520 4952 6116 5873 5581 5499 5457 5468 5969 5756 5542 5700 5406 5662 5824 5413 5368 5289 5762 5642 5292 5528 5617 6038 5400 5587 5545 5509 5654 5656 5741 4872 5667 5631 5444 5640 5725 5490 5399 5297 5612 5597 5740 5828 5585 5428 5279 5773 5585 5734 5206 5143 5272 5644 5712 5484 5142 5493
5375 4974 5325 4729 5587 4984 5677 5307 4707 5174 5262 4796 5237 4986 5195 4698 5187 5384 5099 5562 5326 5110 4827 5209 4795 5250 5354 5025 5613 5047 5269 5486 5066 5194 5238 5354 5067 5118 5161 5489 5453 5422 5109 5360 5419 5598 5351 5306 4895 5484 5239 5016 5109 5317 5205 5421 5352 5177 5731 5582 5262 5057 5366 5672 5587 5048 5291 4957 5128 5590 5656 5333 5392 4810 5086 5118 5178 4972 5621 5285 5325 4969 5325 5439 5072 5225 5363 5183 4923 5291 5437 5154 5358 5306 5177 4966 5134 5152 5260 5425 5234 5160 5546 4999 5027 5231 5213 5255 5092 5395 5508 4822 5001 5175 5286 5403 5145 5152 5281 5008 5230 4976 5045 5100 5039 5389 5185 5320 5166 5408 5243 5331 5267 5313 5147 5117 5290 5332 5507 5403 5510 5538 4982 5614 5626 5418 5953 5670 4999 4758 5186 5207 4998 5774 4659 5356 5137 5009 5342 5049 5297 4919 5318 5293 5189 5267 5216 4676 5402 5307 4984 5253 4827 5049 4919 5256 5339 4835 5685 5154 5176 4934 5166 5423 4800 5251 5100 4898 5806 4812 4999 5358 4836 5148 5483 5404 5175 5238 5142 5048 5866 5355 5105 4789 5028 4963 5848 5469 5149 5003 4983 5361 5365 5473 4727 4941 5559 5369 5116 5380 4855 5755 5166 5342 5375 5518 5251 4870 5201 4465 5348 5271 5256 5268 4940 5212 5061 4774 5119 5197 5091 5373 5551 5102 5373 5156 4915 5165 4869 4889 5354 5575 5275 5304 5261 5455
4964 5092 5436 4827 5289 5087 5491 5835 4615 5260 5421 4814 5317 5240 5528 5081 5395 5286 5079 5875 5266 5607 4783 4821 4994 5368 5626 5113 5649 5402 5257 5268 5399 5071 5229 5601 5269 5043 5106 5302 5244 5191 4831 5327 5431 5227 5357 5371 5372 5721 5381 5174 4891 5395 4936 5241 5357 5290 5448 5628 5227 4824 5216 5587 5563 4852 5302 5039 4996 5580 5413 5193 5181 4634 5311 5246 5215 5124 5472 5424 5213 4959 5468 5193 5372 4828 5146 5096 4665 4983 5409 5261 5530 5795 5200 4955 5445 5140 5294 5051 5412 5087 5496 5196 5015 5334 5171 5157 5386 5495 4960 5199 4609 5160 5473 5331 4989 5236 5289 5298 5238 4869 5223 5301 5294 5056 5366 5318 5165 5568 5492 5136 5103 5415 5196 5288 5417 5090 5101 5366 5217 5582 5204 5510 5503 5497 5825 5624 5312 4823 4893 5331 4767 5538 4916 4973 5405 5010 4806 5189 5250 5084 5257 5135 5082 5181 5459 4774 5358 5301 5136 5116 4779 5071 5050 5159 5651 4854 5301 5053 5304 5115 5219 5364 4655 5244 5149 4746 5748 4802 4884 5375 5055 5222 5537 5463 5361 5120 5285 5098 5745 5608 4922 5290 5156 5149 5717 5447 5447 5349 4970 5261 5564 5072 5250 5055 5440 5329 5126 5216 5483 5516 5296 5174 5457 5477 5182 5199 5327 4366 5212 5281 5321 5513 5274 5111 5058 4977 5205 5357 5231 5051 5296 5219 5092 5368 5158 5113 4928 4775 5001 5365 5518 5085 5159 5386
4731 4475 5057 4477 4910 4426 5269 4992 4523 4890 4856 4610 4981 4461 4847 4573 4977 4713 4836 5424 4768 4841 4402 4277 4796 4745 5164 4626 5025 4884 4773 4962 4852 4640 4701 5078 4928 4802 4887 5192 4953 4788 4789 4869 5083 4996 5190 5157 4605 5057 4957 4936 4538 5041 4423 4737 4991 4650 4974 4932 4938 4668 4753 5291 5092 4505 4904 4720 4680 5026 4967 5091 4995 4242 4738 4527 4732 4805 5013 4977 4913 4582 4905 4863 4805 4716 4857 4709 4753 4527 4919 4995 4801 5039 4661 4622 4893 4732 4521 4626 5037 4861 5074 4745 4388 4943 5034 4723 5067 4871 4880 4999 4326 4820 5025 4825 4667 4671 5101 4775 4747 4516 4959 4758 4583 4852 5020 4927 4843 4870 5137 4746 4896 4993 4955 4671 5267 4505 5170 4921 4897 5022 4791 4936 5028 5146 5246 5186 4520 4300 4539 4890 4337 5250 4293 4911 4959 4825 4610 4836 4973 4718 4726 4812 4976 5130 5141 4466 5042 4851 4832 4875 4334 4601 4542 4812 4933 4307 5076 4674 4554 4779 4631 5071 4284 4865 4823 4681 4948 4991 4681 4865 4704 4893 5151 5083 4804 4576 4694 4832 5339 4964 4904 4617 5014 4677 5254 5116 5165 5190 4561 4780 5206 4958 4598 4656 4887 5170 4671 4705 5079 5106 4890 4863 4751 4930 5194 4828 4635 4291 4932 5367 4708 5038 4714 4908 4687 4397 4906 5088 4896 4733 4844 4634 5051 5130 4647 4627 4673 4499 4882 4858 5226 4900 4633 4889
5394 5053 5131 4872 5229 4913 5526 5631 4758 5090 5383 4841 5205 4890 5172 4930 5195 5335 5080 5630 5241 5299 5008 5010 4680 5277 5371 5138 5547 5074 5426 5281 5280 5207 4978 5714 5337 4983 4885 5715 5223 5262 5029 5055 5627 5228 5628 5486 5313 5469 5531 5094 4976 5239 5154 5462 5374 5212 5725 5146 5265 4953 5194 5742 5412 4712 5330 5167 5042 5705 5621 5322 5473 4661 4945 5044 5307 5137 5446 5535 5544 4963 5326 5256 5245 5016 5350 5484 4760 5455 5350 5505 5418 5480 4970 5156 5265 4872 5264 5202 5388 5037 5639 5152 4782 5297 5578 5220 5115 5424 5517 4906 4812 5039 5411 5271 5299 5090 5422 4888 5274 5110 5127 5366 5273 5291 5299 5356 5217 5500 5646 5170 5071 5450 5467 5009 5761 5042 5492 5214 5442 5506 5019 5473 5429 5289 5491 5625 5023 4807 5042 4878 4856 5401 4998 5562 5068 4893 5102 5093 5458 5093 5066 5119 5060 5035 5548 4707 5644 5165 4874 5148 4536 5178 5070 5208 5459 4923 5526 5075 5146 5275 4890 5434 4734 5179 5380 5057 5327 4911 5077 5231 4944 5355 5709 5740 5301 5214 5185 5047 6024 5444 5266 5069 5616 5239 5770 5337 5223 5197 5069 5300 5583 5287 5051 5080 5204 5722 4966 5378 5075 5470 4981 5178 5094 5422 5501 5484 5571 4524 5478 5379 5096 5097 5060 5145 5047 5017 5166 5240 5236 5434 5310 4915 5170 5236 5197 5134 5070 4932 5441 5524 5532 5319 5246 5150
5403 5239 5607 4706 5376 5157 5626 5577 4857 5458 5265 4898 5214 4918 5402 5044 5192 5360 5056 5485 5608 5270 4920 4896 4853 5376 5405 5483 5685 5355 5210 5548 5305 5106 5161 5648 5332 5020 5107 5498 5117 5664 5075 5220 5456 5258 5403 5310 5085 5533 5292 5348 5078 5297 5289 5517 5355 5533 5639 5569 5400 5148 5170 5490 5621 5032 5450 5196 4898 5549 5520 5089 5319 4805 4864 5392 5245 5228 5482 5434 5509 5075 5361 5536 5599 5178 5343 5209 5040 4988 5451 5597 5461 5688 5172 5258 5404 5281 5434 5228 5421 5198 5875 5219 4918 5420 5482 5096 5200 5536 5331 5336 4869 4995 5283 5542 5190 5181 5328 5017 5251 5112 5358 5173 5363 5210 5179 5609 5299 5420 5738 5256 5490 5415 5552 5119 5675 4898 5633 5464 5429 5634 5059 5341 5522 5833 5736 5538 5168 4838 5235 5425 5143 5708 4612 5265 5364 4916 5271 5335 5623 4866 5455 5524 5326 5336 5512 4775 5348 5145 4942 5229 5101 5148 5115 5391 5473 4823 5617 4998 5151 5148 5187 5517 4596 5171 5418 4913 5867 4856 5179 5540 5015 5606 5676 5548 5308 5358 5356 5043 6130 5314 5476 5206 5171 5068 5971 5661 5358 5312 5061 5398 5504 5466 5119 5287 5612 5539 5249 5433 5165 5676 5437 5365 5325 5617 5579 5212 5231 4535 5424 5468 5210 5444 5191 5387 5162 4970 5584 5325 4994 5688 5488 5075 5377 5528 5106 5431 4932 5032 5162 5420 5439 5296 5076 5337
5122 5120 5528 4836 5284 4936 5533 5517 4504 5082 5198 4912 4969 4824 5140 4795 5221 5202 5217 5357 5381 5316 4770 4637 4813 5142 5473 4936 5548 4851 5175 5276 5173 5011 4884 5375 5313 4976 5030 5164 5224 5232 4961 4942 5392 5023 5408 5501 5180 5565 5161 4911 4919 5298 4868 5251 5265 5055 5306 5580 5342 4824 5242 5581 5314 4666 5241 4845 5064 5702 5317 5092 5250 4334 5050 5002 5092 4717 5410 5457 5325 4939 5111 5343 5098 4766 5201 4996 4750 4633 5123 5036 5328 5366 5096 5048 5277 4765 5083 4957 5322 4949 5639 5258 4750 5191 5027 4997 5248 5377 5067 4983 4506 4912 5153 4958 5000 5207 5088 5289 4996 4665 5117 4992 4968 4933 5121 5165 5148 5204 5305 4990 5035 5074 5256 4981 5389 4763 5084 5094 5028 5297 4972 5551 5264 5494 5727 5297 4901 4429 4700 5209 4617 5382 4816 5333 5013 4701 5031 5238 5279 5007 4882 5147 5064 5236 5323 4580 5230 5158 5015 4844 4612 5110 4990 5118 5120 4519 5212 4810 5151 5075 5097 5323 4840 4906 5405 4615 5522 4897 4875 5217 5002 5235 5549 5540 5204 5106 5123 4688 5908 5539 4859 5036 4920 5016 5483 5395 5288 5188 4811 5251 5581 5065 4930 5138 5697 5302 5058 5125 5248 5302 5219 5270 5186 5344 5134 5327 5475 4242 4992 5278 5246 5473 4946 5020 5213 4791 5251 5334 5150 5161 5178 5095 5016 5397 5241 5096 4890 4921 5162 5336 5368 5146 4827 5326
5167 4990 5123 5019 5088 4812 5402 5397 4684 5335 4787 4803 5077 4894 5106 4962 5086 4947 5008 5364 4938 5380 5067 4767 4707 4917 5171 4728 5273 4707 4820 5200 5101 4928 5049 5535 5187 4667 4988 5224 5056 5164 4695 4787 5360 5014 5299 5074 5152 5124 5047 5138 5179 5284 4928 5069 4964 4988 5074 5118 5153 4909 5053 5472 5318 4710 5031 4872 4992 5344 5085 5137 5200 4534 4923 5000 5157 4861 5331 5209 5286 4784 5152 5164 5060 4866 5237 5063 4818 5011 5081 4966 5295 5450 4949 4886 4995 4912 5174 5002 5186 4956 5220 5054 4272 5297 5145 5068 5140 5142 5208 4896 4640 4655 5122 5261 5028 4956 5041 5111 4926 4917 4888 4908 4963 5073 5078 5386 5114 5103 5393 5081 4997 5246 5280 5323 5483 4676 5080 5151 5155 5173 5016 5293 5265 5419 5406 5294 4654 4469 4898 5108 4725 5353 4824 5145 5292 4705 5008 4904 5129 4677 5042 5139 5053 4870 5348 4556 5419 5154 4966 4806 4685 4861 4986 5102 5309 4632 5038 4923 4846 5212 4874 5376 4649 4981 5255 4801 5447 4718 4965 5191 4835 4870 5282 5562 5112 4966 4971 4924 5683 5140 5047 4936 5130 4853 5518 5562 5139 5447 4537 4956 5112 4846 4857 5155 5129 5318 4873 5224 5234 5264 4776 4941 5080 5274 5235 5032 5103 4073 5123 4955 4955 5108 5062 4912 5012 5137 4901 4968 4893 5324 5105 4953 5009 5402 5148 5055 4992 4587 5183 5188 5486 5062 4917 5137
5527 4974 5228 4725 5211 5060 5271 5187 4553 5452 4982 4602 4988 5110 5366 4793 5127 5348 5025 5408 5235 5397 4864 5145 4926 5510 5407 4867 6004 5206 4968 5237 5368 5104 5165 5063 5372 5370 5110 5264 5128 4906 5156 4956 5501 5134 5278 5229 4988 5417 5563 5124 4928 5479 4878 5104 5315 5255 5424 5077 5232 4863 5066 5462 5276 4998 5184 4734 5270 5793 5298 5455 5660 4529 5121 5255 5273 5009 5722 5263 5474 5063 5223 5352 5151 5080 5179 5229 4710 5195 5356 5173 5323 5235 5065 5130 5278 5052 5301 4905 5504 5077 5283 5150 5075 5359 5419 5231 5046 5415 5427 5258 4827 5131 5427 5339 5053 5155 5085 5050 5021 4944 5356 5171 5209 5315 5056 5583 5037 5314 5468 5092 5286 5269 5130 5430 5648 4971 5232 5525 5438 5324 4959 5311 5656 5112 5518 5534 4842 4638 5110 5264 5005 5677 4755 5308 5216 5014 5204 5021 5235 5035 5362 5322 5258 5357 5469 4704 5462 5372 5070 5024 4700 5061 4971 5149 5236 4844 5472 4956 5024 4825 5016 5600 4691 5231 4981 5149 5801 5012 4992 5546 5165 5189 5449 5579 5298 5154 5369 4974 5552 5577 5194 5044 5347 4881 5839 5399 5496 5279 5113 5332 5452 5126 5100 4926 5492 5384 5129 5201 4993 5609 5115 5118 5418 5291 5044 5124 5062 4287 5508 5194 5381 5109 4979 5104 4877 5027 5162 5168 5023 5525 5108 4785 5174 5390 5203 5110 5120 5147 5231 5212 5362 5205 5400 5243
5387 5286 5495 5167 5460 5194 5768 5713 4584 5525 5465 4935 5272 4975 5473 5050 5158 5203 5148 5698 5460 5164 5084 4717 5078 5489 5364 5324 5674 5248 5347 5426 5450 5303 5208 5377 5309 5014 5166 5554 5321 5311 5326 5484 5712 5163 5493 5590 5180 5388 5433 5565 4853 5321 5137 5246 5618 5215 5559 5587 5611 5130 5305 5753 5613 4755 5313 4935 5220 5816 5462 5373 5700 4777 5260 5163 5428 5057 5707 5371 5348 5082 5294 5289 5279 5189 5164 5224 4789 4969 5449 5298 5595 5291 5146 5291 5310 5198 5324 5215 5247 5180 5695 5120 4850 5346 5341 5409 5093 5591 5263 5325 4556 5387 5519 5436 5235 5010 5312 5347 5242 5179 5327 5214 5306 5146 5327 5325 5353 5587 5498 5311 5348 5408 5276 5047 5784 4936 5734 5398 5325 5622 5058 5704 5285 5529 5613 5820 5220 4687 5150 5254 4832 5442 4712 5512 5261 5095 4997 5439 5226 4919 5377 5433 5221 5246 5462 4835 5610 5592 5127 5282 4920 5063 5090 5509 5208 4685 5468 5191 4815 4962 5380 5769 4933 5321 5320 4981 5616 5034 5355 5372 5215 5214 5535 5365 5428 4929 5287 5040 5961 5618 5350 5323 5188 5419 6089 5630 5576 5391 5292 5329 5651 5417 5266 5125 5510 5432 5362 5217 5432 5395 5122 5271 5278 5705 5478 5350 5090 4603 5304 5369 5355 5316 5456 5212 5125 5047 5347 5492 5220 5339 5417 5170 5158 5377 4972 5184 5079 5052 5544 5464 5517 5162 5141 5425
5110 5054 5134 4781 4997 5139 5434 5382 4678 5056 4778 4865 4895 4836 5250 4878 5276 5000 4850 5359 5121 5085 4737 4875 4712 5076 5301 4762 5416 4980 4963 5225 5185 4809 5099 5226 5111 4829 5028 5364 5178 5018 5142 4900 5569 5123 5142 5184 5007 5271 5243 5098 4953 5119 5076 5276 5222 5152 5330 5205 5138 4687 5096 5347 5219 4568 5268 4752 4608 5391 5161 5366 5214 4317 4843 5110 5193 4984 5247 5164 5323 4635 4925 5241 5145 5066 5109 5095 4625 4668 4965 5144 5247 5074 4783 5018 5029 4969 5133 4921 5130 4967 5639 5045 4965 4865 5112 5079 4913 5292 5407 4817 4484 4987 5034 5194 5090 5222 5182 5170 5112 4952 5007 4985 5171 5094 5358 5279 5186 5062 5419 5275 5131 5108 5021 5063 5366 5127 5334 5269 5173 5269 5004 5500 5337 5151 5578 5464 4769 4581 5011 5150 5023 5612 4555 5599 5068 4785 5075 5090 5495 4973 4906 5107 5016 4861 5373 4542 5625 4819 5020 5058 4485 5118 4651 5169 5052 4541 5323 4902 4847 5079 5050 5598 4743 4958 4995 4859 5260 4888 4831 5034 4887 5012 5354 5438 5055 4980 4879 4949 5715 5304 4955 5065 5153 5200 5574 5398 5203 5249 4980 5193 5435 4894 4885 5285 5484 5474 4849 5227 5126 5374 5226 4934 5012 5155 5203 5164 5239 4563 4937 5167 5060 5060 4943 4958 4904 4932 5283 5152 4856 5287 5143 4865 5194 5353 4918 4935 4919 4772 5116 5307 5167 5100 4897 5084
5181 4952 5137 4654 5110 4767 5297 4970 4531 4883 5100 4453 4905 4755 5159 4445 4916 5126 4550 5161 5131 5220 4627 4565 4842 5064 5138 4771 5375 4895 4860 5291 5124 4919 4848 5175 4959 4990 4916 5130 5022 4997 4793 4898 5189 5062 5176 5015 4842 5132 4975 4693 4902 4956 4657 4868 4966 4823 5342 5198 4866 4783 4902 5318 5095 4480 4950 4828 4828 5459 5119 5085 5086 4213 5082 4657 5134 4891 5148 5243 5190 4656 5269 4983 4774 4524 5155 4753 4596 4855 5031 4983 5133 4897 4894 4592 5102 4950 5095 4904 5238 4961 5249 4831 4679 4931 4875 4908 4792 5026 5070 4835 4551 4913 4869 4995 4706 4690 5127 4958 4936 4496 4928 4986 4736 5074 5049 5064 4963 5028 5268 4867 4893 4894 4975 4931 5188 4750 5193 4870 5089 5111 4769 5151 5196 5066 5556 5187 5009 4528 4870 4892 4546 5170 4419 4893 5018 4674 4751 4962 4997 4800 4843 4666 4910 5069 5063 4421 5106 5049 4596 4576 4296 4699 4523 4880 5187 4575 5130 4801 4871 4994 4707 5136 4598 4791 4671 4555 4862 4739 4680 5132 4991 4587 5413 5250 5043 4700 4834 4573 5583 5381 4807 4867 5148 4905 5373 5478 5101 4955 4410 4837 5187 5052 4741 4858 5026 5227 5063 4897 5103 4960 4683 4739 4806 5019 5039 4859 4902 4466 5123 5160 4776 5301 4920 5118 4843 4968 4970 5191 4815 4994 5088 4897 4958 5029 4779 4842 4914 4502 4837 5063 5121 5113 4739 4793
4779 4830 4941 4762 4743 4499 5274 4825 4318 4742 4599 4850 4544 4740 4796 4406 4924 4981 4757 5208 4794 4945 4590 4454 4643 4735 5110 4574 5330 4504 4779 4816 4761 4784 4690 4775 5005 4533 4858 5196 5055 4845 5060 4868 5105 5166 4926 5093 4716 5018 5200 4818 4583 5211 4650 5134 5039 4685 5101 5021 4872 4842 5231 5169 5107 4490 4941 4472 4677 5298 5038 5053 4962 4201 4648 4548 4890 4585 5170 4830 4897 4580 4946 4981 4682 4813 4940 4725 4492 4378 4832 4714 4927 4968 4728 4661 4487 4359 4477 4634 5094 4659 5113 4813 4004 4977 4782 4764 4941 5056 4857 4651 4321 4730 4962 5170 4690 4875 5090 4891 4870 4512 4670 4800 4615 4830 4990 4927 4687 4894 5043 4707 4932 5090 4889 4677 4998 4455 5156 5032 5085 4886 4727 5143 5120 4933 5121 5232 4371 4438 4478 4856 4560 5326 4293 4842 4692 4618 4661 4903 4915 4627 4884 4595 4747 4775 4879 4339 5287 4824 4687 4519 4338 4883 4454 4842 4825 4440 5041 4730 4570 4905 4809 5078 4585 4703 5046 4396 5150 4598 4527 5102 4605 4677 5029 5039 4634 4730 4925 4596 5376 4906 4678 4725 4717 4724 5105 4868 5021 4942 4490 4951 5116 4680 4785 4784 4959 5065 4678 4630 4904 4996 4607 4894 4903 4938 5053 5121 5063 4243 4702 5216 4705 4918 4642 4761 4748 4622 4736 4921 4899 5130 4906 4574 4685 5040 4910 4556 4605 4407 4523 5025 4802 4946 4810 4909
5028 4783 5336 4637 5412 4761 5090 5192 4882 5302 5074 4777 5309 4659 5092 4782 5281 5258 4955 5272 4853 5076 4807 4737 4595 4752 5177 4881 5500 4816 5053 5267 5054 5086 5092 5279 5471 5109 4685 5308 5239 5092 4913 5095 5413 5076 5029 5240 4967 5280 5176 5005 4716 5311 4830 5294 5093 5099 5124 5392 4867 4832 5047 5331 5489 4783 5109 4754 4634 5419 5014 5209 5022 4352 4616 4897 5143 5338 5414 5454 5263 4904 5303 5331 5027 4930 4890 5175 4720 4904 5222 4924 5081 5286 4871 4877 5232 4981 4963 4795 5281 5028 5362 5282 4682 4992 5299 5007 5019 5093 5144 5040 4664 4918 5172 5200 5163 5079 5194 4963 5045 4718 5156 5024 5018 4824 5309 5164 5120 5018 5565 5176 4918 5165 5369 5025 5267 4673 5148 5053 5225 5301 4790 5144 5278 5547 5648 5576 5003 4577 5117 5130 4633 5690 4823 5066 5193 4559 4706 4963 5190 5039 5092 5065 5000 5140 5109 4606 5500 5145 4898 4761 4820 4920 4834 5092 5182 4616 5174 4929 5103 5218 4808 5391 4494 5092 5184 4807 5352 4878 5012 5280 4791 5176 5410 5378 5454 4987 5121 4882 5821 5261 4985 4859 5089 5015 5581 5162 5024 5366 4830 5053 5457 5159 4865 5201 5520 4999 4947 5067 5178 5192 5271 5227 5177 5269 5074 4927 5025 4466 5143 5135 5110 5142 4992 5076 4457 4821 5034 5238 5190 5365 5374 4776 4922 5188 4947 5142 4734 4543 4932 5067 5193 5206 4926 5061
5036 5363 5096 4912 5065 4842 5222 5334 4425 5020 4932 4746 4908 4810 4963 4565 5054 5273 4757 5386 5037 5248 4698 4732 4591 5266 5250 4843 5559 4808 4975 5136 5162 4808 4910 5029 5065 4780 4715 5257 4879 5137 5042 4835 5227 5036 5199 5216 5028 4955 5311 5258 4818 5064 4815 4922 5128 4936 5210 5350 4895 4659 4955 5223 5246 4860 4988 4710 4889 5327 4973 5167 4930 4574 5105 4935 5175 4987 5328 5085 5121 4632 4781 5112 5031 4906 4995 5176 4580 4861 5178 4916 5208 5092 4732 4808 5027 4663 5206 4996 5160 4939 5179 4935 4423 5106 4851 5055 4813 4983 5312 4980 4425 4629 4983 5022 5147 5058 5087 4994 5094 4820 4882 5003 5035 4875 5036 5080 4886 5026 5205 4969 4757 4933 5010 5017 5175 5060 5076 5164 5105 5169 4724 5137 5310 5286 5389 5409 4645 4342 4805 5073 4742 5352 4336 5087 4820 4608 4923 5105 5371 4794 4970 5031 4981 4975 5291 4547 5214 5025 4927 4716 4645 4545 4771 4925 5122 4365 5170 4779 4848 4837 4923 5094 4761 4963 5083 4632 5368 4927 4776 5175 5019 4839 5103 5494 4959 4890 4921 4923 5445 5113 4768 5064 4886 5004 5564 5264 5027 5323 4784 5161 5187 4711 4991 4746 5166 5282 5069 4978 5046 5261 4866 5100 5002 5154 5276 5087 4868 4569 4932 5330 4598 5139 4976 4904 4870 4934 5168 5127 4918 4922 5022 4625 4911 5110 4917 4909 4825 4861 4906 5193 5167 5021 5102 5188
5130 4929 5707 4822 5188 5157 5469 5600 4768 5232 5067 4651 5273 4914 5234 4948 5178 5031 5002 5643 5392 5279 4678 4809 4979 5357 5509 5036 5552 5072 4937 5299 5184 5127 4611 5559 5323 5003 5063 5136 4997 5292 4858 5189 5478 5324 5446 5325 4902 5273 5307 4997 4837 5189 4862 4958 5189 5277 5656 5144 5303 4970 4896 5388 5092 4539 4741 4892 4608 5800 5292 5235 5493 4590 4889 5026 5049 5031 5296 5593 5276 4986 5196 5140 5228 4888 4997 5236 4959 4694 5162 5283 5321 5443 5018 4818 5299 4993 5039 4821 5353 5205 5772 4873 4760 5235 5234 5167 5094 5117 4924 5461 4480 5069 5080 5183 5144 5094 5216 4972 5209 4937 5189 5152 5157 5219 5435 5187 5137 5162 5494 5293 5403 5094 5466 4927 5582 4826 5333 5353 5174 5273 4773 5678 5269 5279 5888 5421 4749 4747 5061 5141 4628 5617 4828 5194 5094 4859 5047 5178 5242 5074 5265 5248 5220 5147 5384 4403 5310 5042 4936 5227 4733 5089 4776 5264 5561 4947 5259 4646 5032 4825 5083 5295 4632 5189 5049 4974 5579 4921 5107 5200 4758 4977 5554 5380 5303 4935 5228 4887 5795 5482 5234 5133 5283 5108 5683 5540 5379 5358 4893 5158 5256 5243 4895 5102 5171 5293 4917 5234 5226 5828 5280 5095 5252 5372 5105 5196 5102 4089 5148 5237 5264 5567 4979 5179 4853 5084 5251 5115 4876 5389 5161 4978 5169 5601 4997 4800 5020 4712 5227 4967 5400 4985 4919 5183
5672 5495 5902 5091 5528 5277 6105 5780 5123 5948 5655 5394 5634 5186 5811 5643 5735 5680 5468 5892 5769 5534 5189 5416 5338 5659 5672 5416 6103 5576 5538 5702 5524 5590 5604 5934 6009 5499 5557 5821 5287 5707 5496 5370 6087 5603 5646 5974 5687 5955 5770 5725 5401 5761 5659 5598 5676 5679 5862 5958 5627 5504 5574 5953 5821 5136 5769 5260 5351 6032 5828 5791 5801 4969 5311 5383 5639 5448 6009 5616 5680 5483 5580 5560 5687 5520 5525 5616 5339 5294 5852 5803 5727 5964 5451 5455 5587 5523 5796 5458 5783 5455 5991 5551 5069 5586 5840 5621 5658 5852 5671 5281 5047 5392 5650 5827 5603 5743 5596 5467 5857 5456 5515 5357 5717 5719 5597 5867 5544 5655 6112 5712 5918 5855 6000 5865 5812 5416 6009 5802 5703 5986 5528 5817 5953 5779 6296 5816 5529 4790 5575 5767 5329 6198 4935 5743 5744 5356 5690 5874 5715 5327 5637 5932 5802 5718 5959 5225 5742 5518 5351 5641 5242 5615 5446 5862 5680 4922 5982 5377 5534 5721 5617 6018 4959 5607 5732 5265 6113 5472 5487 5663 5551 5436 6009 5914 5740 5533 5812 5476 6356 5756 5817 5420 5614 5382 6303 5814 5740 5976 5468 5712 5763 5772 5472 5504 5861 5998 5772 5631 5679 5837 5663 5653 5654 5827 5843 5641 5647 4803 5650 5809 5753 5783 5564 5488 5682 5360 5882 5857 5648 5904 5663 5324 5486 5863 5575 5603 5331 5204 5325 5713 6028 5558 5572 5651
4939 4858 5098 4657 5112 4768 5482 5449 4752 5060 5120 4780 5120 4641 5021 4648 5287 5078 4653 5529 5091 4940 4836 4795 4589 5212 5299 4843 5060 4744 5033 5363 5190 5071 5083 5028 4983 4890 4870 5113 5055 5075 4800 4852 5241 5041 5287 5436 5044 5270 5224 5229 4789 5344 5212 5117 5196 5242 5818 5326 5321 5038 4874 5357 5299 4670 5190 4676 4936 5410 5195 5021 5000 4245 4764 5263 4756 5148 5114 5384 4970 4932 4850 5107 5029 5048 5022 5243 4693 5024 5220 5263 5334 5350 4897 4985 4637 4806 4984 4950 5178 4854 5536 4869 4670 4927 4951 5138 5204 5247 4729 4887 4607 5020 5049 5039 4840 5010 4956 5106 5140 4976 5023 5124 4862 5092 5154 5209 4993 4912 5330 5152 5072 5043 5258 5132 5366 4787 5198 5156 5205 5202 4787 5321 5169 5406 5687 5353 4603 4664 5210 5173 4822 5548 4413 5326 5042 4647 4973 4887 5145 4854 5175 5181 4909 4887 5152 4570 5002 5235 4813 5375 4474 4793 4718 4996 5055 4602 5292 4714 4774 5033 5158 5481 4545 5096 5218 4816 5257 4699 4895 4906 4878 5165 5332 5427 4966 4905 4994 4554 5590 5313 5048 4880 4915 4995 5665 5295 4999 5015 5038 5035 5265 5092 4901 4876 5208 5408 4830 5212 5069 5379 5106 5018 5012 5245 5309 5050 5128 4515 5215 5308 5048 5193 4945 4906 5046 4941 5101 5214 5067 5056 5157 4753 4977 5228 4757 5041 4784 4629 4857 5120 5093 4971 4666 4872
5279 5394 5831 5041 5238 5020 5537 5868 4847 5541 5230 5019 5504 5074 5337 5150 5575 5480 5025 5866 5435 5592 5003 5175 5033 5346 5659 5103 5733 5339 5319 5547 5609 5307 5244 5930 5356 4918 5214 5507 5456 5180 5443 5453 5512 5446 5691 5604 5192 5638 5509 5384 5267 5512 5166 5133 5504 5368 5541 5570 5439 5179 5631 5902 5643 5047 5263 5136 5271 5636 5613 5501 5331 4903 5218 5212 5330 5181 5600 5411 5556 5168 5202 5251 5409 5247 5334 5258 5132 5443 5570 5515 5603 5946 5277 5246 5204 5075 5354 5494 5488 5497 5651 5160 4795 5229 5254 5301 5351 5373 5491 4973 4807 5429 5461 5678 5291 5323 5445 5424 5265 5344 5344 5499 5243 5409 5522 5346 5506 5387 5743 5158 5367 5539 5395 5338 5839 5043 5435 5469 5421 5796 5316 5788 5419 5582 6063 5544 4968 4928 4880 5379 5260 5992 4999 5536 5420 5229 5146 5186 5244 5281 5506 5691 5176 5619 5487 4930 5544 5262 5496 5278 5140 5093 5237 5520 5472 4766 5755 5041 5058 5314 5380 5399 4631 5331 5514 5118 5906 5064 5331 5413 5237 5270 5578 5660 5559 5440 5450 5235 5941 5626 5315 5257 5126 5108 5978 5767 5400 5627 5111 5675 5640 5175 5192 5289 5388 5501 5288 5619 5632 5544 5364 5236 5562 5564 5229 5518 5228 4829 5219 5520 5342 5617 5302 5072 5292 5267 5369 5416 5343 5565 5490 5255 5205 5588 5239 5396 5142 5183 5340 5405 5716 5146 5444 5479
5413 5290 5371 4779 5399 5129 5563 5696 5122 5529 5491 4923 5371 5270 5548 5210 5535 5394 5375 5699 5232 5429 5177 4762 5082 5409 5443 5257 5648 5162 5034 5408 5272 5066 5013 5736 5557 5208 4970 5542 5307 5399 5346 5487 5706 5518 5395 5304 5270 5425 5556 5308 4878 5410 5219 5335 5629 5362 5602 5609 5449 4997 5447 5919 5602 4856 5198 5256 4984 5440 5478 5217 5428 4714 5100 5068 5436 5190 5539 5446 5551 4995 5371 5297 5404 5193 5154 5332 4686 5166 5285 5499 5545 5723 5064 5124 5144 5232 5406 5234 5600 5167 5536 5269 4843 5201 5441 5431 5216 5504 5379 5342 4686 5420 5433 5375 5281 5181 5403 5222 5260 5406 5282 5508 5478 5268 5442 5466 5144 5410 5844 5274 5328 5640 5457 5327 5741 5157 5543 5499 5389 5545 5126 5639 5490 5568 5865 5577 5187 4786 5267 5180 4957 5651 4946 5373 5253 4827 5111 5412 5570 4960 5340 5270 5112 5139 5768 4835 5716 5334 4988 5239 4787 5253 5147 5607 5260 4965 5420 5391 5159 5242 5218 5664 4534 5342 5208 4884 5746 5059 5281 5373 5069 5277 5632 5506 5262 4964 5090 4985 5964 5541 5225 5174 4935 5262 5868 5388 5453 5705 5188 5629 5442 5259 5150 5250 5281 5693 5105 5268 5546 5462 5479 5320 5534 5517 5412 5514 5321 4637 5198 5329 5384 5469 5322 5100 5206 5333 5372 5347 5194 5598 5503 4826 5080 5459 5148 5191 4899 4990 5178 5510 5538 5497 5441 5526
5303 5250 5587 4852 5414 5073 5455 5489 4706 5454 5387 4883 5340 5069 5221 5100 5497 5301 5033 5803 5223 5514 4959 5171 4907 5124 5553 5090 5855 5145 5450 5295 5642 5149 5275 5563 5489 5170 4929 5484 5027 5499 5014 5304 5553 5197 5413 5647 5604 5611 5227 5348 5341 5643 5320 5083 5265 5315 5727 5439 5226 5241 5422 5725 5736 4938 5195 5055 5136 5509 5936 5471 5658 4736 5225 5235 5366 5314 5467 5468 5508 5050 5262 5243 5473 5116 5478 5146 5112 5118 5433 5528 5487 5465 5162 5154 5257 4834 5335 5097 5557 5211 5633 5292 4814 5455 5466 4869 5149 5565 5264 5182 4880 5086 5586 5432 5252 5279 5354 5285 5065 5333 5224 5513 5135 5458 5539 5312 5195 5309 5747 5336 5278 5335 5500 5391 5611 5156 5425 5387 5649 5777 5067 5531 5451 5589 5885 5664 5053 4959 5058 5210 5090 5738 5030 5313 5392 5178 5225 5183 5618 5050 5424 5427 5294 5433 5474 4751 5369 5158 5107 5307 4787 5231 5079 5425 5461 4628 5512 4998 4968 5148 5005 5614 4874 5044 5385 5084 5654 5284 5112 5352 5310 5557 5713 5426 5441 5187 5461 5329 5743 5659 5404 5180 5122 5315 5859 5246 5530 5406 5146 5544 5462 5396 5339 5129 5490 5618 5422 5248 5226 5414 5101 5279 5211 5731 5408 5532 5241 4567 5598 5439 5315 5510 5102 5230 5255 5201 5298 5400 5266 5293 5343 5083 5221 5245 5037 5254 4824 5095 5421 5438 5865 5384 4899 5415
5305 5075 5365 4841 5175 4694 5482 5412 4696 5304 5303 4893 5274 4970 5348 5014 5262 5306 4994 5373 5140 5268 4897 5080 4950 5064 5530 4971 5550 5113 5088 5422 5363 5192 5167 5446 5351 5004 5130 5554 5343 5347 5044 5354 5435 5394 5603 5618 5191 5698 5319 5194 4899 5419 5249 5224 5510 5096 5693 5408 5370 5253 5386 5515 5537 4812 5421 4998 5026 5717 5455 5485 5571 4562 5177 5060 5247 5126 5502 5704 5134 5095 5529 5251 5058 5035 5380 5260 5124 5092 5245 4961 5575 5429 5133 4928 5202 4881 5135 5030 5494 5096 5694 5265 4588 5062 5267 5416 5251 5315 5294 5288 4686 5161 5445 5213 5054 5234 5274 4966 5284 4806 5160 5144 5354 5232 5491 5360 5006 5368 5469 5412 5119 5336 5472 5425 5435 5030 5442 5332 5374 5656 5106 5542 5444 5431 5648 5566 5258 4715 5118 5425 4922 5890 4712 5462 5169 5007 5245 5007 5175 5068 5129 5197 5136 5156 5387 4669 5677 5307 4895 5228 4708 5253 5088 5312 5357 4790 5461 4989 5265 5246 5115 5421 4984 5276 5276 4851 5415 4932 4947 5236 5213 5257 5508 5448 5522 5147 5244 5027 5653 5648 5358 5126 4984 5001 5724 5301 5416 5425 4850 5315 5402 5336 5106 5190 5320 5601 5082 5256 5055 5525 5181 5390 5227 5335 5104 5437 5346 4437 5338 5450 4913 5272 5110 5213 5249 5009 5035 5446 5229 5425 5239 5030 5197 5277 4943 5078 5056 4954 5298 5310 5633 5174 5127 4915
5122 5315 5236 4911 5174 4873 5397 5532 4699 5052 5161 4941 4802 4955 5207 4748 5079 5195 4798 5544 5391 5263 4869 4745 4707 5093 5582 5101 5520 5019 4985 5404 5094 5071 4859 5195 5171 4879 4829 5332 5023 5200 4976 4884 5222 5106 5412 5344 5017 5197 5345 5020 4870 5200 5081 5274 5148 5016 5669 5325 5274 5267 5469 5488 5440 4704 5109 5103 4863 5344 5269 5277 5152 4434 5177 5289 5141 4921 5351 5382 5226 4964 5315 4916 5105 4946 5165 4993 4818 5023 5220 4868 5305 5270 5146 4969 5173 4759 5238 5053 5375 5145 5402 4911 4639 5203 4789 5152 4972 5205 5247 5219 4652 4706 5132 5155 4970 5257 5297 4872 5113 4968 5025 5245 5179 5300 5528 5323 5200 5215 5387 5151 4955 5294 5261 5166 5351 4956 5125 5336 4991 5371 4863 5376 5550 5428 5654 5477 4923 4768 5008 5361 4721 5748 4827 5131 5084 4711 4804 5364 5151 5030 5213 4839 4826 5006 5267 4552 5419 5303 4674 4863 4485 4881 5060 5274 5335 4583 5255 4971 4784 5221 4836 5307 4711 5087 5382 4779 5326 4827 4811 5386 5002 4852 5495 5490 5024 5087 5167 4759 5788 5173 4968 5284 5247 5318 5513 5676 5383 5277 4833 5141 5184 5078 4927 5095 5297 5390 5185 4956 5279 5215 5042 5278 5272 5264 5131 5047 5083 4380 5133 5447 4929 5312 4930 4764 5018 5044 5137 5334 5076 5125 5288 4961 5166 5434 4986 4889 5047 4736 5044 5326 5416 5171 5002 5027
5357 5261 5695 5100 5584 5191 5756 5822 4788 5628 5440 5230 5525 5332 5467 5213 5459 5291 5269 5732 5434 5602 5243 5506 5151 5559 5462 5322 5997 5421 5222 5633 5706 5434 5223 5452 5630 5316 5279 5618 5469 5393 4796 5429 5715 5605 5608 5707 5564 5593 5477 5455 5564 5638 5317 5263 5708 5511 5572 5777 5305 5472 5505 5753 5862 5133 5387 5049 5438 5897 5258 5670 5490 4795 5255 5278 5446 5367 5662 5707 5536 5027 5372 5652 5422 5250 5406 5600 5157 5256 5535 5660 5773 5390 5362 5182 5585 5104 5609 5320 5788 5483 6082 5361 5020 5305 5253 5546 5238 5440 5644 5379 4946 5129 5636 5578 5581 5578 5471 5417 5573 5301 5605 5193 5419 5507 5750 5638 5456 5465 6051 5482 5160 5268 5525 5517 5757 5204 5617 5585 5756 5490 5208 5579 5537 5792 5807 5836 5448 4647 5338 5799 5174 5860 4982 5631 5401 5182 5351 5509 5463 5283 5413 5796 5367 5484 5849 4855 5601 5587 5447 5408 5099 5153 5341 5486 5531 5324 5719 5011 5313 5410 5368 5770 4975 5276 5647 5130 5851 5133 5408 5549 5558 5355 5821 5975 5512 5271 5131 5264 5978 5781 5375 5434 5440 5404 6314 5746 5674 5626 5220 5464 5623 5554 5224 5614 5724 5437 5304 5489 5868 5680 5237 5358 5546 5721 5467 5468 5214 4757 5532 5703 5399 5725 5230 5481 5254 5244 5611 5679 5356 5522 5303 5386 5271 5530 5266 5381 5090 5069 5501 5487 5842 5482 5467 5550
5374 5312 5494 5072 5425 5255 5586 5683 5073 5658 5531 5326 5304 5217 5386 5151 5223 5614 5108 5699 5405 5611 5141 5212 4946 5239 5852 5111 5814 5251 5220 5517 5428 5194 5514 5843 5712 5244 5316 5647 5472 5427 5138 5201 5627 5544 5761 5748 5357 5514 5428 5618 5658 5649 5160 5496 5542 5359 5783 5429 5762 5500 5499 5769 5823 5049 5373 5225 5090 6012 5527 5691 5689 4812 5384 5484 5540 5603 5561 5513 5749 5282 5554 5589 5600 5200 5567 5428 4974 5574 5473 5383 5751 5445 5255 5168 5231 5207 5531 5284 5522 5450 6141 5402 4804 5302 5479 5542 5171 5602 5567 5331 5282 5190 5584 5745 5462 5706 5651 5122 5364 5311 5405 5548 5399 5178 5633 5593 5518 5349 5932 5635 5563 5529 5848 5311 5672 5051 5375 5483 5455 5743 5388 5729 5614 5650 6010 5902 5160 4822 5294 5444 5146 5871 5108 5654 5470 5075 5200 5193 5464 5388 5396 5652 5340 5441 5702 4913 5567 5395 5278 5379 4982 5237 5226 5613 5462 5098 5537 4784 5326 5488 4959 5611 4929 5295 5584 5168 5551 5515 5113 5454 5426 5399 5737 5676 5571 5291 5514 5175 5807 5681 5343 5450 5783 5526 5962 5754 5517 5579 4952 5064 5680 5248 5124 5296 5618 5484 5558 5424 5427 5796 5333 5584 5467 5493 5418 5324 5477 4884 5593 5524 5237 5414 5017 5394 5294 5407 5619 5480 5224 5688 5645 5489 5371 5671 5219 5244 5297 5052 5594 5502 5725 5494 5383 5216
5093 4788 5189 4763 5197 4667 5263 5166 4467 5018 5023 4687 4851 4761 5264 4835 4955 5366 4645 5336 5070 5001 4567 4516 4361 4975 5394 4666 5470 4768 4751 5017 5148 4804 5036 5368 5079 4937 5075 5106 4979 4983 4784 4996 5297 5081 5437 5212 4872 5087 5066 4884 4723 5030 4687 4872 5157 4994 5250 5161 5190 4494 5032 5316 5204 4583 4929 4822 4745 5430 4844 5249 4762 4473 4903 4659 4909 4831 5471 5098 5041 4596 5291 5207 4778 4596 4717 4672 4720 5057 5197 4939 5148 5169 4793 4984 4984 4953 5016 4942 5170 4994 5263 4772 4561 4826 5015 4998 4773 5093 5096 4845 4699 4627 5166 5197 4834 4936 5271 4985 5052 4540 4910 4952 4848 4562 5282 5210 4852 4893 5608 4953 4976 5115 5151 4802 5333 4894 5264 5161 5006 5137 4997 5326 5108 5176 5397 5257 4817 4453 4752 4922 4531 5132 4493 5158 4948 4478 4818 4803 5061 4711 4673 5039 4842 5234 5153 4545 5068 5075 5035 5013 4609 5045 4813 4992 4861 4436 5125 5229 4986 4959 4781 5186 4541 4838 4885 4701 5155 4665 4819 4888 4743 4946 5377 5364 4971 5024 5132 4536 5500 5180 4798 4909 4850 4982 5618 5391 4914 5106 4608 4891 5334 4622 4927 4895 5245 5273 4603 4844 5041 5379 5021 4933 4950 5130 5005 5104 4996 4357 5069 5138 4766 5028 4963 4832 4843 4840 4940 4999 4823 5153 5064 4756 5044 5152 4968 5160 4592 4775 4934 5006 5145 4915 5210 4976
5560 5515 5373 5100 5407 5146 5849 5538 4988 5722 5450 5390 5358 5086 5512 5236 5584 5396 5326 5743 5531 5358 5228 5114 5010 5498 5609 5297 5999 5294 5199 5679 5338 5322 5298 5442 5626 5289 5285 5523 5358 5699 5102 5228 5843 5793 5479 5580 5356 5615 5524 5309 5028 5380 5120 5438 5536 5409 5440 5727 5753 5398 5251 5781 5774 5120 5219 5229 5285 5895 5383 5388 5490 4647 5344 5603 5510 5190 5773 5577 5649 5214 5499 5532 5447 5274 5554 5416 5113 5301 5660 5658 5586 5735 5253 5337 5810 5273 5665 5395 5530 5351 5830 5266 4986 5513 5443 5329 5423 5436 5296 5280 5006 5189 5742 5252 5178 5363 5579 5441 5531 5099 5571 5302 5665 5459 5541 5558 5463 5435 6071 5337 5428 5592 5685 5534 5740 5115 5685 5427 5369 5678 5192 5887 5744 5520 5765 5472 5109 4807 5395 5647 5107 5777 4825 5707 5435 5174 5322 5511 5433 5328 5475 5367 5041 5491 5612 4961 5368 5468 5216 5578 5035 5462 5203 5402 5401 5133 5695 5125 5219 5386 5436 5642 5028 5737 5702 5223 5865 5633 5052 5579 5334 5568 5715 5935 5354 5638 5555 5137 6097 5545 5328 5146 5541 5474 6142 5699 5476 5901 5335 5617 5544 5386 5247 5340 5765 5485 5421 5332 5640 5710 5451 5318 5500 5733 5736 5337 5284 4746 5446 5690 5243 5628 5276 5187 5550 5022 5454 5800 5439 5737 5604 5338 5401 5818 5405 5220 5316 5151 5457 5498 5822 5461 5213 5604
5291 5120 5414 4610 5409 4829 5314 5296 4717 5102 5006 4606 4974 4995 5035 4893 5096 4925 4761 5399 4954 4973 4959 4783 4904 4861 5509 5050 5468 4781 5120 5373 5339 4953 5074 5393 5411 4982 4856 5495 5024 5385 5062 4898 5389 5280 5262 5460 5008 5333 5362 4996 5148 5261 5289 5144 5288 5145 5335 5390 5114 5041 5185 5467 5345 4767 5235 4792 4799 5497 5143 5202 5363 4394 5027 4734 5180 4896 5209 5575 5148 4871 5067 5142 5141 4797 5173 5057 4849 5012 5032 5263 5321 5231 4862 5138 5016 4839 5294 5051 5515 5111 5707 5214 4788 5148 5186 5105 4963 5176 5354 5007 4623 4768 5036 5116 4883 5167 5379 5021 5010 5007 5113 5151 5094 5252 4991 5100 5185 5071 5363 5286 5230 5209 5128 5035 5420 4797 5316 5199 5171 5528 4848 5497 5435 5544 5468 5451 4782 4701 4949 4845 4923 5642 4534 5522 4958 4935 4868 4918 5199 4773 5130 5030 5208 4799 5374 4609 5321 5107 5067 4988 4573 4885 4935 5357 5143 4509 5476 4814 4799 4975 4867 5446 4718 4961 5456 4812 5775 4836 4820 5284 4877 4995 5528 5452 5124 5072 5000 4740 5656 5418 5240 5207 4944 5073 5612 5367 5214 5187 5108 5266 5407 5031 4950 5080 5384 5249 4864 5292 5449 5474 5206 5035 5073 5109 5319 5272 4999 4474 5406 5207 4931 5296 5016 5131 5065 4760 5009 5298 5119 5475 5316 5062 4962 5405 5025 4938 5075 4783 5179 5229 5238 5120 4965 5496
5284 5237 5333 4917 5388 5077 5616 5575 4531 5463 5017 4789 5299 4821 5082 4952 5353 5054 5150 5746 5246 5371 5219 5060 4822 5267 5507 4926 5585 5136 4960 5415 5166 5232 5056 5549 5418 4806 5087 5514 5047 5100 4861 5140 5687 5353 5552 5333 4858 5434 5407 5609 5103 5663 5216 5121 5187 5222 5577 5694 5231 5416 5377 5643 5653 4851 5217 4927 4630 5473 5582 5514 5507 4543 5156 5296 5442 5250 5585 5344 5383 5179 5254 5126 5337 4924 5142 5016 4974 4895 5140 5275 5273 5399 5206 4959 4931 5042 5347 5140 5311 5199 5675 5213 4820 5115 5114 5141 5124 5254 5257 5082 4941 5002 5298 5141 5272 5275 5435 5134 5327 5091 5349 5358 5170 5374 5525 5264 5403 5489 5531 5208 5428 5264 5489 5336 5681 5028 5296 5306 5389 5516 5141 5469 5465 5379 5926 5636 4802 4862 5094 5293 5122 5763 4826 5437 5226 4986 4945 5167 5623 5059 5315 5103 4946 5204 5194 4664 5775 5061 4860 4853 4645 5115 5102 5408 5305 4565 5347 4925 5055 5081 4931 5471 4888 5357 5307 5066 5699 4847 5019 5374 4844 5100 5575 5593 5182 5124 5147 5014 5702 5306 5181 4980 5353 5166 5729 5565 5253 5098 4884 5542 5525 5255 5119 5244 5274 5319 4960 5406 5308 5619 5066 5102 5193 5373 5233 5438 5421 4340 5213 5264 5050 5251 4996 4892 4905 5188 5386 5540 5081 5383 5348 5111 5114 5646 5120 4876 4992 4755 5227 5173 5468 5154 5131 5127
5472 5277 5535 5157 5522 5157 5458 5761 5093 5410 5395 4749 5481 4970 5567 4884 5446 5380 5014 5677 5453 5268 4955 4998 4892 5397 5653 5124 5698 5176 5336 5501 5290 5281 5122 5412 5444 4984 5301 5662 5420 5345 5351 5181 5577 5446 5470 5613 5043 5367 5795 5164 5288 5722 5238 5571 5455 5442 5675 5670 5225 5462 5584 5691 5688 4919 5300 5072 5199 5751 5665 5568 5545 4781 5221 5052 5433 5388 5641 5665 5578 5173 5291 5516 5183 5351 5268 5449 5068 5307 5391 5278 5399 5568 5280 5244 5339 5276 5585 5424 5641 5554 5734 5124 5040 5443 5227 5306 5329 5427 5611 5246 4746 5143 5609 5481 5434 5449 5549 5315 5199 5102 5471 5383 5301 5320 5867 5241 5438 5369 5746 5446 5296 5455 5356 5391 5566 5276 5492 5367 5626 5700 5218 5472 5486 5607 5942 5871 5092 4972 4866 5435 4979 5981 5203 5539 5231 5221 5220 5140 5471 5215 5280 5393 5618 5510 5489 4584 5554 5216 5228 5245 5063 5349 5051 5333 5384 4790 5551 5207 5088 5231 5097 5403 4790 5265 5395 5456 5765 5098 5147 5453 5090 5216 5496 5692 5450 5239 5357 5009 5755 5412 5257 5233 5333 5281 5774 5779 5401 5560 5221 5515 5705 5409 4860 5317 5656 5593 4972 5347 5437 5678 5411 5399 5344 5697 5482 5304 5333 4664 5414 5396 5191 5469 5281 5298 5260 5186 5237 5500 5458 5665 5531 5044 5287 5417 5504 5347 5184 5204 5276 5508 5463 5624 5166 5241
5095 5010 5449 4730 5545 4993 5478 5598 4717 5204 5030 4894 5136 5060 5195 4835 5546 5072 4887 5586 5257 5233 4962 4832 4672 5094 5331 5090 5731 5343 5200 5603 5240 5086 5363 5660 5311 5163 5183 5571 5228 5284 5184 5247 5383 5150 5428 5650 5293 5355 5633 5254 4945 5439 5104 5252 5540 5064 5661 5396 5185 5274 5360 5432 5243 4852 5124 4753 4965 5710 5567 5267 5536 4600 5035 4978 5056 5215 5601 5396 5197 5118 5082 5043 5423 5109 5269 5344 5055 5203 5338 5337 5365 5524 4898 4820 5381 4991 5273 5160 5346 5270 5715 5464 4869 5284 5459 5366 5267 5494 5265 5177 4758 5019 5383 5023 5449 5051 5312 5176 5329 5045 5334 5178 5378 5168 5605 5162 5189 5330 5335 5357 5419 5372 5599 4968 5485 4949 5589 5331 5271 5770 4715 5862 5524 5426 5752 5636 4817 4706 5219 5247 4762 5715 4675 5292 5183 5059 4806 5213 5415 5120 5492 5427 5100 5250 5589 4632 5492 5283 5105 5097 4759 4961 5275 5486 5433 4603 5363 5082 5037 4829 5000 5427 4923 5214 5311 4915 5771 5026 4972 5275 4950 5392 5464 5602 5414 5197 5386 5240 5646 5461 5244 5195 5186 5289 5909 5530 5447 5517 5162 5443 5466 5106 5055 4967 5439 5431 5152 5287 5171 5606 5342 5019 5336 5463 5368 5320 5163 4626 5562 5171 5277 5434 5124 5248 4956 4916 5192 5410 5217 5133 5308 5074 5546 5337 5294 5208 4906 4820 5222 5386 5538 5089 5061 5271
6025 5571 5921 5367 5992 5579 6194 6246 5391 5997 6010 5363 5821 5556 5999 5357 5844 5767 5531 6126 5624 5825 5686 5741 5220 6022 6055 5610 6236 5613 5762 6086 6037 5735 5619 6245 5850 5600 5654 6075 5700 5868 5615 5818 6136 5786 5888 6357 5536 5836 6080 5787 5536 6193 5765 5690 6051 5986 6442 5969 6028 5729 6031 6408 5846 5250 5795 5540 5764 6385 6062 5848 6066 5283 5569 5821 5881 5804 6205 5879 6093 5785 6129 5907 5952 5583 5684 5760 5731 5768 6121 5809 6003 6142 5673 5838 5531 5674 5720 5849 5946 5737 6150 5860 5252 6018 5999 5644 5464 6017 5987 5682 5338 5672 6063 6059 5887 5674 6055 5646 5572 5778 5771 5741 5915 5608 5709 6032 5589 6051 6313 5954 5909 5954 6149 5765 6259 5695 5988 5807 5828 6253 5563 6071 6088 6098 6490 6174 5572 5391 5678 5966 5447 6220 5417 5805 5838 5415 5749 5869 6114 5847 5847 5959 5621 5948 6267 5048 6111 5878 5496 5619 5240 5711 5744 5974 6046 5251 6037 5634 5400 5540 5563 6144 5105 5872 5980 5633 6251 5525 5652 6073 5722 5927 6116 6363 5884 5629 5674 5711 6541 6050 6086 5614 5837 5681 6539 6146 5924 5910 5486 5844 5993 5888 5517 5778 5965 5938 5647 5948 5758 6284 5593 5885 5946 6044 6233 5828 5651 5237 5928 5855 5711 5918 5706 5960 5393 5670 5758 6023 5652 6155 5907 5360 5640 6009 5653 5673 5632 5594 5735 5984 6152 5851 5961 5663
5113 5099 5528 4715 5069 4771 5391 5508 4539 5116 5057 4876 5092 5189 5339 5211 5099 5190 5165 5498 5347 5687 5169 4856 4626 5283 5201 4903 5462 4885 4949 5310 5287 5109 5122 5359 5261 5007 5174 5224 4907 5433 4956 5108 5583 5548 5480 5483 5326 5437 5517 5171 5128 5485 5043 5156 5258 5230 5249 5527 5498 5148 5163 5609 5682 4756 5193 5115 5196 5500 5384 5529 5179 4578 5064 5201 5323 5021 5543 5504 5133 4784 5591 5120 5252 5002 5373 5053 4813 5204 5073 5372 5352 5314 4942 4982 5361 5114 5360 4962 5005 5029 5466 4922 4614 5070 5304 5117 5149 5316 5432 5157 4691 5107 5396 5247 5031 5075 5087 5081 5274 5057 5110 5136 5243 5031 5384 5647 5009 5199 5688 5339 4924 5435 5444 5339 5413 5022 5407 5344 5209 5368 5217 5188 5340 5514 5783 5485 4958 4824 4974 5313 4711 5435 4808 5188 5241 4716 5252 5081 5279 4911 5107 5094 5033 5359 5360 4937 5495 5219 5013 5050 4773 5100 5103 5173 5121 4679 5308 4943 5048 5127 4994 5545 4601 5083 5337 4654 5602 5051 5077 5425 5284 5374 5298 5630 5177 5080 5049 5032 5540 5458 5364 5105 5257 5274 5834 5473 5165 5228 4835 5138 5080 5150 5053 5012 5421 5286 5156 5205 5225 5404 5014 5226 5214 5374 5415 5328 4984 4684 5229 5637 5048 5364 5137 5158 5045 4880 5403 5182 5282 5195 5270 4876 5342 5573 4836 5270 4762 4959 5270 5393 5510 5157 4958 5010
5357 5132 5287 4629 5480 4802 5406 5264 4733 4987 5167 4859 5282 4809 5268 4916 5198 5226 4925 5487 5197 5328 4831 4892 4744 5111 5432 5115 5588 4943 5304 5252 5196 5223 5110 5204 5311 5063 4781 5295 4870 5245 5105 5054 5516 5308 5155 5436 4976 5284 5253 5071 4988 5352 5017 4753 5492 4893 5244 5398 5033 4805 4974 5556 5401 4786 5068 4867 4992 5381 5293 5236 5473 4593 5095 4920 5318 5059 5500 5378 5240 5087 5221 5039 5214 4935 5194 5046 4933 5059 5302 5213 5252 5420 4809 5071 5355 5223 5289 5117 5489 5213 5368 5267 4710 5327 5058 5201 5381 5033 5265 4839 4697 4910 5298 5301 4994 5273 5321 4963 5217 4750 5352 5279 4999 5191 5090 5187 5048 5077 5561 4990 5121 5470 5350 4992 5309 5069 5615 5410 4975 5623 5139 5441 5537 5415 5729 5514 4894 4611 4911 5205 4855 5531 4560 5209 5117 4869 4962 5172 5165 4865 5227 5233 5197 5187 5355 4837 5487 5117 4797 5020 4590 4931 4897 5332 5288 4640 5299 4943 4924 5107 4939 5405 4315 4957 5121 4815 5405 5106 5109 5340 5215 4893 5353 5276 5113 4915 5067 5204 5659 5233 5028 4953 4993 4879 5651 5416 5331 5304 4984 5379 5659 5175 4726 4974 5439 5354 5159 5116 5277 5313 5195 5155 5333 5078 5329 4987 4940 4442 5169 5430 4989 5109 5364 5132 5021 4845 5220 5293 5414 5195 5051 4834 4966 5332 4993 5014 4928 4718 5227 5638 5418 5312 4914 5377
5256 5136 5552 4730 5239 5024 5639 5699 4689 5214 5133 4999 5325 4950 5362 4921 5432 5406 5294 5552 5113 5502 4807 5103 5079 5375 5517 5261 5859 5189 5287 5320 5190 5320 5127 5525 5323 5088 4980 5377 5446 5011 5115 5136 5340 5294 5772 5370 5328 5608 5504 5079 5113 5499 5380 5214 5181 5497 5333 5432 5536 5056 5306 5324 5365 4712 5471 5026 5044 5895 5551 5487 5470 4614 5115 5174 5266 5216 5611 5562 5109 4881 5387 5345 5297 4858 5176 5156 5336 5165 5371 5518 5299 5553 4944 5153 5417 5076 5198 5125 5407 5122 5889 5048 4979 4987 5211 5159 5197 5454 5437 5437 4580 5319 5393 5600 4831 5071 5290 5105 5175 5099 5092 5172 5019 5135 5290 5793 5334 5353 5755 5210 5100 5166 5108 5369 5710 5195 5435 5376 5327 5436 4988 5587 5386 5518 5924 5568 4763 4615 5292 5333 4923 5757 4662 5288 5160 4802 4996 5114 5303 5193 5129 5300 5246 5245 5503 4608 5701 5312 5160 5062 4896 4987 4887 5129 5197 4774 5347 5046 5168 5306 5157 5480 4906 5197 5397 4777 5772 4985 4965 5298 4960 5269 5535 5549 5344 5097 5079 4985 5952 5574 5165 4955 5091 5267 5767 5756 5434 5388 4927 5708 5462 5316 5155 5351 5378 5468 5108 5410 5251 5586 5391 5165 5272 5250 5285 5482 5243 4605 5144 5759 5283 5561 5200 5131 4991 5202 5645 5401 5176 5367 5185 4867 5203 5428 5168 5142 5175 5153 5114 5315 5693 5341 5211 5116
5429 5415 5566 4930 5316 5214 5775 5498 4787 5317 5305 5061 5196 4907 5370 5062 5447 5564 4950 5925 5306 5404 4930 5203 4872 5413 5420 5153 5450 5282 5164 5539 5293 5383 5148 5518 5468 5178 5088 5711 5110 5564 5094 5443 5473 5386 5663 5495 5265 5278 5352 5271 5248 5476 5261 5268 5384 5522 5661 5684 5827 5219 5257 5655 5621 5053 5304 4816 5049 5785 5445 5517 5736 4817 5304 5249 5371 5176 5572 5355 5517 5099 5248 5587 5435 5135 5527 5188 5015 5253 5564 5536 5275 5671 4968 5206 5386 5155 5391 5159 5137 5253 5776 5159 4911 5323 5459 5478 5261 5612 5473 5059 4846 5260 5481 5577 5103 5279 5440 5326 5439 4991 5234 5094 5344 5481 5564 5592 5486 5243 5495 5558 5417 5384 5482 5371 5413 5215 5837 5425 5472 5422 5051 5535 5683 5836 5921 5560 4938 4887 5266 5290 5078 5510 5012 5503 5165 5059 5278 5363 5549 5221 5388 5449 5216 5485 5675 5005 5734 5250 5245 5368 4904 5343 5134 5439 5400 4989 5294 5320 5478 5160 5426 5766 5036 5453 5022 4966 5790 5226 5196 5590 5099 5561 5535 5733 5313 5216 5516 5010 6105 5438 5506 5260 5266 5209 5988 5966 5171 5315 5052 5664 5468 5517 5360 5147 5610 5355 5223 5568 5303 5778 5033 5366 5337 5594 5321 5243 5343 4700 5313 5376 5441 5449 5236 5382 5171 5065 5387 5585 5499 5654 5505 5203 5272 5399 5106 5272 5070 5161 5059 5470 5518 5505 5209 5322
5588 5336 5582 5155 5554 5230 5856 5807 5204 5533 5761 5297 5660 5170 5828 5064 5650 5803 5525 5914 5559 5570 5250 5358 5207 5806 6039 5310 5904 5348 5718 5752 5763 5600 5295 5844 5638 5487 5466 5708 5500 5550 5221 5499 5873 5626 5850 5991 5481 5803 5590 5579 5558 5732 5353 5556 5544 5810 5752 5742 5856 5480 5716 5787 5978 5134 5722 5446 5357 5997 5869 5963 5843 4693 5431 5576 5771 5406 5783 5591 5686 5251 5624 5647 5656 5403 5565 5696 5438 5383 6092 5612 5836 5863 5508 5496 5588 5308 5356 5257 5874 5596 6173 5476 5224 5346 5622 5565 5506 5699 5878 5576 4937 5307 5764 5707 5478 5628 5474 5361 5600 5266 5506 5602 5463 5418 5586 5397 5525 5733 5871 5594 5493 5698 5809 5607 5917 5546 5911 5524 5618 6111 5491 5959 5867 5597 6114 5808 5408 4983 5622 5479 5245 5949 5220 5733 5709 5184 5298 5601 5758 5560 5598 5786 5309 5759 5685 4882 5891 5696 5550 5748 5139 5582 5149 5424 5331 5200 5563 5043 5531 5445 5386 5867 5040 5560 5620 5200 6110 5517 5312 5569 5722 5614 5821 5874 5654 5559 5618 5499 6176 5974 5519 5436 5544 5532 6072 5431 6087 5985 5484 5494 5848 5674 5247 5386 5811 5754 5529 5778 5669 6058 5627 5646 5368 5940 5774 5778 5661 4711 5635 5873 5246 5810 5789 5646 5464 5433 5724 5509 5586 5979 5506 5203 5522 5695 5517 5459 5227 5040 5786 5768 5951 5669 5419 5647
5121 5400 5373 5030 5420 5133 5713 5600 4952 5376 5309 5214 5222 5113 5426 5037 5206 5279 5293 5693 5271 5462 5014 5254 4997 5371 5473 5035 5626 5096 5314 5622 5265 5351 4941 5647 5252 5162 5216 5467 5225 5480 4839 5504 5538 5598 5512 5407 5427 5712 5343 5207 5283 5444 5184 5375 5256 5508 5720 5769 5312 5426 5461 5699 5723 4996 5395 5120 5108 5517 5561 5494 5529 4907 5128 5174 5418 5078 5524 5565 5373 5142 5588 5539 5483 5186 5438 5404 5047 5168 5382 5454 5655 5638 5312 5234 5289 5140 5305 5429 5375 5435 5837 5186 4975 5364 5428 5159 5243 5529 5202 5041 4970 5246 5514 5566 5183 5493 5392 5156 5278 5394 5336 5313 5194 5403 5755 5674 5367 5464 5742 5471 5396 5471 5473 5460 5562 5478 5694 5334 5323 5784 5385 5817 5615 5509 5938 5537 5190 4966 5145 5298 5050 5810 5091 5493 5578 5068 5342 5446 5460 5208 5372 5380 5296 5493 5448 4795 5477 5204 4911 5402 4810 5498 5088 5329 5475 4969 5457 5292 5309 5265 5183 5497 4806 5256 5282 5316 5795 5242 5199 5662 5315 5284 5779 5610 5256 5539 5397 5189 5873 5553 5349 5054 5208 5211 5985 5591 5641 5343 5253 5675 5518 5345 5023 5268 5452 5709 5163 5380 5415 5840 5074 5486 5481 5625 5520 5486 5238 4793 5419 5816 5536 5530 5092 5312 5319 4985 5265 5382 5246 5550 5204 5088 5240 5622 5188 5199 4973 4998 5413 5367 5612 5390 5328 5266
5872 5619 5606 5243 5775 5339 6073 5683 5187 5741 5514 5500 5665 5382 5650 5476 6068 5715 5470 5828 5632 5619 5450 5410 5440 5727 5861 5294 5977 5351 5686 5766 5657 5496 5616 5672 5887 5574 5437 5856 5495 5574 5668 5516 6037 5714 5900 6042 5845 5849 5693 5612 5538 5866 5566 5746 5764 5551 6019 5593 5653 5452 5634 5941 6011 5407 5934 5592 5343 5930 5875 5678 5748 4917 5770 5575 5623 5719 5983 5796 5776 5288 5773 6072 5732 5503 5654 5712 5392 5582 5911 5522 5781 6011 5479 5708 5547 5383 5551 5596 6283 5563 6167 5885 5180 5768 5843 5540 5520 5767 5878 5672 4931 5272 5804 5652 5512 6063 5561 5430 5529 5584 5416 5817 5554 5675 5611 5840 5668 5916 5983 5565 5502 5852 5799 5476 6084 5443 5899 5956 5579 6218 5530 6047 6048 6079 6296 5791 5616 4827 5432 5611 5557 6494 5089 5800 5618 5265 5620 5517 5870 5565 5892 5710 5737 5588 5860 4942 5819 5544 5309 5672 5076 5624 5323 5534 5799 5286 6009 5381 5555 5559 5414 6029 5008 5617 5864 5615 6068 5303 5379 5730 5496 5634 6067 6023 5717 5555 5728 5241 6254 5763 5478 5465 5294 5507 6221 5881 5864 5964 5428 5763 6016 5506 5404 5482 5976 6045 5513 5523 5634 5946 5689 5884 5784 5863 5619 5792 5528 4916 5866 5892 5582 5824 5686 5460 5314 5427 5349 5774 5610 5892 5675 5449 5439 5811 5460 5513 5298 5248 5638 5875 5916 5702 5495 5838
5277 5089 5310 4978 5159 4941 5862 5428 4624 5291 5280 5002 5263 5011 5405 5030 5154 5136 5010 5559 5282 5344 4862 4944 4878 5149 5591 4991 5593 5096 5178 5388 5245 5154 5230 5511 5213 4911 5111 5286 5134 5479 5099 5236 5611 5364 5327 5351 5323 5593 5363 5027 5074 5362 5177 5230 5189 5187 5621 5366 5111 4991 5359 5676 5651 4719 5164 4910 5038 5573 5582 5401 5414 4554 4947 5100 5169 5041 5424 5575 5589 4951 5243 5350 5068 5004 5414 5299 4782 5218 5441 5361 5332 5425 5092 5066 5198 4823 5201 4853 5332 5292 5847 5221 4837 5360 5173 5179 5196 5318 5432 5120 4800 5134 5407 5332 5093 5221 5059 4996 5208 5038 5177 5188 4751 5264 5087 5329 4847 5365 5530 5394 5228 5143 5476 5069 5461 5092 5239 5356 5392 5552 4884 5388 5470 5513 5637 5850 4894 4567 4972 5202 5027 5654 4825 5358 5190 4955 5313 5076 5251 5022 5152 5397 5363 5227 5318 4681 5519 5125 5047 5061 4825 4886 5109 5043 5207 4792 5310 4989 5129 4982 5124 5156 4800 5076 5165 4708 5678 4873 4906 5290 5110 5271 5649 5361 5311 5002 5100 5197 5895 5308 5067 5271 4937 5216 5561 5410 5300 5188 4919 5386 5669 5576 5024 5350 5168 5434 5236 5361 5227 5638 5110 5335 5233 5480 5708 5486 5246 4242 5108 5192 4939 5174 5222 5562 4971 4969 5325 5356 5203 5428 5255 5161 5063 5091 4994 5175 4957 4954 5466 5474 5424 5274 5036 5488
5042 4844 5312 4898 5075 4617 5124 5378 4575 5380 5028 4691 5092 4962 5378 4977 5343 5172 5061 5584 5197 5163 4840 4656 4722 5101 5588 4768 5323 4774 4904 5270 5124 5009 5077 5099 5212 5025 4866 5197 5077 5216 5020 4800 5268 5142 4988 5251 4894 5280 5146 5147 5058 5146 4943 5065 5330 5028 5385 5444 5127 5152 5210 5198 5443 4684 5169 5053 4830 5473 5363 5182 5170 4653 4992 5187 5105 4934 5509 5207 5418 5022 5236 5311 5134 4977 5255 5182 4752 4941 5258 5059 5013 5203 5152 4851 4907 4845 5356 5093 5540 5307 5527 5095 4673 5115 5188 5343 5206 5060 5230 5168 4611 4791 5329 5369 5226 5403 5228 5014 5056 5022 5134 5254 5022 5100 5381 5248 5114 5331 5688 5127 5097 5213 5203 5321 5577 4949 5058 5397 5375 5512 5012 5365 5410 5300 5644 5633 4810 4877 5051 4976 4700 5664 4916 5239 5134 4825 4868 4852 5616 5021 5276 5210 4950 4980 5213 4693 5454 4886 5129 5278 4869 5168 4865 5213 5307 4528 5205 4919 5017 5164 5034 5369 4657 5289 5335 5115 5417 5089 4982 5168 5180 4995 5493 5465 5345 5097 5161 4736 5688 5588 5017 4825 5127 5029 5602 5547 5213 5274 4713 5138 5269 5085 4794 4994 5252 5473 4850 5138 5168 5323 5032 5028 5251 5314 5037 5037 5085 4151 4934 5073 4945 5176 4934 4884 4909 4793 5106 5311 5052 5415 5597 4974 4890 5137 5307 4899 4852 4756 5129 5143 5310 5228 4806 5086
5064 4976 5236 4462 5162 4909 5438 5564 4826 5230 5439 4797 5007 5036 5400 4742 5202 5423 5029 5419 5178 5203 4681 4839 4818 5014 5271 4871 5512 5052 4938 5327 5345 5201 5031 5325 5387 5183 4854 5185 5177 5092 5213 5204 5148 5369 5304 5375 5163 5272 5131 5056 5110 5278 4988 5099 5160 5540 5418 5203 5440 5005 5185 5457 5292 4787 5248 4709 4779 5615 5236 5582 5482 4360 5184 4774 5108 4939 5500 5189 5381 4730 5236 5197 5270 4781 5139 5161 4853 5054 5461 5226 5316 5281 4834 5084 5203 4888 5361 4952 5321 5159 5640 5019 4772 4914 5229 5144 5088 5160 5201 5098 4711 5217 5000 5577 5112 4919 5269 5015 5235 4900 5014 5287 5047 5119 5272 5369 5027 5228 5515 5181 5153 5319 5242 5168 5305 5165 5326 5424 5293 5441 5194 5370 5309 5327 5757 5252 5165 4523 5051 5042 4888 5572 4685 5502 5099 4645 5093 4885 4964 4714 5198 5419 5113 5405 5337 4871 5312 4989 5069 4994 4655 5213 4829 5061 5200 4822 5252 5102 5104 5180 5056 5359 4593 5034 5018 5009 5301 4867 4889 5389 5308 5092 5451 5461 5190 5012 5008 4991 5996 5657 4997 4792 5133 5177 5730 5714 5235 5288 4818 5420 5509 5071 5032 4945 5329 5142 4755 5108 5157 5800 5124 5035 5098 5222 5360 5068 5206 4555 5156 5461 5064 5222 5072 5220 5156 4882 5252 5023 5075 5240 5416 4813 5008 5127 5007 5198 5128 4920 4923 5364 5231 5287 5231 5160
5041 4970 5474 5020 5155 4873 5560 5423 4616 5422 5286 5019 5194 5147 5306 4932 5220 5283 5006 5908 5140 5367 4858 4863 4670 5216 5459 4881 5490 4612 4953 5177 5223 4991 5120 5609 5450 4998 5010 5430 5126 5171 5070 5137 5521 5378 5466 5531 5195 5233 5519 5156 5174 5491 4893 5165 5366 5272 5714 5717 5472 5168 5275 5565 5434 4839 5243 4734 5097 5858 5502 5258 5194 4769 4949 4810 5263 5238 5449 5480 5288 4814 5199 5340 5021 5040 5122 5146 4820 5171 5412 5220 5317 5641 5159 4973 4986 4992 5353 5163 5268 5213 5497 4935 4733 5312 5275 5088 5198 5149 5111 5038 4833 4896 5503 5208 5230 5184 5230 5099 5192 4916 4919 5183 5274 5178 5512 5233 5156 5217 5681 5272 4910 5392 5413 5139 5587 5034 5394 5120 5455 5312 5054 5361 5096 5142 5607 5513 5174 4710 4885 5309 4568 5547 4947 5411 5002 4641 5092 5266 5207 4694 5381 5005 5127 5300 5309 4485 5065 5403 5167 5070 4797 5153 4872 5149 5372 4715 5242 4569 4946 5067 5051 5404 4598 5268 5323 5046 5783 5005 4942 5073 5261 5169 5466 5385 5127 5003 5127 4731 5597 5524 5021 5124 5149 5339 5694 5143 5244 5136 4893 5088 5245 5295 4943 4882 5288 5262 5041 5298 5343 5494 5028 5342 5292 5444 5301 5255 5083 4598 5353 5386 5178 5248 5247 5217 5242 5045 5158 5432 5339 5293 5107 4965 5061 5452 5103 5092 5011 4817 5294 5373 5728 5154 5237 5207
5223 5461 5530 4889 5508 5304 5697 5540 5164 5607 5540 5257 5580 5105 5701 5228 5405 5491 5119 5962 5748 5369 5131 5076 5150 5411 5636 5207 5892 5303 5690 5954 5365 5411 5291 5879 5807 5702 5267 5597 5526 5447 5400 5354 5817 5346 5530 6008 5487 5764 5641 5400 5547 5566 5393 5407 5552 5498 5755 5680 5465 5689 5489 5978 5677 4878 5602 5250 5240 6007 5796 5604 5741 4764 5307 5426 5689 5511 5619 5669 5684 5359 5578 5646 5638 5384 5256 5682 5298 5323 5762 5693 5629 5751 5232 5329 5646 5458 5525 5576 5762 5429 6021 5025 5061 5581 5661 5181 5401 5411 5388 5348 5139 5470 5567 5481 5565 5672 5566 5223 5501 5356 5494 5506 5597 5496 5637 5852 5637 5444 5993 5368 5467 5652 5733 5502 5963 5318 5798 5628 5502 5882 5472 5872 5978 5594 6215 5891 5474 4998 5140 5738 5067 5887 5133 5671 5380 5160 5595 5597 5653 5352 5422 5632 5398 5699 5862 4744 5587 5349 5368 5409 5013 5389 5497 5491 5464 4862 5719 5388 5576 5511 5243 5861 4874 5558 5501 5323 5866 5395 5149 5692 5550 5454 5794 5969 5706 5558 5618 5315 6108 5984 5332 5388 5418 5552 5970 5589 5720 5614 5288 5647 5815 5493 5250 5716 5696 5641 5393 5653 5571 5809 5369 5635 5560 5659 5630 5662 5592 4946 5589 5754 5429 5626 5374 5336 5201 5271 5469 5814 5504 5813 5402 5244 5542 5458 5354 5457 4975 5119 5677 5616 5808 5499 5627 5582
5281 4786 4899 4596 4946 4571 4869 5391 4605 4938 4946 4805 4867 4749 5099 4572 4923 5140 4907 5261 4977 4939 5016 4723 4517 4754 5219 4606 5361 4826 4897 5003 5049 4643 4830 5438 4943 4558 4706 5039 4852 5082 4833 4673 5304 5008 5152 4820 5022 4998 4985 4850 4916 5199 4754 5024 4939 4838 5456 5100 5238 4890 5148 5039 5121 4542 4989 4805 4744 5352 4958 5106 5111 4300 4843 5049 5313 4666 5331 5110 5118 4651 4984 5097 5004 4738 4665 4616 4678 4875 5213 4754 5170 5128 4815 4616 4849 4901 5207 4837 4996 4978 5344 4830 4654 4942 5240 4831 4858 5134 5266 5003 4809 4657 5170 5004 4960 5044 4837 4746 5126 4667 4795 4865 5015 4792 5226 5124 4754 5034 5516 4916 4901 5119 5137 5172 5397 4880 4954 5032 4884 5369 4935 5040 5239 5251 5440 5181 4720 4401 4860 5055 4650 5411 4390 5056 4867 4412 4847 4814 5157 4861 4910 4978 4671 4941 5232 4439 5094 4890 4798 4981 4642 4955 4733 5225 4702 4397 4997 4760 4818 4839 4835 5144 4571 4803 4919 4518 5119 4621 4776 5217 4875 4830 5291 5265 5099 5026 5205 4705 5383 5252 4832 4901 4938 4868 5353 5210 5145 5196 4702 5080 4954 5119 4905 4870 5189 4932 4871 4975 5077 5438 4705 4786 5152 5046 5087 4973 4888 4335 4946 5166 4773 5102 4929 4791 4793 4829 4921 4911 4857 5345 4973 4660 4916 5307 5087 4994 4701 4579 4884 5063 5176 5050 4732 5077
5773 5231 5577 5161 5659 5405 5741 5590 4983 5310 5449 5127 5250 5188 5713 5091 5432 5362 5432 5668 5240 5475 5397 5046 5136 5393 5651 5174 5755 5333 5255 5747 5465 5319 5299 5490 5480 5366 5078 5492 5597 5594 5346 5624 5669 5523 5679 5588 5422 5518 5567 5315 5020 5546 5021 5249 5400 5180 5700 5625 5385 5382 5622 5848 5816 5117 5468 5209 5228 5864 5587 5481 5353 4736 5271 5220 5430 5263 5543 5470 5539 5139 5299 5718 5372 5318 5519 5535 5158 5293 5445 5255 5543 5546 5217 5272 5399 5343 5326 5358 5763 5429 5831 5387 4919 5504 5244 5363 5112 5755 5732 5630 4963 5488 5345 5392 5280 5450 5509 5242 5355 5093 5464 5351 5238 5439 5459 5503 5475 5617 5692 5488 5190 5378 5622 5304 5607 5477 5609 5605 5706 5468 5188 5781 5613 5583 5958 5678 5038 4931 5318 5598 5047 5993 4889 5239 5530 5229 5304 5497 5277 5480 5540 5351 5216 5510 5502 4716 5775 5435 5084 5256 4924 5278 5054 5233 5381 4933 5664 5251 5219 5344 5341 5800 4916 5290 5449 5092 5810 5110 5156 5705 5456 5528 5723 5737 5495 5338 5710 4937 5985 5488 5206 5439 5484 5339 6193 5667 5647 5514 5501 5207 5696 5467 5131 5378 5717 5442 5456 5355 5548 5824 5564 5568 5418 5827 5467 5436 5318 4708 5578 5608 5368 5496 5204 5488 5156 5283 5548 5287 5318 5549 5506 4895 5470 5501 5246 5185 5031 5154 5523 5627 5706 5578 5388 5475
5135 5175 5352 4858 5125 4813 5327 5268 4859 5272 5033 4875 4850 4966 5227 5037 5298 5208 5182 5272 5021 5202 5053 4944 4507 5082 5187 4925 5253 4592 4879 5119 4908 4903 4835 5183 5322 5096 5061 5362 4993 5410 4911 4813 5675 5507 5182 5452 5046 5370 5211 4966 5052 5500 4857 5193 5332 5066 5378 5421 4940 5040 4979 5240 5312 4771 5306 4725 4938 5702 5179 5208 5045 4690 5039 5205 4928 5009 5303 5332 5495 4775 5224 5192 4936 4958 5176 5233 4772 5097 5188 5130 5094 5029 4978 5017 5056 4908 5225 5365 5164 5031 5586 4829 4643 4932 5415 5015 5009 5144 5114 4907 4440 4919 5166 4956 5072 5254 5178 5156 5198 5075 5065 5069 5193 5024 5120 5093 5053 5125 5494 5072 5318 5046 5393 5110 5255 5065 5354 5248 5286 5161 4818 5453 5276 5490 5640 5186 4789 4722 5161 5279 4890 5363 4648 5286 5109 5028 5034 5195 5496 4974 5021 5214 4893 5009 5531 4350 5227 5040 4781 5068 4861 5130 4891 5230 5203 4452 5179 4718 4872 5044 4944 5406 4764 5032 5127 4887 5726 4987 5057 5079 5044 5087 5329 5305 5110 5033 5225 4845 5705 5254 5149 5034 5071 5204 5713 5482 5296 5191 4939 5163 5295 5057 4777 4869 5250 5331 5040 5024 5263 5430 5030 5196 5161 5203 5188 5210 5179 4377 5322 4927 5132 5293 4949 4711 4948 4999 5133 5303 5017 5719 5262 4929 4788 4990 5196 4998 5000 4653 4945 5072 5294 5121 4925 5239
5147 4939 5402 4744 5391 4874 5578 5493 4684 5168 5213 4589 5147 4910 5380 4708 5239 5355 5082 5329 5108 5069 4850 4846 4649 5084 5319 4984 5394 5268 4958 5415 5284 4959 4971 5367 5234 5078 4736 5311 5200 5285 5086 5121 5181 5262 5099 5157 5109 5367 5214 5118 5028 5258 5087 5212 5162 5347 5310 5686 5241 4805 5233 5419 5278 4890 5362 4838 4790 5609 5447 5296 5435 4611 5027 4842 5237 4906 5371 5403 5283 5016 5050 5268 5219 5047 5100 5112 4880 5105 5228 5171 5066 5547 4951 4814 5248 5152 5223 5030 5245 5244 5435 5209 4957 5228 5174 5212 5121 5415 5159 4824 4369 4940 4969 5387 5211 4999 5303 5116 5240 4703 5009 5265 5251 5175 5071 5419 5143 5159 5364 5244 5215 5253 5300 5184 5247 4920 5195 5189 5305 5442 4945 5524 5400 5251 5831 5324 4917 4541 5285 5173 4715 5514 4616 5400 5146 4625 4950 5049 5324 5039 5329 5127 4999 5166 5374 4648 5389 5107 5086 5205 4589 5073 4742 5024 5174 4741 5137 4912 5148 4979 4925 5062 4660 5083 5251 4894 5551 5023 5065 5366 4985 5242 5243 5437 5295 5230 5168 4914 5696 5391 4980 4931 5063 5022 5651 5364 5153 5257 4888 5051 5311 5288 4906 5093 5445 5342 5049 5233 5075 5650 5175 5307 5246 5205 5339 5101 5007 4581 5050 5134 5019 5334 5300 5112 4878 4984 5364 5303 4943 5207 5491 4578 5249 5306 5072 5030 5083 4780 5033 5124 5370 5020 5085 5197
4992 4816 5010 4733 5047 4805 5327 5181 4736 4893 4895 4892 5043 4735 5329 4631 5120 5030 4625 5324 4913 4893 4815 4765 4690 4967 5107 4764 5229 4655 5108 5195 5020 4984 5047 4975 5107 5085 4824 5234 4853 4964 4637 5067 5107 5115 5132 5144 5046 5046 5163 4866 4712 5127 4995 4970 5142 4986 5440 5300 5037 5050 4974 5122 5254 4468 4977 4654 4800 5334 5116 5054 5110 4388 4926 4849 5086 4990 5204 5242 5062 4689 4941 5141 4922 4728 5146 5106 4645 4976 5185 5028 5232 4981 4740 5027 4945 4693 4976 4789 5084 4771 5419 4826 4635 4981 5321 4927 4578 5222 5053 4890 4543 4974 4979 5087 4812 4935 5148 5030 4957 4817 5095 5213 4746 5033 5176 5261 4928 4971 5506 4921 5147 4872 5309 5326 5145 5008 5282 4824 5151 5227 4897 5329 5064 5390 5420 5221 4757 4625 5239 5170 4667 5418 4853 5188 4823 4632 4799 4808 5204 4571 5075 4799 4902 4849 5162 4668 5287 5007 4665 4879 4511 4893 4530 4985 4835 4600 4968 4910 4854 4851 4814 5374 4603 5030 4861 4731 5240 4866 4762 4902 4855 5138 5202 5238 5188 4720 4948 4511 5545 5188 4960 5059 4789 4927 5366 5261 5121 5011 4930 5280 5189 4870 5090 4963 5160 5121 4794 5112 5001 5171 4782 4963 4864 5062 4952 5097 4980 4344 4903 5021 4836 4880 5067 4876 4650 4905 4912 5161 4831 5340 4846 4724 4860 5149 4746 4959 4749 4645 4862 5168 5158 4965 4729 4890
4947 5022 5366 4791 5087 4764 5261 4927 4502 5037 4960 4632 4760 4704 4964 5034 4901 4868 4929 5081 4813 4997 4705 4512 4646 4580 4996 4674 5286 4559 4705 5096 4872 4645 4944 5173 4926 4690 4756 5118 4601 5124 4820 4802 5125 5232 5137 5063 5083 5320 4781 5199 4787 5022 4782 4774 5075 4744 5144 5248 4998 4655 5016 5491 5254 4570 4898 4680 4433 5279 4980 5044 5140 4303 4737 4746 4974 4544 5014 5298 5236 4841 4848 5079 5084 4754 4964 4911 4302 4712 5183 5114 5329 4984 4884 4590 4829 4749 4984 5106 4805 4965 5208 4922 4684 4956 4849 4891 4987 5152 4858 4638 4496 4851 5154 4973 4605 5006 5130 4867 4943 4615 5168 4933 4904 4951 4899 5224 4915 4756 5377 4865 5227 5151 4968 4682 5224 4711 5280 4901 5233 5131 4740 5398 5033 5311 5295 5227 4804 4353 4767 4971 4669 5212 4389 5122 4708 4801 4883 5013 5000 4560 5061 5068 4784 4876 5049 4559 5123 4801 4691 4793 4497 4726 4742 5024 4839 4443 5145 4745 4957 4581 4695 5079 4580 5029 5061 4194 5407 4643 4633 5055 4810 5021 4853 5173 4924 4905 4916 4701 5648 5139 5118 4720 5012 4799 5581 5115 4975 5015 4732 5137 5067 4979 4657 5107 5187 5152 4833 5103 4959 4929 4780 5021 5038 4830 5013 4976 4870 4476 4664 5153 4918 5049 5012 5020 4830 4855 5066 5223 4789 4957 5004 4765 4735 5087 4870 4981 4834 4477 4887 5293 5367 4997 4848 5153
5434 5538 5593 5118 5669 4965 5724 5672 5093 5670 5490 5286 5361 5244 5640 5299 5593 5536 5057 6078 5552 5732 5268 5161 5073 5493 5738 5286 5788 5185 5412 5514 5669 5328 5610 5902 5483 5240 5422 5756 5495 5333 5434 5331 5862 5431 5722 5594 5487 5768 5503 5493 5670 5819 5343 5353 5591 5614 5862 5613 5513 5346 5519 5556 5835 5049 5781 5243 5228 5902 5739 5750 5761 4781 5397 5439 5590 5452 5932 5763 5659 5161 5601 5539 5605 5209 5321 5359 5067 5698 5376 5604 5691 5888 5133 5322 5538 5454 5495 5510 5581 5607 5835 5391 5216 5727 5610 5491 5456 5622 5730 5130 5187 5125 5747 5698 5464 5462 5364 5479 5501 5164 5461 5527 5584 5534 5634 5666 5333 5363 6005 5556 5379 5535 5485 5594 5828 5238 5684 5409 5516 5882 5308 5685 5747 5760 5704 5773 5060 5028 5470 5298 5137 5875 5091 6038 5426 4883 5322 5141 5642 5288 5343 5599 5537 5507 5697 4947 5716 5368 5524 5427 4785 5233 5272 5655 5647 4794 5679 5342 5530 5399 5303 5733 5000 5272 5668 5186 5916 5136 5124 5590 5382 5752 5780 5804 5351 5340 5610 5181 5843 5785 5499 5435 5442 5397 6107 5649 5497 5616 5210 5652 5699 5547 5523 5388 5443 5775 5291 5520 5541 5834 5257 5429 5540 5546 5602 5595 5580 4728 5748 5647 5206 5494 5557 5443 5496 5285 5294 5679 5328 5658 5568 5016 5413 5658 5377 5293 5096 5090 5451 5642 5726 5808 5465 5643
4928 4876 5167 4490 5237 4607 5250 5126 4705 5003 5018 4900 4903 4737 5184 4754 5030 4972 4863 5453 5291 5351 4785 4770 4832 5218 5108 5036 5237 5037 4653 5133 5210 4921 5176 5238 5067 4895 5162 5280 4857 5177 4927 5099 5303 5214 5311 5280 4865 4967 5432 4943 4866 5218 4903 5089 5173 5251 5269 5547 5285 4964 4932 5417 5136 4855 5196 4834 4922 5573 5050 5274 4842 4573 5076 4996 5156 4598 5214 5180 5026 4693 5210 5046 5001 5048 4883 5053 4901 4865 4913 4975 5173 5223 5058 4923 4934 4980 4999 4978 4944 4655 5524 4754 4622 4986 5198 5012 5076 5248 5214 4782 4506 5052 5006 5062 4773 4865 4847 5074 5064 4634 5143 4976 5175 4899 5359 5319 4777 5248 5292 4957 5103 4877 5091 5036 5381 4933 5310 5204 5052 5251 4809 5330 5022 5293 5571 5385 5009 4899 4974 5104 4763 5284 4512 5138 5274 4668 4912 5322 5296 5050 4811 5129 4802 5199 5200 4420 5023 5290 4943 5116 4557 5029 4683 5030 5001 4485 5309 4807 5041 4955 5096 5470 4526 4838 5133 4633 5413 4765 4652 5095 4770 4993 5356 5201 5154 4991 5310 4770 5457 5301 5287 4976 5015 4882 5580 5211 5362 5285 4793 5257 5355 5282 4906 4969 4977 5304 5024 5173 4996 5385 5067 5000 5085 5092 5232 5157 5141 4438 5176 4990 4688 5277 4727 4975 4934 4676 5000 5104 4956 5379 5083 4787 5020 5101 4762 4882 5031 4753 4870 5296 5189 4999 5082 5170
5482 5136 5367 4815 5199 5066 5396 5488 4855 5280 5144 5048 5245 4901 5262 4734 5258 5319 5319 5796 5475 5276 5153 4931 5234 5178 5429 5177 5709 4930 5320 5581 5518 5030 5130 5670 5162 5203 5173 5502 5274 5500 5162 5291 5683 5448 5344 5451 5277 5377 5473 5072 5338 5691 5269 5231 5297 5238 5470 5609 5460 5255 5358 5869 5404 5110 5230 4976 4878 5822 5425 5325 5615 4950 5188 5053 5437 5127 5761 5497 5244 5026 5669 5366 5242 5263 5448 5027 5185 4953 5322 5379 5436 5461 5116 5208 5269 5056 5296 5059 5649 5336 5752 5013 4773 5232 5266 5106 5236 5316 5399 5194 4812 5252 5307 5431 5206 5387 5310 5085 5272 5082 5230 5066 5383 5145 5337 5538 5303 5440 5583 5185 5084 5306 5617 5165 5535 4988 5545 5360 5050 5670 5008 5368 5400 5665 5680 5444 5199 4790 5250 5398 5158 6000 4786 5346 5402 5044 5134 5383 5251 5149 5144 5375 5051 5430 5493 4892 5575 5468 4954 5164 4955 5306 5087 5186 5485 4705 5449 5249 5248 5184 5074 5551 4799 5169 5369 4972 5686 4941 5088 5651 5120 5117 5500 5474 5349 5027 5229 4976 5726 5723 5355 5012 5187 5094 5729 5760 5567 5376 4991 5553 5868 5135 5163 5228 5508 5310 5102 5347 5370 5678 5209 5446 5173 5574 5488 5545 5257 4482 5331 5471 5229 5339 5266 5433 5112 5138 5220 5422 5312 5617 5380 5037 5141 5588 5085 5108 5100 4894 5414 5447 5458 5338 5269 5218
4501 4782 5040 4635 4803 4787 4898 5046 4293 4966 4662 4355 4638 4840 5022 4487 4838 5251 4637 5098 5027 4859 4427 4711 4509 4852 5099 4715 5293 4923 4715 4970 4915 4718 4871 5046 4849 4785 4796 4909 4816 4792 4854 4857 5193 4899 4948 4862 4545 4892 4969 5081 4682 5061 4838 5003 4984 4879 5229 5125 4799 4656 5069 4980 4931 4408 5138 4565 4756 5183 5132 5000 5041 4270 4689 4923 5113 4904 5317 5163 4948 4667 5097 4803 5053 4624 4736 4795 4422 4849 4936 5108 5052 5144 4601 4599 4912 4795 4995 4795 5170 4803 5308 4925 4513 4972 5072 4793 4762 5121 4971 4756 4381 4806 5101 5000 4752 4967 4681 4604 4871 4759 4697 4724 4846 4770 4707 5147 5003 4910 5217 4896 4746 4875 5010 4914 5047 4682 4992 5187 5067 5096 4635 5049 5208 5148 5384 5139 4611 4383 4689 5007 4655 5166 4469 4825 4800 4491 4697 4859 4965 4738 4852 5005 4651 4850 5069 4368 4808 4817 4759 4801 4278 4491 4558 4948 5155 4415 4835 4498 4706 4817 4502 4998 4361 4863 4954 4639 5266 4627 4846 5005 4836 4766 4981 5197 4916 4464 4867 4634 5241 5215 4651 4812 4756 4878 5198 5225 4957 4942 4526 4900 4936 4730 4769 4991 4956 5038 4463 4966 4782 5209 4905 5061 4957 4985 5180 4625 4832 4285 4972 4958 4890 4945 4730 4882 4324 4628 5021 5213 4785 5007 4966 4716 4781 4955 4639 4875 4817 4356 4839 5042 5277 4908 4637 4799
4862 4933 4983 4974 4995 4855 5384 5090 4567 5031 4883 4528 4963 4950 5036 4834 5306 5377 4815 5202 5314 5007 4756 4806 4699 5165 5147 4672 5327 5182 5079 5017 5062 5033 4946 5239 4977 5142 4882 5295 5156 5183 4899 5069 5369 5263 5158 5102 4905 5049 5269 5099 4917 5172 4928 5129 5231 5227 5312 5455 4853 4918 5155 5114 5283 4875 5119 4764 4657 5309 5411 5273 5156 4612 5013 5049 5173 4706 5324 5202 5057 4991 5337 5132 5026 4838 5231 4998 4718 4957 5257 5164 5234 5316 4821 4835 5020 4879 4867 5019 5297 4905 5174 5107 4740 5084 5294 5105 5039 5134 5155 4846 4522 4895 5022 5249 5132 4929 4980 4862 5129 4856 4932 5088 5045 5088 4875 5272 4841 5042 4948 5091 5276 5204 5471 5025 5307 4858 5178 5114 5130 5330 4773 5292 5491 5340 5693 5416 4727 4756 4925 5099 4678 5397 4785 5147 5070 4683 4748 4994 5383 4829 5213 5162 4984 4913 5258 4521 5121 4910 4905 5002 4559 5018 4617 5165 5092 4791 5003 4867 4995 4931 4810 5275 4641 5089 5005 4684 5530 4930 4934 5148 4929 4925 5097 5298 5114 4830 5058 4949 5373 5220 4974 4775 4887 4985 5622 5214 5085 5167 4926 5150 5277 5080 4891 4982 5254 5225 4881 5055 5282 5299 4944 5182 4953 5136 5206 4786 5087 4551 5007 5271 5014 5115 4907 4974 4923 4904 5113 5014 4901 5465 5267 4829 4963 5100 5157 4653 4812 4423 4802 5084 5170 4960 5000 5286
4997 4855 5422 4843 5177 4949 5275 5464 4702 5205 5144 4798 5047 5019 5193 4659 5235 5039 4702 5305 5201 5187 4663 4826 4901 5206 5300 4887 5533 4957 5099 5282 5360 5176 4794 5179 5294 4849 4904 5027 5272 5195 4922 4971 5189 5352 5118 5404 4866 5101 5341 5136 5028 5410 4981 5253 5042 5277 5368 5500 5221 5130 5198 5333 5412 4816 5086 4733 4742 5451 5208 5096 5342 4418 4865 4918 5394 5099 5603 5111 5092 4838 4978 5204 5299 4780 5015 5094 4975 4999 5308 5132 5337 5257 5070 4866 5177 5137 5275 4898 5592 5032 5428 4881 4670 5100 4977 5149 4986 5342 5548 4967 4590 5114 5154 5429 5149 5254 5336 5275 5062 4946 4905 4879 4971 5004 5121 4906 5218 5009 5654 4935 5060 5028 5232 4917 5537 5035 5139 4982 5108 5343 4849 5423 5473 5363 5695 5481 4717 4512 4923 5050 4879 5489 4665 5090 5178 4683 4871 4993 5146 4647 5018 5059 4993 5142 5033 4658 5156 5093 5009 4788 4692 4650 4753 5130 5200 4831 5307 4810 4959 5074 4748 5573 4472 4993 5250 4595 5534 4905 4975 5164 5036 4829 5196 5451 4921 4899 5157 4749 5661 5355 4923 4896 4996 4735 5652 5555 5030 5069 5008 5146 5555 4851 4736 4975 5296 5159 4966 5139 5351 5135 5015 5136 5180 5455 4971 4940 5123 4305 4945 5172 4865 5156 5085 4962 5002 4801 5104 5365 4849 5337 5106 4753 4947 5202 5023 5066 4998 4610 5010 5132 5305 5189 4902 5148
5029 4812 5047 4687 5082 4646 5484 5158 4788 5210 5083 4978 4963 4868 5185 4965 5177 4974 4792 5274 5144 5231 4944 4863 4617 5166 5315 4952 5404 4655 5129 5243 4999 4982 5162 5078 5180 4970 4962 5103 4993 5351 4873 5013 5461 5232 5119 5210 4838 5205 5124 5102 5034 5157 4864 4847 5236 5151 5378 5185 5130 4918 4927 5431 5373 4674 5271 4976 4559 5312 5103 5275 5066 4404 4985 5186 5035 5117 5461 5237 5103 4826 5164 5245 4915 4867 5097 5023 4799 4899 5259 5010 5290 5111 4924 4858 5283 4850 4892 4873 5330 4992 5654 4950 4698 4964 5177 5251 4859 5136 5324 4883 4648 5021 5047 5128 5067 5349 5205 4782 5087 4891 5031 4921 4967 4819 5003 5147 4925 5076 5471 5340 5229 5146 5395 5005 5384 5234 5377 5191 5035 5327 4968 5349 5244 5354 5592 5091 4817 4454 5054 4994 5058 5615 4743 5525 5080 4759 4954 5197 5170 4912 4835 5181 5000 4964 5198 4443 5327 4991 4822 4963 4463 4714 4828 5008 5049 4755 5155 4890 4859 5035 4779 5201 4715 4877 4994 4905 5516 5012 4962 5293 4953 5032 5394 5170 5283 4946 4952 4996 5805 5131 5261 4925 5057 5030 5709 5308 5072 5341 4863 5004 5380 4912 4801 5034 5129 5265 5029 4945 5152 5369 4977 5290 5045 5233 5366 5256 4820 4197 5016 5237 4983 5332 4960 5069 4889 4839 5230 5338 5005 5308 5110 4840 4933 4987 4864 4933 4779 4546 4925 5097 5272 5259 4986 5308
4869 4851 5407 4499 4764 4774 5454 5093 4301 4963 5001 4519 4830 4494 4951 4627 5023 4779 4716 5174 4919 4673 4577 4726 4349 5048 5183 4719 5336 4647 4661 5145 5020 4827 4784 5130 5058 4831 4754 5076 4732 4965 4646 4906 5282 5040 5024 4986 4770 5089 4887 4738 4670 5012 4590 4871 4871 4943 5048 5314 5095 4775 5074 5259 5328 4602 5102 4659 4942 5196 5276 4980 5226 4287 4754 4789 4852 4891 5209 5087 5189 4793 5108 4922 5068 4598 4989 4759 4708 4835 5115 5049 5046 4991 5035 4948 4971 4738 5030 4977 4875 5053 5403 4901 4599 4904 5017 4720 4755 5131 5044 4702 4552 4869 5015 5118 4896 5013 4916 4798 4841 4832 4870 4862 5338 4982 5135 5037 4997 5072 5351 4999 4810 5187 5078 4856 5324 4807 5309 4891 4909 5203 4597 5120 5008 4991 5313 5318 4903 4464 4826 4974 4655 5360 4593 5160 4992 4787 4993 4906 5121 4888 4949 5170 4699 5123 5006 4582 4904 5028 4626 4926 4507 4969 4701 5074 4968 4554 4959 4802 4764 5016 4845 5281 4423 4810 4837 4680 5415 4814 4788 5059 5165 5089 5282 5246 4865 4852 4898 4666 5410 5484 5039 4858 4731 4917 5547 5203 5011 4836 4674 5084 5414 5010 4824 5202 5128 5140 4749 4968 4720 5011 5002 5058 5072 5363 4955 5070 4944 4265 5121 4817 4877 4962 4772 5100 4566 4717 4948 5299 4844 5396 4953 4837 4756 5107 4866 5064 4817 4387 4938 4881 5288 5111 4927 4969
5025 5028 5101 4943 5192 4665 5372 5394 4864 5111 5354 4792 5317 5032 5261 4860 5418 5352 4802 5318 4844 5079 4939 4848 4824 4966 5265 5045 5592 4897 4695 5001 5277 4993 4767 5349 5099 4825 4891 5337 5141 5142 4940 5157 5248 5173 5232 5270 5214 5250 5093 4904 5036 5269 5002 5352 5516 5183 5406 5093 5424 4847 5272 5682 5495 4736 4991 4833 4765 5525 5071 5104 5068 4257 4714 4768 5070 5044 5283 5171 5343 4724 4911 5298 5029 5031 4985 5126 4554 4920 5093 5073 5325 5544 5050 4918 5094 4976 5066 5044 5331 5104 5353 4961 4806 5236 5106 5144 4781 5152 5172 4811 4667 5214 5236 5230 4782 4981 5126 5017 5024 4783 5004 5070 5074 5047 5298 5136 5178 4938 5602 5182 5148 5143 5046 4835 5271 4800 5291 5093 4993 5354 4834 5510 5246 5348 5317 5519 5089 4789 4962 5051 4814 5603 4597 5153 5043 4946 5015 4827 5266 4926 5165 5277 4873 5267 5332 4596 5432 5145 4867 5137 4631 4926 4760 5220 5208 4826 5256 4899 4776 4914 4750 5245 4515 5038 5016 4712 5170 4733 4694 5187 4850 5234 5351 5369 5188 4916 5164 4811 5864 5313 5102 5014 5044 5110 5605 5392 5068 5263 4619 5122 5319 5142 5022 5065 5300 5300 4666 5203 5018 5244 5195 5038 5035 5382 4990 4981 5224 4370 5264 5152 5052 5107 5094 4901 4870 4868 4877 5198 5068 5200 5204 4980 4994 5060 5235 5012 4685 4707 4949 5154 5118 5105 5222 5304
5162 5079 5911 4982 5325 5137 5549 5471 4851 5670 5264 4940 5369 4990 5500 5021 5335 5336 5194 5840 5518 5377 4755 5208 4966 5185 5317 5164 5844 5404 5156 5540 5360 5109 5192 5748 5550 5318 5163 5599 5324 5321 5303 5378 5604 5234 5479 5620 5371 5154 5447 5332 5330 5514 5098 5291 5512 5479 5665 5758 5524 5438 5494 5671 5479 4947 5352 4945 5156 5745 5620 5203 5705 4690 5148 5045 5630 5121 5709 5848 5624 5097 5158 5331 5552 5236 5344 5401 5320 5257 5564 5619 5231 5850 5220 4932 5483 5218 5603 5126 5551 5394 5998 5295 5032 5582 5496 5259 5443 5461 5313 5368 4944 5036 5592 5417 5249 5229 5302 5216 5429 5124 5351 5240 5604 5534 5203 5294 5371 5269 5711 5324 5493 5489 5431 5270 5667 4942 5452 5564 5276 5643 4906 5668 5500 5741 5702 5558 5102 4813 5139 5450 4900 5694 4983 5770 5327 5049 5292 5403 5594 5025 5477 5422 5207 5619 5574 4647 5369 5549 5127 5297 4725 4982 5083 5358 5419 4816 5616 4978 5239 5361 5212 5562 4518 5375 5432 5081 5913 5156 5309 5409 5185 5576 5666 5850 5387 5266 5359 5108 5831 5660 5489 5266 5207 5055 5780 5430 5636 5444 5262 5624 5653 5583 5258 5433 5581 5764 5082 5512 5434 5691 5358 5370 5442 5753 5657 5289 5196 4578 5288 5391 5420 5543 5344 5404 4977 5049 5239 5901 5297 5638 5328 5068 5494 5536 5400 5380 5211 4925 5399 5444 5789 5517 5113 5273
4681 4579 5102 4618 4614 4412 4772 5103 4399 5081 4537 4545 4981 4453 5090 4585 4918 4823 4646 5059 4883 4742 4294 4305 4356 4665 4884 4623 5007 4778 4690 4867 5080 4613 4730 5059 4776 4633 4646 4916 4933 4650 4785 4679 5042 4999 4936 4768 4752 4905 4949 4705 4739 4887 4629 4848 4876 4978 4911 5061 4899 4863 5022 4931 5205 4448 4861 4614 4511 4971 4896 5076 4993 4253 4738 4677 5083 4847 4955 4994 4912 4775 4618 4799 4988 4822 4684 4609 4484 4863 4981 4978 4786 5154 4440 4562 4704 4629 5182 4669 4855 4894 5111 4657 4415 4847 4749 4803 4756 4713 4981 4812 4458 4653 4929 5139 4888 4678 4822 4575 4904 4569 4654 4749 4912 4639 4740 4893 5040 4602 5023 4631 4826 4789 4974 5101 4980 4789 4973 4971 4873 5074 4853 4823 5123 5074 5010 5085 4779 4509 4626 4959 4573 5120 4350 4876 4940 4585 4703 4828 4919 4548 4990 4845 4784 4933 4988 4221 5130 4895 4678 4423 4594 4545 4557 4749 4850 4255 4883 4596 4801 4782 4616 4987 4249 4880 4746 4544 5071 4507 4667 4957 4808 4554 4800 5175 4730 4806 4745 4474 5342 4899 4646 4847 4972 4603 5257 4993 5078 5167 4375 4825 4857 4831 4657 4695 5105 4902 4502 4953 5198 5194 4589 5032 4939 4806 4947 4520 4831 4517 4802 5189 4618 4527 5055 4684 4680 4569 4917 4738 4836 4701 4864 4362 4696 5130 4670 4654 4510 4517 4978 5077 5067 4877 4754 4712
5090 5128 5383 4915 5317 4757 5666 5514 4843 5146 5291 4798 5082 5086 5261 5070 5483 5270 4979 5431 5378 5139 4797 4629 4784 5108 5523 5215 5534 5032 5055 5457 4944 5088 5135 5440 5281 4965 5261 5439 5271 5395 5111 5087 5409 5643 5364 5348 5039 5384 5264 5094 5125 5302 5072 5411 5355 4986 5473 5482 5407 5034 5107 5740 5476 4690 5208 4951 4932 5761 5319 5181 5284 4574 5075 5159 5129 5130 5479 5538 5394 5154 5263 5215 5095 4952 5078 5135 4820 4969 5233 5151 5259 5838 5205 5125 5011 4989 5180 5079 5208 5209 5757 5238 4604 5370 5334 5439 5182 5103 5150 5103 4607 4906 5450 5466 4989 5318 5082 5201 5009 4991 5145 4974 5163 5107 5432 5299 5257 5324 5505 5338 5225 5289 5393 5074 5404 4777 5504 5538 5230 5655 5131 5638 5483 5352 5420 5610 4890 4723 5039 5560 4753 5769 4676 5403 4878 5024 5314 5225 5013 5172 5321 5210 5319 5322 5413 4590 5386 5444 4915 5138 4776 5302 5081 5359 5337 4808 5582 5116 4944 5165 5050 5300 4758 5231 5212 4955 5735 4830 5079 5375 5028 5208 5516 5417 5371 5238 5408 4933 5506 5381 4894 5048 4863 5290 5547 5374 5239 5311 4850 5376 5505 5225 4968 5273 5374 5357 4591 5347 5064 5481 5257 5284 5282 5441 5231 5143 5191 4412 5159 5108 5115 5195 5317 5052 4937 4899 5223 5442 5277 5502 5348 5055 4965 5439 5158 5070 5128 4715 5249 5406 5563 5378 5343 5381
5025 4917 5304 4637 5181 4914 5373 5408 4845 5088 5156 5015 5046 4725 5204 4748 5228 5168 4737 5426 5201 5246 4742 4880 4798 5110 5188 4932 5254 4848 5034 5227 5203 5117 4729 5313 4881 4770 5193 5292 4913 5335 4847 4901 5438 5283 5194 5465 4859 5133 5100 4979 4906 5378 4976 5081 5159 5174 5594 5633 5219 5041 5156 5306 5272 4526 5168 4821 4880 5477 5247 5331 5016 4548 5058 4880 4790 4912 5548 5342 5083 4853 5003 5036 5066 4867 4767 4919 4716 4916 5158 5031 5005 5229 4919 5002 4872 4910 5140 4999 5031 4866 5715 5068 4569 4911 5173 4850 4907 5228 5021 4990 4526 5037 4990 5203 5149 5012 4879 5236 5054 4783 4934 5172 4789 5041 5173 5375 5136 4996 5426 5022 4942 5054 5219 5127 5250 4728 5142 5275 5101 5146 4922 5183 5319 5346 5549 5396 4845 4618 5119 5142 4981 5522 4500 5148 4976 4743 5014 5071 5241 4762 5090 5223 5334 5222 5154 4624 5479 5110 4645 4958 4712 4869 4831 5089 5018 4612 5267 4931 4906 5194 4990 5269 4733 4851 5266 4872 5430 4793 5015 5245 4927 4975 5228 5153 5094 4827 5149 4700 5717 5165 4798 4787 5033 4998 5360 5284 5085 4917 4894 5152 5269 5293 4899 4935 5288 5149 5098 5273 5095 5241 4866 5159 4986 5163 5128 4963 4961 4416 4871 5312 4982 5243 4912 4942 4819 4833 5112 5290 4803 5305 5275 4667 4924 5503 4725 5261 4835 4697 5219 5277 5329 5187 5183 5252
5228 4926 5102 4625 5045 4757 5264 5076 4469 4898 5070 4592 5016 4626 5028 4718 5148 4873 4911 5176 5021 4857 4687 4745 4630 5025 5222 4615 5322 4747 5006 4886 5170 4851 4801 5112 4950 4644 4832 5293 4825 5264 4722 4954 5167 5092 5287 4994 5159 5108 5037 4747 4604 5122 4873 4988 4860 5008 5490 5357 4955 4911 4988 5225 5078 4294 4961 4594 4607 5319 4839 5018 4971 4322 4881 4844 5021 4854 4846 5277 5275 4648 4894 5112 5095 4830 4953 4787 4540 4885 5058 4967 5086 5152 4799 4966 4934 4812 5199 4910 5424 4793 5420 4802 4421 4800 4898 5032 4884 5241 5019 4668 4523 4643 5077 4886 4754 4881 4931 4881 5117 4555 4860 4946 4892 5003 4902 4973 5049 4864 5323 4577 4881 4889 4889 5051 5259 4493 5209 5038 5152 5344 4759 5120 5049 5114 5474 5031 4849 4560 4829 4814 4804 5294 4422 5096 4975 4839 4975 4795 4971 4800 5290 5119 4690 4853 5095 4552 5025 4900 4788 4906 4503 4996 4370 5045 5052 4404 4991 4772 4738 4807 4654 5138 4431 4938 5197 4605 5425 4345 4688 5036 4718 5053 5506 5387 5173 4869 5066 4564 5500 5069 4733 4945 4887 4669 5478 5195 4928 4819 4653 5147 4896 4971 4737 4953 5167 5098 4535 5171 5026 5117 4828 4994 5036 4930 4981 4929 4936 4116 5132 5041 4925 5292 4797 4996 4895 4797 4624 5161 5125 5318 5044 4823 4528 5228 4836 4880 4430 4463 4672 5233 5258 5046 4789 5081
5195 4819 5403 4743 4962 4804 5245 5331 4523 5124 4934 4617 5137 4873 4908 4737 5015 5053 4838 5351 5087 4972 4719 4625 4526 4999 5291 4769 5408 4891 4855 5468 5270 5059 4782 5145 4911 4900 4852 5103 4668 4928 4810 4978 5307 4944 5307 5032 4917 5347 5245 5053 4772 5211 4761 5093 5204 4937 5271 5151 5061 4924 4858 5498 5281 4446 4968 4780 5109 5480 5354 5248 5136 4487 4781 4716 5027 5098 5434 5089 5262 4798 5082 5070 4815 5083 4781 4912 4702 4876 5062 5073 5332 5328 4927 4724 4725 4811 5111 4747 5172 4985 5433 5152 4667 5137 5069 4938 4907 5187 5126 5049 4574 4794 5037 5277 4788 5106 5105 5103 5120 4714 4978 4880 5046 4906 5060 5032 5133 5246 5088 5073 4898 5211 5125 5125 5241 4824 5341 5025 5409 5460 4862 5094 5250 5301 5303 5314 4862 4522 4772 5236 4574 5635 4464 5194 4929 4969 4844 5007 5092 4943 5188 4961 4918 4953 5473 4704 5433 5321 4770 4998 4613 4906 4762 4921 5374 4536 5196 4874 4845 4797 4851 5350 4580 5045 5038 4656 5655 4687 4726 5097 4901 4832 4938 5100 5136 4825 5053 4625 5378 5123 5176 4918 5027 4701 5557 5291 5220 5164 4780 5353 5286 4985 4803 4990 5081 5119 4689 5070 5041 5437 5096 5079 5021 5388 4949 5136 4964 4248 5045 5295 5193 4983 5012 4931 4805 4770 4933 4899 5219 5068 5181 4778 4913 5193 4766 4894 4603 4629 5155 5119 5265 4809 4691 5293
5479 5165 5745 5160 5359 5253 5665 5734 4768 5491 5135 5065 5320 4866 5472 4927 5426 5434 5309 5744 5413 5338 5183 5167 5127 5558 5593 5243 5684 5206 5346 5508 5507 5151 5174 5685 5367 5177 5306 5463 5305 5375 5212 5243 5567 5600 5647 5607 5372 5639 5358 5451 5406 5692 5318 5397 5366 5305 5704 5644 5630 5438 5513 5794 5676 4885 5477 5106 5324 5638 5470 5469 5796 4708 5273 5124 5570 5372 5862 5521 5537 5192 5392 5535 5383 5375 5448 5437 5008 5088 5603 5465 5650 5570 5248 5073 5352 4932 5644 5327 5475 5296 5868 5230 5134 5361 5190 5401 5200 5737 5447 5198 4750 5087 5495 5645 5266 5445 5350 5244 5416 5097 5494 5313 5241 5374 5280 5538 5351 5459 5853 5405 5386 5536 5329 5268 5637 5262 5781 5640 5585 5813 5152 5711 5494 5679 5938 5488 5213 4587 5399 5466 5418 5890 4823 5456 5174 5139 5331 5500 5312 5135 5260 5692 5171 5435 5687 4693 5495 5305 5122 5450 5007 5139 5334 5597 5374 5101 5602 4891 5204 5040 5435 5585 4835 5191 5513 5035 5972 5247 5297 5435 5250 5215 5638 5616 5484 5149 5366 5323 6056 5666 5561 5305 5325 5044 5900 5715 5679 5648 5216 5398 5704 5474 4975 5329 5386 5522 5032 5521 5454 5815 5223 5148 5489 5795 5406 5414 5247 4522 5459 5366 5331 5713 5404 5155 5066 5374 5482 5552 5115 5852 5416 5210 5419 5532 5355 5526 5120 5140 5484 5617 5725 5228 5135 5532
5567 5495 5768 5357 5389 5093 5749 5547 4620 5487 5181 5168 5355 5063 5536 4876 5369 5715 5239 5861 5434 5612 5446 5081 5259 5575 5668 5229 5883 5367 5359 5525 5626 5266 5493 5736 5377 5214 5339 5689 5456 5513 5352 5515 5993 5335 5515 5645 5412 5738 5644 5519 5126 5597 5396 5452 5379 5637 5910 5826 5486 5455 5277 5775 5643 5102 5449 4971 5521 5754 5797 5531 5784 5244 5357 5266 5556 5159 6050 5474 5632 5288 5468 5575 5353 5513 5524 5442 5220 5285 5524 5330 5599 5543 5408 5122 5583 5418 5288 5476 5635 5557 5879 5252 5012 5695 5439 5533 5516 5489 5323 5138 4966 5275 5358 5360 5323 5644 5582 5567 5393 4977 5626 5325 5396 5395 5405 5566 5241 5478 5833 5348 5508 5700 5666 5192 5655 5101 5645 5858 5585 5890 4930 5618 5603 5724 5967 5776 5244 4706 5081 5409 5156 5899 5016 5559 5397 5326 5225 5389 5635 5150 5407 5593 5429 5521 5634 4640 5498 5585 5486 5422 5148 5452 5209 5428 5738 4788 5530 5199 5349 5235 5331 5590 5200 5456 5649 5381 5955 5432 5342 5706 5312 5381 5825 5739 5314 5600 5519 5125 6178 5485 5584 5280 5443 5296 5967 5698 5463 5843 5208 5494 5765 5563 5139 5155 5605 5647 5647 5353 5789 5773 5316 5504 5660 5776 5607 5532 5452 4605 5614 5474 5469 5813 5561 5573 5243 5443 5466 5751 5560 5634 5613 5136 5322 5459 5434 5367 5374 5173 5242 5324 5428 5413 5571 5537
5265 5430 5612 5313 5309 5312 5739 5673 4897 5433 5379 5002 5566 5208 5501 5218 5779 5397 5332 5651 5622 5332 5100 4994 5082 5498 5712 5518 5978 5436 5472 6047 5545 5369 5320 5686 5548 5511 5481 5955 5561 5830 5303 5313 5793 5585 5436 5718 5497 5555 5551 5462 5208 5566 5108 5364 5498 5631 5801 5593 5594 5223 5445 5725 5667 5039 5596 5290 5029 5953 5533 5462 5654 4929 5279 5253 5582 5588 5672 5788 5753 5114 5371 5698 5486 5238 5308 5726 5144 5253 5549 5797 5751 5643 5436 5418 5656 5297 5496 5364 5733 5618 6026 5548 4961 5424 5755 5377 5659 5887 5345 5447 5050 5242 5512 5483 5501 5557 5617 5258 5558 5327 5537 5302 5409 5497 5595 5438 5325 5476 6028 5507 5641 5445 5846 5301 5741 5300 5680 5393 5521 5596 5078 5661 5611 6096 5949 5811 5280 4845 5218 5525 5163 5971 4942 5645 5390 5031 5160 5163 5635 5372 5691 5657 5395 5242 5871 5015 5527 5311 5186 5543 5067 5343 5239 5409 5577 4853 5708 5357 5149 5414 5592 5468 5175 5402 5546 5463 5781 5207 5365 5944 5492 5411 5774 5943 5491 5321 5414 5090 6126 5840 5259 5028 5584 5447 6122 5785 5426 5734 5482 5690 5840 5652 5363 5694 5608 5753 5264 5523 5721 5749 5483 5605 5465 5741 5766 5402 5392 4889 5687 5888 5370 5608 5199 5655 5208 5056 5572 5723 5399 5709 5376 5391 5677 5789 5427 5518 5256 5006 5112 5641 5561 5591 5189 5859
5351 5440 5740 5144 5524 5204 5725 5729 5091 5903 5389 5121 5246 5084 5570 4969 5481 5310 5000 5724 5352 5582 5233 5111 5015 5513 5821 5218 5848 4985 5235 5609 5321 5237 5186 5634 5572 5285 5183 5314 5221 5400 5032 5153 5676 5477 5650 5637 5317 5515 5192 5566 5370 5349 5098 5314 5429 5285 5955 5682 5444 5563 5429 5639 5648 4964 5560 5235 5053 5646 5823 5215 5695 4741 5310 5107 5342 5357 5630 5626 5545 5133 5619 5542 5397 5128 5267 5364 4989 5122 5483 5484 5553 5580 5318 5251 5326 5107 5378 5265 5662 5469 5761 5386 4896 5513 5484 5103 5163 5638 5625 5205 4809 5210 5641 5677 5349 5467 5527 5363 5432 5092 5168 5402 5249 5493 5704 5238 5528 5436 5735 5485 5313 5508 5442 5447 5740 5416 5601 5433 5503 5656 5294 5713 5300 5531 5803 5516 5127 4883 5220 5319 4963 5926 4932 5648 5042 4964 5104 5475 5504 5149 5290 5238 5427 5409 5534 4935 5642 5223 4991 5317 4860 5093 4975 5409 5493 4991 5524 4994 5189 5377 5269 5722 4934 5472 5379 5236 5748 5257 5156 5490 5239 5305 5647 5377 5468 5051 5450 5158 5951 5829 5332 5268 5313 5262 5928 5659 5487 5412 5288 5453 5632 5261 5098 5097 5286 5460 5154 5226 5504 5607 5207 5367 5416 5532 5444 5587 5299 4790 5410 5531 5242 5749 5190 5479 5313 5231 5375 5745 5176 5715 5260 5247 5262 5656 5290 5360 4887 5105 5308 5470 5706 5479 5311 5467
5161 5215 5201 4808 5330 4870 5479 5231 4659 5241 5137 4790 5157 4980 5256 4818 5175 5423 5124 5680 5234 5143 4940 4917 4606 5308 5353 5132 5600 5035 5218 5102 5084 5163 5300 5428 5411 5031 4927 5543 5250 5272 4801 5007 5522 5278 5389 5538 4936 5157 5352 5315 4979 5088 5179 5121 5204 5164 5434 5449 5095 5015 5072 5426 5384 4678 5039 5025 4603 5496 5407 5263 5412 4527 5311 5271 5332 5307 5648 5332 5190 5177 5210 5459 5188 4968 5183 5195 4844 5069 5180 5162 5146 5448 5068 4758 5485 5093 5176 5070 5102 5262 5492 5182 5016 5215 5341 5110 5197 5319 5226 5038 4584 4999 5085 5140 5037 5417 5544 5031 5100 4935 5533 5118 5127 5227 5312 5498 5210 5344 5263 5110 5199 5337 5400 4954 5433 5029 5458 5168 5128 5172 4926 5295 5538 5439 5869 5333 5158 4639 4971 5339 4959 5674 4884 5264 5222 5116 5268 5239 5271 4773 5087 5219 5059 5086 5283 4606 5399 5181 5088 5088 4650 4966 4863 5011 5336 4644 5326 4932 5107 5157 5022 5313 5051 5071 5260 5327 5542 5036 5028 5519 5044 5025 5512 5400 5152 5183 5151 5091 5625 5134 4878 5071 5227 5106 5782 5309 5174 5344 5140 5158 5653 5084 4853 5184 5141 5292 5111 5290 5286 5342 5038 5326 5368 5250 5195 5273 5316 4367 5295 5287 5063 5503 4803 4995 5016 4819 5126 5502 5199 5385 5133 4867 5241 5490 5212 5152 4778 4890 5061 5192 5458 5064 5025 5280
5147 5172 5283 4793 5428 4815 5357 5452 4533 5190 4849 4747 5210 4613 5063 4749 4941 4672 5249 5357 5452 4978 4776 4661 4793 5008 5290 5009 5268 4899 4981 5171 5171 5047 4935 5261 4958 4938 4943 5507 4866 5269 5095 5216 5308 5357 5305 5418 4871 5189 5391 5045 4592 5349 4856 5262 5271 5312 5446 5233 5090 4836 5145 5587 5333 4905 5095 4877 4702 5549 5249 5074 5252 4666 4941 5064 4683 4971 5282 5461 4994 4783 5296 5399 5091 4718 5152 4898 4922 4957 5416 5097 5145 5147 5093 4931 5149 4948 4861 5189 5289 5138 5509 4991 4808 4906 5197 5159 4988 5239 5143 5092 4375 4938 5044 5168 4965 4883 5102 5191 5180 4945 5199 5164 5252 5079 4908 5308 4999 5290 5201 4968 4987 5460 5211 4950 5127 4988 5729 5343 4884 5567 5027 5124 5196 5355 5569 5217 4800 4574 5149 5203 4744 5531 4735 5186 5309 4768 4988 5243 5259 4880 5125 5306 4951 5261 5437 4563 5284 5107 4766 5000 4730 4721 4633 5151 5162 4599 5415 5223 4916 4878 5231 5546 4591 4972 5201 4732 5319 4746 4861 4940 4941 5121 5298 5392 5244 5068 4842 4717 5707 5298 5134 4836 4775 4803 5641 5360 5005 5086 4801 5280 5415 4996 4957 5072 5332 5127 4927 5163 5195 5268 5116 4920 5229 5309 5394 5050 5022 4519 5055 5052 4855 5297 5124 5022 4797 4633 5065 5311 5142 5228 5268 4892 4870 5414 5026 4938 4879 4654 5151 5372 5290 5168 5066 5168
5159 4886 5452 5108 5190 4952 5491 5478 4563 5446 5246 4817 5180 5199 5490 4889 5528 5290 4919 5558 5200 5407 4977 4885 4789 5154 5466 5160 5891 5343 5119 5627 5588 5495 5112 5410 5259 5143 5363 5525 5340 5203 5188 5070 5631 5472 5238 5697 5142 5409 5430 4978 4857 5194 4998 5049 5360 5007 5536 5455 5241 5028 5566 5552 5573 4922 5440 4894 5055 5679 5417 5516 5185 4626 5235 5157 5188 5332 5879 5302 5584 4931 5399 5040 4882 5160 5265 5290 4603 5148 5156 5470 5371 5319 5200 4922 5295 4922 5234 5022 5548 5370 5691 5390 4632 5263 5131 5315 5479 5459 4943 5171 4703 5207 5475 5362 5264 5247 5369 5120 5130 5122 5209 5105 5290 5363 5342 5238 5095 5290 5425 5406 5241 5414 5367 5175 5682 4927 5370 5423 5421 5547 5059 5591 5665 5528 5687 5803 4810 4613 5018 5252 4999 5532 4817 5163 5367 5017 5124 5139 5372 4985 5328 5376 5161 5359 5165 4612 5501 5360 5096 5163 4914 5076 5045 5246 5559 4795 5317 5019 4903 5262 5211 5362 4823 5440 5292 5024 5639 4993 4872 5315 5183 4869 5371 5653 5527 5241 5351 4987 5859 5725 5128 5029 5185 5174 5830 5536 5316 5090 4870 5181 5488 5212 4968 5315 5432 5608 4985 5118 5232 5113 5057 5225 5241 5514 5296 5317 5202 4511 5308 5238 5052 5362 4913 5322 5120 4993 5316 5230 5139 5384 5523 5239 5184 5394 5518 5208 5028 4833 5239 5309 5356 5242 5222 5319
5240 4879 5582 4579 5515 4861 5693 5299 4836 5328 5289 4872 5056 4671 5286 4900 5196 5095 4926 5579 5006 5212 4824 4750 4653 4976 5546 5108 5631 5092 5196 5429 5150 5101 5115 5521 5315 5245 5021 5327 5040 5055 4989 5035 5299 5174 5308 5426 5212 5387 5524 5275 4952 5202 4974 5292 5282 5242 5631 5388 5471 4874 5211 5621 5082 4608 5128 4798 5034 5778 5336 5326 5403 4478 5149 5067 5298 5142 5504 5342 5505 5043 5114 5155 5151 5068 5064 5210 4835 5245 5481 5263 5393 5601 4994 4949 4992 4932 5120 5074 5222 5321 5566 5347 4757 5377 5165 5291 5111 5498 5111 5146 4711 5126 5242 5180 5179 5037 5309 5198 4966 4834 5247 5221 5024 5143 5502 5313 4967 5081 5590 5250 5308 5213 5328 5131 5549 4786 5264 5361 5111 5509 4772 5561 5439 5213 5777 5476 4674 4468 5019 5110 4806 5722 4555 5345 5093 4888 5030 5122 5290 4869 5184 5530 5200 5451 5459 4519 5468 5339 5137 5135 4713 5107 4850 5266 5077 4665 5230 4861 5024 5177 4939 5427 4722 4872 5377 4780 5460 5045 4840 4940 4924 5215 5452 5374 5428 5141 5232 4879 5798 5349 5285 5307 5154 5056 5581 5378 5559 5277 4956 5324 5312 5248 4751 5194 5421 5469 5224 5392 4989 5168 5161 5184 5458 5292 5286 5304 4901 4438 4935 5116 5119 5107 5016 4980 5150 4912 5345 5342 5047 5350 5350 4877 5200 5302 4956 5338 4843 4901 5174 5212 5374 5261 5007 4985
5390 5082 5599 5319 5357 5137 5659 5448 4955 5483 5354 4809 5184 5044 5290 5044 5476 5413 5110 5903 5518 5391 5384 5107 5338 5289 5517 5193 5748 4980 5376 5737 5443 5348 5307 5430 5283 5052 5365 5427 5342 5640 5206 5383 5739 5579 5388 5468 5403 5647 5496 5510 5348 5327 5355 5563 5362 5420 5828 5649 5350 5351 5359 5839 5503 4997 5332 5170 4847 5805 5596 5354 5482 4627 5248 5621 5707 5136 5540 5870 5512 5092 5578 5425 5278 5182 5604 5311 5229 5327 5458 5246 5380 5625 5083 5467 5376 5129 5510 5298 5456 5335 5703 5184 4828 5395 5267 5341 5427 5528 5397 5288 4993 5496 5340 5612 5126 5337 5547 5224 5333 5284 5666 5174 5402 5409 5195 5712 5287 5248 5626 5338 5453 5457 5665 5259 5855 4873 5870 5388 5655 5650 5011 6017 5456 5597 5732 5823 4871 4938 5309 5409 4935 5902 4826 5441 5322 5076 5359 5510 5359 5119 5249 5267 4895 5467 5604 4828 5498 5551 5035 5412 4650 5191 5178 5455 5448 5026 5765 5354 5096 5221 5259 5385 5112 5269 5597 5017 5603 5476 5202 5552 5388 5324 5697 5695 5640 5336 5511 4915 5929 5590 5297 5306 5426 5169 6124 5762 5467 5440 5405 5428 5759 5406 5201 5341 5395 5547 5335 5382 5274 5592 5404 5392 5334 5495 5585 5565 5471 4577 5439 5474 5239 5504 5169 5375 5168 5349 5331 5513 5283 5631 5207 5186 5438 5411 5594 5547 5117 4970 5442 5538 5681 5442 5175 5447
5356 5434 5760 4938 5658 5471 5844 5911 5163 5727 5463 5130 5395 5235 5579 5152 5845 5771 5398 5504 5401 5476 5035 5126 4833 5709 5396 5528 6156 5414 5604 5689 5499 5375 5290 5508 5707 5537 5275 5595 5503 5529 5392 5464 5588 5567 5555 5854 5284 5466 5638 5394 5406 6012 5534 5533 5475 5509 5375 5834 5668 5377 5650 5781 5698 5157 5656 5201 5246 6003 5451 5731 5458 4731 5267 5456 5515 5457 5900 5804 5650 5181 5546 5449 5481 5296 5537 5588 5379 5386 5339 5568 5684 5591 5221 5365 5453 5000 5555 5186 5798 5628 6167 5423 4818 5340 5412 5407 5400 5616 5558 5485 4999 5308 5702 5749 5602 5358 5636 5218 5445 5146 5239 5595 5528 5353 5465 5497 5448 5594 5924 5472 5389 5740 5707 5442 5644 5322 5817 5507 5593 5955 5239 5761 5797 5976 5976 5837 5296 4842 5652 5386 5239 6166 4910 5802 5407 4996 5300 5562 5745 5093 5670 5662 5441 5561 5650 5036 5759 5537 5230 5187 5069 5235 5261 5544 5585 4929 5658 5267 5087 5514 5202 5832 4906 5520 5554 5307 5842 5292 5319 5680 5621 5502 5880 5889 5581 5248 5511 5265 6057 5950 5540 5296 5433 5385 6361 6038 5848 5468 5270 5648 5738 5478 5370 5398 5896 5849 4991 5439 5567 5740 5326 5502 5461 5538 5720 5475 5410 4898 5717 5803 5616 5673 5421 5665 5343 5505 5492 5603 5691 5739 5797 5159 5459 5426 5339 5372 5342 4942 5510 5809 5629 5770 5520 5245
4966 4635 5300 4569 4668 4677 5081 5186 4422 5169 4808 4472 4884 4679 5162 4481 4942 4921 4902 5392 4963 4818 4620 4740 4797 5042 5158 4840 5009 4754 4773 5040 5141 4925 4886 5078 4964 4802 4835 4964 5107 4928 4715 5068 5250 4917 5155 4970 4704 4901 5147 5006 4684 5013 4771 4968 5094 4995 5127 5240 4807 4869 4877 5001 5233 4481 4756 4701 4665 5152 5084 5052 5104 4148 4800 4996 5196 4707 5112 4966 5075 4813 4812 4709 4882 4809 4974 5026 4794 4895 5000 5102 5133 5265 4523 4876 4972 4747 5012 4687 4924 4972 5088 4749 4652 4820 4652 4848 5008 4833 5076 4872 4608 4836 5007 4879 4831 4773 4647 4672 4782 4800 4830 4711 4720 4867 4887 5139 5170 4974 5205 4852 5067 4881 4950 4896 5141 4790 5291 5111 4901 5311 4699 5165 5252 5000 5474 5134 4820 4485 4811 4999 4791 5408 4406 5151 5079 4720 4757 4979 5254 4502 4990 4847 4756 4761 5236 4326 4972 4977 4586 4730 4194 4752 4776 5198 4998 4529 5125 4338 4818 4773 4891 5149 4477 4826 4876 4665 5263 4803 4571 4843 4928 4737 5329 5044 4901 4976 5061 4980 5378 5109 4836 4937 4724 4892 5518 5071 5132 5098 4795 4779 5219 4911 4821 4865 4843 5193 4667 5151 5072 5384 4996 4647 4687 5140 5218 4940 4821 4158 4979 4934 4735 4918 4898 4732 4765 4732 5090 4981 4796 5195 4970 4746 4951 5064 4872 4991 4637 4664 5190 4842 5123 4816 4812 4899
5530 5460 5542 5261 5364 5033 5720 5530 5021 5483 5611 5016 5317 5151 5354 5350 5602 5564 5374 5662 5475 5408 5099 5041 5084 5263 5667 5233 5798 5014 5534 5749 5505 5396 5108 5739 5645 4997 5301 5822 5511 5460 5490 5421 5901 5692 5555 5690 5297 5783 5494 5385 5536 5349 5387 5575 5653 5472 5636 5624 5934 5490 5600 5727 5874 5102 5636 5208 5265 6096 5873 5401 5786 4782 5311 5387 5571 5522 5809 5701 5359 5157 5499 5627 5428 5337 5490 5499 5207 5434 5628 5417 5654 5588 4995 5144 5454 5286 5584 5525 5727 5597 5981 5377 5005 5452 5506 5249 5140 5682 5692 5261 4939 5252 5690 5620 5350 5607 5641 5139 5621 5285 5428 5413 5644 5457 5599 5458 5851 5463 5741 5486 5603 5443 5686 5227 5907 5304 5748 5538 5627 5833 5166 5604 5736 5798 5983 5709 5348 4940 5365 5446 5191 5830 4932 5464 5168 4993 5192 5326 5604 5153 5486 5636 5462 5834 5596 4814 5850 5542 5251 5222 5174 5315 5235 5379 5540 4743 5659 5170 5149 5358 5212 5903 4943 5455 5630 5247 5902 5253 5296 5545 5251 5434 5836 5568 5448 5597 5283 5078 6214 5683 5469 5361 5809 5601 6182 5816 5428 5690 5284 5620 5665 5481 5093 5380 5677 5939 5286 5714 5694 5695 5328 5524 5756 5597 5469 5510 5563 4790 5522 5863 5413 5566 5281 5453 5134 5329 5485 5647 5451 5566 5615 5276 5536 5477 5323 5324 5373 4986 5412 5676 5774 5440 5306 5562
4668 4857 5102 4749 4763 4359 5120 5042 4229 5054 4810 4428 4958 4401 4896 4284 5241 4901 4886 5236 4809 5067 4556 4850 4820 4842 4920 4782 5270 4796 4875 5024 4948 4787 4729 5207 5185 4591 4767 5044 4994 4929 4521 4988 4970 5097 5079 5135 4810 5066 4980 4615 4916 5208 4627 4803 4803 4852 5211 5299 4881 4749 4920 5086 5251 4499 4880 4457 4502 5040 4723 4868 4924 4328 5055 4672 4960 4864 4894 5299 4879 4559 4915 4946 4784 4846 4530 4991 4673 4813 4765 4870 4732 5207 4641 4947 4799 4792 4913 4750 5058 4836 5287 4645 4523 4787 4767 4645 4919 4768 4921 4863 4405 4956 4866 4915 4941 4850 4856 4748 4909 4612 4900 4904 4932 4739 5236 4974 4926 4976 5094 4856 4823 4689 4991 4920 5273 4600 4919 5056 4970 5009 4595 5007 5082 5207 5427 5100 4629 4479 4650 5018 4401 5294 4436 4859 4911 4692 4885 5148 4865 4855 4756 4926 4758 4934 5085 4228 5262 4949 4749 4448 4577 4780 4656 5023 4872 4298 4955 4816 5048 4784 4900 4994 4421 5196 4788 4701 5294 4561 4696 5066 4928 4448 5079 5078 4760 4875 4882 4418 5221 5101 4668 4780 4548 4640 5349 4984 4917 4854 4617 5110 5412 4742 4751 4740 5119 5216 4615 4964 4987 5255 4795 4802 4925 4951 4887 4896 4947 3976 4836 5004 4625 5046 4836 4932 4688 4988 4852 5063 5028 5087 4964 4820 4740 5057 4806 4778 4720 4620 4696 4921 5144 4914 4829 5118
4676 4552 4962 4521 4676 4428 5213 4930 4194 4832 4633 4347 4475 4475 4599 4627 4979 4805 4308 5124 4869 4853 4786 4579 4324 4899 4869 4828 4944 4668 4641 4934 4828 4690 4624 4898 4854 4538 4634 5009 4759 4733 4563 4602 5071 5025 4897 4951 4693 4713 5028 4687 4621 4881 4772 4868 4851 4792 5003 5029 4984 4838 4793 5161 5073 4299 4963 4323 4456 5160 4772 4871 4659 4131 4446 4458 5014 4631 4982 4892 4802 4424 4821 4765 4546 4382 4567 4630 4648 4762 4513 4837 4846 5085 4510 4630 4828 4577 4941 4555 4998 4709 5133 4617 4223 4408 4714 4789 4519 5079 4895 4485 4301 4390 5121 4909 4487 4931 4740 4811 4838 4443 4735 4501 4760 4726 4830 4740 4716 4723 4979 4899 4804 4882 4931 4678 5027 4677 4789 4558 4682 4923 4710 4887 5146 5072 5258 5037 4277 4272 4766 4725 4612 5353 4337 5024 4680 4417 4697 4656 4761 4616 4523 4658 4744 4970 5056 4280 5156 4638 4454 4703 4331 4484 4686 4766 4834 4268 4740 4498 4718 4549 4552 5024 4646 4638 4873 4587 5347 4441 4644 4795 4569 4900 4943 4971 4736 4572 4759 4418 5200 4718 4799 4707 4746 4868 5091 5068 4746 5034 4383 4750 5142 4576 4462 4821 4845 5016 4552 4709 5080 5134 4722 5005 4708 4864 4733 4655 4977 4047 4941 4984 4512 4874 4536 4447 4541 4400 4919 4956 4644 5060 4834 4540 4631 4962 4972 4469 4701 4392 4536 4769 4870 4794 4732 4901
5152 4927 4873 4729 5251 4665 5474 5136 4538 4948 5229 4841 4835 4715 5025 4738 5120 4825 4870 5355 4948 4938 4528 4577 4574 5351 5253 4733 5249 4817 5227 5001 5111 4818 4884 5028 4691 4728 4795 5243 4979 4972 4852 4895 5256 4998 5154 5269 4872 5237 4950 5030 4658 5128 4964 4948 4987 5236 5410 5062 4979 4746 4900 5148 5223 4511 5000 4786 4828 5555 5138 4957 5078 4387 4886 5188 5132 4669 5174 5167 5210 4940 4978 5168 5138 4595 4901 5191 4783 4782 5211 5201 5151 5099 4836 5010 4999 4640 4906 4970 4923 4825 5641 4970 4756 4988 5021 5015 4693 5011 5197 4869 4624 4772 5092 4890 4892 4926 5267 5052 4866 4610 4943 5113 4862 5037 5209 5169 5065 4993 5320 4964 4943 4935 5332 5085 5193 4874 5442 4941 5265 5280 4817 5321 5157 5401 5278 5344 4631 4609 4727 5085 4520 5290 4483 5267 4879 4684 4950 4798 5262 4772 4797 4955 4809 4892 5268 4555 5274 4916 4899 5077 4483 5009 4545 4868 5136 4614 5172 4773 4827 5068 5176 5363 4643 4891 4955 4590 5067 4873 4845 4914 5011 5238 5258 5438 4797 4857 4865 4694 5355 5056 5082 4830 4944 4891 5262 5367 5089 5194 4989 5154 5377 4994 4782 4991 4953 5430 4919 5391 5104 5314 4739 4906 4973 5277 5262 4956 4978 4397 5013 4963 4887 5174 4828 4874 4916 4808 5130 5145 4838 5322 4961 4725 4891 5295 4774 4804 4756 4641 4957 5338 5162 5230 4634 5021
5340 5018 5566 5067 5293 5258 5770 5745 4719 5432 5453 5164 5248 5336 5338 5149 5501 5439 5049 5581 5256 5196 4835 5121 4978 5544 5484 5017 6156 4966 5232 5502 5393 5350 5189 5736 5378 5138 5224 5450 5155 5345 4946 5306 5667 5250 5536 5666 5243 5585 5194 5231 5403 5570 5393 5275 5468 5457 5846 5433 5431 5219 5379 5550 5509 4866 5464 4896 4996 5657 5597 5527 5548 4526 5343 5312 5497 5340 5858 5654 5516 4975 5542 5366 5283 5048 5371 5146 5270 5385 5380 5624 5375 5711 5242 5179 5407 5130 5184 5333 5597 5185 5735 5262 5010 5097 5540 5417 5096 5493 5294 5342 4871 4996 5478 5609 5354 5153 5419 4889 5349 5379 5218 5190 5441 5259 5581 5224 5229 5412 5642 5444 5419 5495 5638 5371 5791 5239 5644 5439 5345 5457 5237 5713 5489 5721 5581 5671 5088 4523 5051 5205 4843 5793 4907 5603 5198 5180 5174 5395 5449 5271 5310 5531 5249 5253 5659 4715 5697 5256 5045 5276 4758 5365 5154 5354 5465 4857 5506 5205 5036 5414 5299 5628 4744 5274 5218 5168 5753 5014 5286 5342 5526 5267 5527 5612 5263 5169 5289 5198 5954 5738 5397 5330 5069 5205 5961 5761 5434 5298 5105 5562 5563 5154 4988 5070 5410 5332 5281 5409 5382 5813 5281 5245 5185 5631 5500 5292 5253 4465 5343 5529 5230 5486 5037 5253 5275 4998 5203 5668 5391 5535 5283 5118 5292 5465 5229 5269 5243 4920 5502 5495 5797 5264 5353 5428
5219 5245 5342 4891 4970 4742 5172 5543 4704 4869 5356 4875 5197 5087 5378 4887 5417 5336 4967 5600 5314 5198 4840 5030 4844 5194 5445 5059 5512 4962 5073 5456 5059 5175 4881 5269 5293 4733 5142 5522 5116 5139 4891 5149 5405 5403 5471 5390 5180 5449 5318 5133 5025 5418 5330 5217 5429 5293 5456 5536 5173 5011 5476 5313 5594 4739 5404 4957 4884 5534 5487 5200 5397 4308 5257 5166 5183 4887 5296 5301 5142 5218 5308 5018 5214 4940 5202 5064 4842 5098 5289 5154 5173 5456 4922 5111 5287 4945 5221 4978 5478 5138 5460 5273 4532 5082 5120 5216 5281 5338 5248 4977 4694 4941 5566 5290 4828 5326 5346 5122 5015 4836 5192 5101 5362 5083 5364 5315 5202 4913 5406 5150 5127 5405 5309 5294 5382 4992 5566 5041 5452 5757 5024 5565 5333 5627 5527 5523 5132 4729 5098 5088 4900 5483 5019 5231 5265 4802 5216 5154 5371 5089 5163 5188 5103 5318 5361 4668 5545 5224 4826 5028 4623 5215 4944 5515 5172 4578 5080 5129 4988 5162 4947 5381 4805 5392 5312 4794 5487 5046 4854 5143 5065 5213 5439 5783 5503 5271 5248 5077 5761 5433 5170 4994 5121 5220 5531 5345 5142 5345 4941 5339 5339 5069 5073 5200 5527 5471 4920 5213 5250 5247 5126 5224 5237 5435 5356 5316 5127 4709 5112 5317 5065 5415 5072 5201 5181 4827 5130 5130 5416 5238 5431 5143 5070 5474 5335 4999 4959 4980 5171 5269 5609 5227 4982 5167
5128 4836 5308 5123 5293 4892 5467 5318 4545 5298 5334 4701 5079 5033 5180 4962 5438 5259 4862 5398 5152 5292 4952 4868 4994 5172 5448 4970 5611 5078 5069 5555 5287 4954 5016 5325 5201 5162 5053 5241 5183 5220 4899 5223 5287 5406 5394 5461 4736 5182 5306 5116 5100 4881 4913 5312 5174 5025 5543 5521 5310 5362 5168 5545 5364 4920 5060 4996 5046 5761 5208 5289 5348 4546 5069 5038 5221 5121 5414 5120 5453 5022 5393 5146 5194 4948 5200 5371 4800 5073 5472 5008 5518 5413 5011 4939 5084 4953 5276 4941 5447 5288 5477 4975 4735 5385 4983 5266 4997 5406 5399 5291 4488 4822 5327 5393 5121 5181 5317 5114 5224 4920 5025 5147 4839 5194 5124 5173 5080 5285 5484 5288 5129 5108 5249 5168 5409 4967 5072 5348 5216 5610 4876 5424 5383 5385 5663 5454 4949 4647 4728 5215 4769 5798 4722 4952 5110 4966 5217 5039 5161 4765 5262 5111 5042 5282 5141 4668 5383 5158 5164 5020 4660 5213 4809 5040 5494 4900 5368 4973 4927 5172 4975 5512 4811 5084 5206 4860 5394 4918 4960 5341 5016 4992 5549 5500 5247 5238 5319 4824 5682 5513 5041 5008 5215 4871 5846 5425 5308 5239 4869 5022 5349 5093 4892 4956 5214 5109 5056 5217 5195 5331 4957 5266 5210 5400 5037 5140 4985 4422 5024 5269 4975 5433 4934 5227 4939 4927 5197 5061 5099 5420 5177 4777 5156 5179 5208 5406 4753 4863 5261 5173 5272 4946 5222 5001
5713 5255 5889 5191 5477 5022 5825 5688 4864 5519 5488 4922 5465 5214 5659 5034 5591 5549 5371 5682 5498 5436 5239 5009 5113 5610 5616 5243 6079 5362 5430 5575 5544 5444 5487 5759 5630 5379 5293 5697 5536 5711 5429 5251 5635 5640 5704 5781 5370 5588 5610 5354 5281 5521 5299 5469 5613 5711 5730 5681 5527 5165 5432 5874 5611 5044 5658 5212 5106 5952 5706 5388 5686 4901 5547 5341 5615 5286 5822 5723 5512 5261 5616 5567 5204 5233 5290 5473 5237 5398 5607 5291 5506 5671 5327 5397 5597 5404 5589 5363 5827 5325 5820 5349 5161 5415 5412 5478 5319 5621 5804 5401 4853 5349 5424 5554 5473 5591 5825 5296 5565 5052 5535 5537 5559 5538 5440 5596 5354 5577 5830 5662 5494 5627 5864 5296 5717 5333 5708 5623 5585 5799 5269 5801 5562 5851 5935 5896 5255 4714 5081 5437 4934 5957 4958 5672 5499 5201 5162 5342 5798 5304 5441 5461 5492 5396 5932 5115 5860 5508 5315 5525 5174 5583 5162 5534 5662 4893 5883 5251 5345 5176 5522 5706 5064 5376 5662 5183 5913 5267 5299 5628 5323 5455 5841 5831 5521 5544 5533 5260 5993 5595 5413 5322 5427 5180 5934 5868 5544 5813 5310 5546 5870 5303 5132 5255 5813 5589 5357 5562 5522 5829 5432 5458 5411 5486 5626 5494 5472 4800 5325 5480 5267 5575 5528 5263 5383 5278 5455 5733 5624 5590 5642 5360 5319 5543 5600 5337 5402 5153 5372 5312 5716 5491 5449 5687
5262 5281 5719 4890 5301 5117 5264 5590 4621 5181 5268 4785 5243 5211 5301 4655 5287 5251 5029 5762 5557 5385 4850 5047 4871 5529 5633 5078 5656 5086 5280 5588 5358 5298 5169 5616 5359 5250 4966 5281 5603 5310 5070 5125 5588 5382 5709 5707 5349 5388 5330 5180 5264 5673 5149 5272 5129 5410 5731 5491 5228 5390 5351 5580 5452 4806 5271 5121 5238 5686 5552 5379 5528 4561 5400 4935 5505 5182 5646 5417 5481 5076 5296 5547 5248 4924 5319 5395 5132 5238 5240 5355 5445 5397 5212 5017 5356 5193 5472 5180 5596 5388 5750 5338 4934 5164 5329 5184 5109 5394 5502 5070 4680 4887 5659 5418 5305 5214 5430 5185 5305 4923 5238 5258 4982 5253 5425 5048 4917 5385 5706 5099 5172 5101 5176 5417 5760 5097 5510 5336 5382 5663 5193 5570 5475 5636 5880 5448 5032 4737 4946 5142 4755 5586 4998 5424 5114 4795 5255 5037 5325 5194 5167 5130 5217 5173 5407 4578 5510 5153 5104 5151 4754 5116 5050 5081 5340 4906 5470 4976 5394 5114 5310 5779 4730 5185 5478 5006 5745 4918 5112 5306 5143 5091 5541 5502 5342 5310 5587 5063 5561 5723 5018 5220 5005 5193 5731 5369 5398 5249 5110 5352 5519 5447 5135 5204 5390 5291 5062 5331 5636 5627 5224 5196 5359 5383 5355 5347 5130 4739 5316 5616 5007 5284 5070 5266 4906 4864 5332 5354 5021 5688 5166 5035 5130 5337 5307 5211 5158 5159 5391 5183 5618 5271 5077 5360
5423 5212 5474 5107 5241 4908 5664 5591 4767 5344 5122 5105 5297 4960 5247 5038 5453 5583 5124 5761 5250 5230 4883 5025 4899 5211 5555 5021 5731 5012 5215 5253 5341 5089 5181 5531 5273 5002 5195 5449 5312 5533 5087 5286 5515 5138 5556 5534 5393 5638 5188 5473 5040 5397 5314 5145 5267 5515 5860 5653 5296 5236 5514 5627 5674 4901 5325 5157 5226 5735 5614 5315 5463 4698 5149 4951 5368 5151 5576 5431 5240 5222 5364 5318 5276 5181 5330 5591 5046 5037 5321 5245 5414 5581 5213 4929 5317 5112 5219 5068 5540 5121 5732 5275 4750 5464 5501 5266 5290 5345 5150 5200 4756 5161 5464 5438 5137 5370 5257 5300 5109 5232 5052 5341 5083 5306 5445 5508 5287 5207 5857 5222 5318 5484 5345 5157 5663 5082 5566 5144 5466 5442 4974 5497 5468 5374 5678 5542 5237 4673 5226 5238 5047 5496 4683 5367 5128 5092 5274 5406 5288 5032 5448 5453 4901 5184 5364 4594 5435 5222 4957 5203 5075 4968 4899 5170 5358 4629 5373 4795 4850 5275 5142 5588 5077 5233 5592 5036 5627 5189 5191 5201 5308 5294 5454 5592 5244 5033 5432 5015 6099 5580 5311 4861 5098 5247 5989 5513 5283 5387 5076 5556 5610 5455 5071 5189 5362 5597 5212 5324 5306 5484 5377 5404 5485 5795 5597 5368 5190 4595 5415 5514 5188 5507 5328 5455 5189 4860 5329 5513 5270 5333 5409 4843 5142 5119 4916 5225 5021 4907 5381 5358 5597 5370 5142 5295
5568 5508 5877 5176 5633 5065 5637 5751 5058 5470 5477 5199 5335 5195 5811 5096 5589 5489 5274 6110 5544 5576 5286 4864 5375 5648 5606 5659 5963 5491 5404 5678 5560 5460 5396 5779 5749 5514 5282 5625 5542 5768 5353 5436 5998 5895 5485 5870 5464 5867 5752 5439 5283 5887 5475 5637 5855 5596 6028 6016 5690 5391 5502 5780 5648 5063 5533 5359 5298 5913 5698 5721 5599 4906 5274 5334 5451 5295 5932 5912 5584 5636 5665 5417 5474 5506 5412 5393 5348 5265 5283 5787 5442 5740 5555 5349 5325 5482 5413 5507 5810 5416 6066 5343 4968 5651 5565 5550 5451 5643 5500 5609 4766 5401 5487 5824 5333 5348 5471 5350 5527 5173 5605 5467 5538 5578 5787 5808 5518 5433 5994 5322 5611 5693 5561 5594 6209 5177 5846 5977 5763 5829 5380 5729 5718 5802 5910 5734 5298 4913 5216 5524 5139 5979 4733 5610 5407 5280 5423 5722 5528 5336 5642 5558 5347 5410 5932 5137 5823 5822 5356 5721 5175 5413 5275 5645 5361 4931 5712 5131 5184 5555 5568 5784 5004 5287 5699 5352 5888 5438 5318 5792 5459 5576 5862 5667 5559 5537 5710 5176 6057 5833 5539 5510 5592 5424 6101 6003 5589 5642 5279 5790 5625 5506 5283 5401 5744 5642 5357 5644 5865 5980 5606 5555 5689 5564 5560 5701 5551 4732 5402 5732 5663 5725 5594 5539 5365 5352 5658 5565 5562 5719 5583 5064 5620 6036 5554 5529 5243 5203 5457 5626 5855 5598 5343 5724
5063 5090 5627 4774 5114 5040 5359 5529 4876 5308 5096 4982 5076 5036 5230 4848 5251 5315 4838 5630 5699 5150 4834 5031 4638 5050 5463 5177 5458 5067 5333 5434 5382 5118 5209 5732 5528 4902 5173 5495 5133 5164 5168 5578 5465 5205 5441 5271 5548 5502 5304 5178 5211 5400 5037 5475 5277 5464 5685 5554 5313 5153 5343 5649 5624 4695 5343 5154 5262 5430 5622 5128 5438 4887 5000 5006 5197 5370 5479 5581 5205 5012 5250 5429 5383 5115 5137 5274 5030 5287 5505 5354 5553 5456 5214 5365 5325 4921 5100 5312 5330 5329 5797 5263 4840 5067 5494 5119 5229 5299 5320 5111 4785 5317 5441 5344 5350 5187 5221 5151 5200 5204 5304 5222 4932 5142 5291 5364 5319 5163 5480 5322 5251 5094 5558 5068 5573 5038 5400 5457 5261 5594 4981 5411 5414 5552 5642 5381 4949 4679 5040 5123 5156 5773 5011 5530 5220 4936 5128 5192 5395 5080 5465 5675 5269 5304 5578 4615 5359 5316 5048 5100 4851 5103 5023 5242 5231 4660 5296 5058 5327 5150 5028 5349 4679 5078 5507 4920 5513 5050 5066 5319 5033 5173 5518 5531 5458 5102 5212 4922 5909 5320 5214 5298 5012 5182 5734 5613 5259 5118 5123 5445 5623 5374 4945 5356 5400 5384 5035 5219 5410 5670 5326 5433 5341 5581 5611 5238 5157 4479 5312 5490 4965 5444 5135 5127 4900 4996 5303 5619 5287 5462 5446 4925 5212 5550 4951 5310 5025 4879 5227 5283 5622 5185 5242 5203
5587 5480 5936 5342 5918 5264 5959 5892 5300 5615 5707 5039 5495 5364 5644 5594 5862 5874 5507 6145 5532 5832 5373 5262 5270 5760 5952 5431 5993 5418 5629 5980 5822 5608 5615 5759 5787 5464 5481 5801 5911 5593 5465 5609 5773 5862 5846 6012 5388 5876 5797 5738 5305 5777 5595 5695 5848 5694 5988 6023 5837 5516 5865 6266 6001 5413 5571 5395 5492 6392 6055 5793 5775 5024 5559 5745 5734 5443 5924 5960 5789 5314 5879 5767 5439 5513 5782 5735 5393 5616 5962 5517 6111 5921 5730 5475 5565 5431 5674 5492 5779 5662 5874 5638 5218 5781 5620 5695 5749 5976 5730 5665 5053 5447 5942 5790 5484 5936 5694 5949 5674 5281 5601 5832 5514 5756 5681 5946 5701 5818 6096 5697 5501 6100 5916 5564 5971 5640 5717 5759 5936 5921 5351 6057 5987 5809 6133 6055 5440 5178 5541 5923 5304 6501 5210 5768 5507 5362 5384 5702 5796 5364 5789 5702 5591 5780 5930 5044 5832 5822 5832 5686 4889 5407 5445 5696 5714 5015 5810 5376 5589 5562 5721 5981 5348 5634 5759 5427 6244 5460 5520 5741 5470 5817 5951 6317 5853 5805 5561 5381 6295 6119 5570 5498 5724 5647 6272 5960 5982 5901 5391 5621 5904 5469 5339 5681 5861 5664 5596 5704 5804 5982 5769 5670 5831 5741 5849 5732 5706 5141 5480 5821 5637 5912 5546 5776 5429 5407 5802 5956 5716 5847 5748 5402 5900 5787 5353 5608 5327 5268 5733 5905 5923 5759 5561 5667
5315 5021 5350 4706 5306 4718 5540 5345 4685 5251 5206 4734 5282 4999 5323 4651 5205 5343 5188 5771 5052 5233 4677 5003 4838 5242 5444 5122 5780 4960 4869 5410 5498 5136 5085 5475 5259 5173 5087 5560 5332 5083 5248 4938 5533 5112 5653 5389 5139 5342 5545 5240 4903 5227 5169 5252 5370 4998 5780 5303 5117 4953 5296 5505 5243 4562 5244 4939 5024 5629 5203 5367 5210 4505 5202 4921 5180 5292 5584 5432 5451 4962 5242 5260 5307 5077 5122 5224 4773 5144 5310 5365 5000 5716 4968 5108 5107 5298 5240 5323 5603 5253 5552 5034 4980 5200 5382 5139 5153 5248 5260 5189 4770 5042 5258 5301 4974 5177 5138 5217 5220 4923 5343 5026 5047 5232 5223 5458 5284 5174 5606 5224 5187 5117 5156 5230 5685 4911 4934 5198 5079 5523 4793 5622 5702 5644 5775 5583 5005 4803 5052 5200 4883 5725 4915 5332 5159 4994 4869 5056 5206 4931 5243 5341 5121 5162 5338 4697 5544 5416 5348 5440 4862 5154 4780 5316 5193 4786 5492 5097 5015 5029 5138 5423 4548 5264 5258 5052 5470 4557 4838 5378 5022 5169 5432 5492 5116 4939 5239 4662 5821 5467 5261 5010 5247 5109 5782 5587 5124 5260 4935 5312 5476 5347 5073 5188 5556 5267 5018 5360 5368 5597 5287 5139 5355 5157 5340 5221 5193 4414 5231 5405 5044 5173 5097 5055 5050 5131 5134 5445 5071 5342 5377 4964 5145 5282 5323 5107 4966 4912 5028 5093 5453 5380 5057 5232
5122 4992 5168 4741 5185 4678 5159 5166 4575 5206 4923 4626 5014 4825 5114 4760 5056 5268 4994 5426 4948 5313 4937 4852 4475 4915 5275 4924 5458 4832 5000 5161 5394 4994 5110 5500 5236 4964 4979 5034 5074 5220 4944 5010 5219 5063 5068 5174 4924 5028 5165 4990 5363 4998 4963 4933 5336 5239 5495 5055 5281 4775 5078 5348 5359 4437 5030 4559 4942 5686 5299 5267 5119 4337 4930 4999 5238 5015 5547 5522 5242 4827 5195 5203 5007 4827 4964 5034 4556 5167 5186 5117 5188 5265 4923 4834 5053 4875 5036 5093 5216 4960 5277 4847 4815 5286 5079 4973 4986 5331 4968 4780 4791 4736 5251 5081 5215 5171 5056 4914 5040 4972 5350 5145 5006 5007 5536 5344 5162 4726 5598 5066 5232 5056 5499 5323 5698 4715 5192 5269 5299 5287 4790 5253 5161 5442 5628 5261 4650 4497 5018 5107 4879 5571 4941 5264 4903 4749 4905 5207 5156 4968 5138 5102 5238 5143 5144 4389 5151 5267 5122 5193 4742 5011 4963 5143 5060 4605 5254 4937 4910 5025 4874 5296 4815 4804 5071 5042 5625 4745 5037 5433 4933 4995 5434 5187 5221 4903 5192 4575 5628 5302 5047 4958 5066 4586 5362 5307 5164 5200 4849 5121 5260 5014 4906 4767 5358 5125 4961 5284 4975 5524 4862 5025 5287 5146 5021 5133 5133 4416 5076 5190 5278 5191 4879 5016 4973 5200 5088 5245 4999 5315 5070 4863 5190 5462 4983 4891 4805 4498 4979 5021 5293 5085 4955 4895
5585 5566 5714 5179 5523 5070 5647 5712 4932 5424 5383 5029 5395 5293 5501 5068 5412 5518 5177 5682 5502 5677 5321 5106 5117 5377 5729 5216 5909 5373 5171 5846 5460 5328 5212 5631 5587 5284 5275 5629 5403 5627 5176 5242 5827 5547 5804 5883 5144 5593 5836 5345 5053 5555 5214 5352 5574 5475 6164 5819 5552 5319 5509 5671 5620 5116 5613 5279 5365 5916 5718 5748 5388 4838 5367 5301 5595 5397 5662 5713 5725 5234 5756 5512 5350 5518 5503 5417 5091 5482 5305 5462 5704 5556 5341 5377 5496 5564 5621 5361 5713 5594 5884 5454 4782 5558 5415 5597 5201 5900 5609 5576 4915 5290 5399 5647 5328 5342 5509 5350 5473 5397 5596 5141 5368 5502 5528 5800 5524 5518 5732 5314 5567 5755 5624 5281 5918 5278 5769 5567 5667 5747 5286 5605 5928 5710 5986 5759 5344 5035 5376 5551 5376 5900 4839 5614 5436 5055 5410 5409 5530 5124 5350 5481 5303 5455 5744 4738 5736 5627 5244 5294 5155 5203 5367 5580 5685 4935 5610 5182 5210 5390 5291 5612 5092 5501 5502 5123 5968 5210 5222 5456 5401 5482 5792 5652 5830 5288 5303 5037 6179 5796 5425 5360 5571 5273 6104 5906 5528 5647 4958 5501 5935 5458 5014 5327 5567 5641 5548 5598 5593 5899 5459 5373 5857 5698 5400 5457 5506 4624 5461 5504 5326 5531 5484 5362 5240 5082 5464 5354 5579 5796 5645 5335 5427 5725 5440 5480 5177 5098 5410 5826 5717 5456 5143 5373
4830 4789 5022 4347 4874 4493 4842 4978 4481 4792 4730 4552 4785 4770 4879 4440 4985 4730 4626 5162 4757 4923 4674 4579 4554 4876 5019 4696 5150 4575 4781 4885 4799 4845 4578 5048 4937 4841 4709 4981 5166 4987 4612 4538 4918 5134 5078 5113 4560 5061 4933 4690 4853 5097 4823 4966 5012 4693 5113 5134 4817 4679 5060 4965 5178 4460 4891 4637 4676 5284 4901 4633 4804 4294 4897 4602 5094 4788 5262 5054 4871 4494 5068 4885 4681 4588 4920 4951 4492 4728 4908 4723 5003 5162 4457 4676 4643 4668 4955 4877 4949 4932 5109 4832 4277 4796 4882 4906 4541 4896 4769 4687 4485 4396 4916 4970 4669 4863 4894 4844 4632 4422 4604 4681 4760 5029 5089 5112 4604 4774 5246 5003 4833 4972 4832 4606 4998 4517 4952 4742 4804 4931 4615 5166 5305 5438 5274 4704 4407 4348 4652 4693 4564 5402 4424 4891 4820 4335 4692 4850 4896 4539 4768 4971 4793 4820 5047 4221 4770 4951 4481 4739 4488 4496 4619 4946 4882 4525 4993 4508 4824 4593 4803 5041 4580 4563 5018 4688 5292 4538 4422 4833 4747 4474 5141 4995 4627 4752 4924 4596 5343 5122 4692 4742 4503 4793 5016 5319 4757 4925 4442 4949 5098 4850 4522 4537 4871 4806 4542 5006 5104 5300 4687 4770 4888 4703 4909 4891 4955 4071 4862 4806 4698 4868 4746 4738 4766 4635 4759 4961 4773 5046 4902 4619 4729 4883 4923 4720 4575 4374 4757 4915 5063 5017 4726 4877
5497 5209 5695 5218 5554 5192 5961 5650 4923 5542 5491 5209 5458 5334 5561 5331 5673 5587 5193 5671 5545 5525 5276 5206 5225 5494 5578 5236 5825 5353 5341 5833 5731 5303 5380 5813 5364 5338 5317 5572 5376 5579 5177 5228 5665 5724 5616 5614 5282 5719 5605 5289 5417 5801 5397 5524 5563 5675 5697 5709 5751 5361 5668 5753 5872 5079 5497 5306 5123 5890 5769 5547 5756 4759 5246 5392 5642 5398 5817 5775 5660 5331 5610 5444 5585 5419 5527 5362 5123 5628 5335 5736 5603 5645 5389 5213 5523 5504 5468 5405 5588 5706 5923 5188 5037 5525 5377 5498 5346 5767 5786 5413 5023 5444 5542 5780 5227 5481 5485 5180 5402 5131 5364 5607 5635 5709 5691 5608 5569 5438 5974 5502 5533 5574 5581 5340 5715 5382 5845 5668 5519 5819 5217 5667 5902 5828 6033 5917 5250 4904 5391 5612 5323 6228 4860 5769 5247 5094 5189 5471 5859 5409 5319 5453 5190 5487 5635 4993 5610 5539 5280 5613 5105 5320 5316 5767 5559 5104 5641 5008 5327 5390 5358 5763 4933 5288 5634 5189 5836 5376 4961 5512 5486 5600 5774 5798 5611 5279 5562 5270 6197 5724 5505 5631 5386 5452 6101 5993 5567 5607 5201 5681 5836 5537 5088 5692 5638 5553 5516 5554 5442 5999 5456 5427 5591 5683 5270 5482 5438 4626 5610 5510 5147 5682 5537 5512 5202 5277 5251 5565 5283 5838 5651 5379 5503 5681 5377 5516 5409 5144 5443 5693 5695 5587 5318 5431
5755 5480 5738 5257 5573 5411 6027 5844 5027 5596 5653 5275 5595 5147 5484 5315 5953 5433 5134 5905 5647 5537 5197 5458 5259 5680 5951 5382 5815 5550 5565 5803 5610 5646 5459 5311 5664 5267 5310 5899 5514 5773 5457 5731 5741 5525 5942 5606 5446 5649 5824 5351 5530 5797 5422 5361 5697 5733 5680 5976 5733 5436 5666 5966 5980 5301 5593 5348 5241 5748 5599 5755 5953 5021 5605 5500 5545 5406 5818 5780 5745 5384 5580 5792 5672 5298 5635 5253 5164 5366 5703 5467 5446 6009 5250 5296 5506 5504 5330 5356 5721 5375 6227 5702 4896 5607 5818 5711 5418 5797 5709 5474 4848 5367 5616 5921 5342 5562 5693 5592 5385 5408 5593 5451 5719 5596 5682 5658 5657 5738 5843 5625 5717 5668 5827 5611 5979 5131 5753 5698 5502 5755 5299 5872 5811 5614 6055 5664 5148 4966 5316 5332 5089 6020 5147 5670 5628 5444 5340 5676 5800 5422 5654 5727 5576 5709 5812 5146 5950 5682 5348 5406 5166 5265 5331 5684 5621 4822 5783 5470 5442 5605 5259 5803 4760 5464 5428 5397 6069 5218 5610 5957 5485 5557 5962 5678 5469 5475 5623 5363 6165 5634 5612 5407 5499 5493 6130 5789 5677 5676 5462 5758 5971 5613 5375 5665 5569 5883 5515 5661 5715 5891 5604 5739 5639 5849 5328 5505 5443 4704 5823 5778 5288 5725 5415 5528 5319 5226 5458 5717 5402 5925 5630 5223 5407 5723 5398 5548 5293 5236 5544 5680 6045 5640 5445 5753
5208 4831 5665 4790 5141 4931 5370 5566 4832 5315 5107 4690 5136 4883 5517 5162 5394 5338 5124 5454 5246 5260 4891 4815 4883 5228 5525 5374 5687 5159 4999 5491 5279 5120 5125 5394 5339 5100 4986 5466 5082 5359 5329 5212 5513 5391 5401 5342 5204 5548 5463 5133 5104 5434 5155 5439 5351 5371 5465 5676 5217 4855 5282 5687 5224 4849 5444 5027 4886 5717 5371 5379 5241 4468 5151 5254 5347 5016 5630 5637 5279 5107 5366 5363 5279 5055 5061 4919 4877 5074 5026 5083 5368 5547 5171 5140 5159 5306 5202 5106 5314 5140 5531 5321 4754 5249 5361 5342 5259 5502 5365 5228 4791 5092 5099 5268 5069 5278 5162 5038 5096 4842 5398 5038 5394 5161 5265 5518 4988 5428 5441 5411 5168 5429 5324 5131 5485 5050 5367 5536 5254 5536 5104 5471 5487 5600 5893 5360 5129 4589 5078 5229 4746 5763 4799 5261 5410 4714 5180 5307 5068 5026 5238 5443 4861 5096 5691 4779 5352 5184 5044 5132 4675 5178 5000 5563 5513 4635 5470 5257 5475 5164 5036 5453 4747 5100 5155 4760 5507 5086 5154 5445 5200 5133 5462 5549 5413 5009 5065 4954 5682 5443 5265 5159 5224 4877 6062 5566 5317 5402 5137 5267 5433 5345 4968 5356 5551 5642 5245 5192 5224 5586 5584 5313 5393 5527 5260 4953 5153 4523 5145 5340 5364 5344 5013 5344 5027 5069 5359 5278 5160 5257 5501 4917 5277 5356 5025 5415 4970 4757 5299 4869 5511 5547 5080 5332
4872 4727 5202 4749 4509 4697 4956 4995 4316 4777 4729 4512 4744 4455 4891 4572 4944 4857 4730 5233 5040 4892 4715 4533 4569 4758 4868 4529 5222 4675 4877 5072 4841 4761 4633 4996 5094 4856 4634 4846 5083 4941 4817 4882 5103 5012 5155 5030 4811 5253 4993 4912 4854 5021 4881 4986 4908 4754 5059 5017 4655 4842 5022 5039 5208 4495 5181 4576 4549 5308 5105 4728 5035 4331 4739 4867 4997 4552 4935 5100 4662 4779 4783 5052 4762 4672 5149 5012 4429 4797 4973 4953 4888 4940 4589 4567 4856 4720 4775 4787 5037 5113 5196 4828 4590 4740 4718 4744 4683 4737 4922 4930 4358 4461 5074 4787 4744 4966 4735 4519 4850 4656 4719 4860 4894 4977 4631 5213 4677 4556 5150 4798 4804 4898 4820 4983 5059 4733 5064 4921 5351 5354 4669 5016 5204 5138 5105 5025 4572 4431 4633 4696 4597 5147 4380 4757 4863 4738 4605 4869 4943 4689 4863 5092 4733 4612 5266 4189 5057 4791 4885 4755 4525 4507 4540 4772 4964 4476 4948 4466 4823 4951 4748 4821 4499 4725 5009 4692 5520 4607 4683 4791 4730 4712 5095 4943 4806 4983 4940 4798 5252 5147 4648 4853 4780 4755 5234 5121 4764 4941 4667 4576 5125 4778 4833 4928 5025 4853 4599 5046 5146 5313 4715 5152 4914 4808 4932 4760 4794 4188 4651 5049 5022 5094 4884 4842 4541 4739 5141 4861 4794 5246 4770 4702 5034 4719 4600 4740 4619 4535 4870 4784 5207 4718 4506 4995
5593 5220 5638 5159 5279 5003 5728 5774 5075 5633 5525 5190 5396 5076 5633 5102 5697 5318 5150 5913 5640 5518 5124 5219 5139 5398 5597 5519 5884 5248 5368 5668 5576 5406 5606 5424 5515 5356 5364 5658 5447 5726 5442 5233 5505 5410 5539 5436 5237 5614 5673 5526 5217 5294 5199 5457 5469 5456 6016 5458 5489 5383 5430 5790 5780 5143 5321 5177 5194 5907 5525 5611 5663 4825 5389 5429 5417 5409 5728 5573 5800 5262 5517 5582 5258 5263 5433 5535 5075 5337 5726 5464 5530 5784 5006 5177 5500 5462 5550 5390 5684 5481 5774 5325 5061 5442 5693 5539 5240 5784 5666 5404 5022 5370 5485 5841 5137 5607 5590 5479 5577 5513 5380 5401 5253 5513 5775 5574 5395 5354 6067 5687 5483 5509 5631 5380 5979 5448 5540 5727 5620 5696 4803 5672 5627 5795 5794 5833 5158 4865 5258 5416 4994 5960 5025 5671 5440 5130 5405 5293 5710 5199 5575 5531 5467 5546 5446 4688 5633 5677 5538 5451 5061 5255 5255 5552 5517 4741 5728 5298 5165 5316 5357 5649 4957 5257 5493 5157 5617 5121 5185 5741 5284 5272 5988 5744 5574 5571 5480 5291 6225 5709 5351 5433 5617 5550 6034 5887 5442 5619 5160 5685 5730 5396 5343 5440 5549 5841 5404 5180 5498 5604 5203 5340 5456 5716 5323 5593 5362 4748 5479 5662 5329 5657 5373 5210 5348 5332 5433 5621 5267 5718 5595 5163 5660 5552 5416 5395 5164 5342 5558 5705 5851 5562 5244 5510
5298 5236 5409 5011 5483 5182 5422 5533 4753 5405 5264 4976 5082 5082 5331 5135 5457 5524 5081 5487 4986 5297 5014 4845 4951 5291 5448 4993 5704 5119 4886 5207 5484 5197 5082 5367 5384 4993 5117 5363 5112 5669 5206 5169 5272 5439 5357 5537 5153 5230 5499 5039 5186 5365 5136 5250 5250 5422 5616 5664 5449 5087 5207 5688 5362 4979 5382 4575 4858 5737 5242 5320 5506 4578 5105 5115 5244 5057 5369 5015 5224 4919 5322 5394 5386 4830 5127 5025 4835 4859 5152 5230 5599 5375 5114 4998 4958 5035 5375 5193 5404 5016 5528 4891 4825 5438 5221 5365 5266 5404 5295 5222 4759 5073 5535 5476 5076 5496 5431 5287 5219 5169 5101 5212 5246 5168 5421 5306 5407 5188 5577 5291 5389 5321 5607 5328 5446 5135 5447 5362 5262 5434 5188 5575 5543 5532 5617 5653 5055 4911 5290 5365 4974 5498 4454 5266 5143 4923 5370 5137 5342 5102 5327 5072 5281 5208 5558 4866 5253 5427 4994 5392 4753 5172 5093 5440 5503 4637 5387 5127 4919 5333 5182 5564 4709 5288 5381 4808 5914 5341 5179 5616 5255 5287 5414 5679 5199 4954 5287 4783 5896 5180 5357 4763 5219 4997 5888 5656 5478 5398 4960 5381 5265 5118 5204 4921 5479 5279 4875 5015 5307 5424 5243 5265 5236 5373 5362 5244 5113 4726 5269 5238 5198 5543 5225 5163 5279 4997 5172 5553 5366 5476 5475 4877 5114 5430 5310 5025 5060 4868 5119 5437 5307 5381 5360 5479
5047 5182 5227 4888 4992 4761 5407 5548 4881 5063 5485 4971 5011 4959 5136 4838 5372 5441 5039 5694 5338 5709 4832 5044 4949 5248 5284 5058 5512 5057 5029 5229 5254 5407 4930 5218 5397 4879 5103 5454 5231 5003 4926 5215 5582 5307 5511 5424 4957 5270 5104 5128 4982 5353 4983 5356 5328 5212 5401 5169 5467 5195 5371 5458 5492 4783 5117 5077 5082 5628 5347 5313 5294 4200 5260 5116 5471 5105 5448 5099 4966 4920 5189 5230 5101 5129 5295 5397 4982 5130 5360 5510 5220 5444 5184 5139 5202 4972 5105 4959 5492 5103 5462 5335 4824 5209 5290 5101 5100 5339 5543 5179 4875 4883 5308 5449 4840 5242 5081 5019 5310 4952 5275 5121 5273 5102 5217 5192 5439 5324 5522 5193 4979 5309 5205 4983 5175 5374 5494 5297 5360 5547 5085 5166 5775 5608 5684 5665 5047 4836 5092 5483 5012 5390 4835 5173 5268 5018 5137 5164 5251 5368 5107 5043 5072 5362 5405 4628 5554 5154 4874 4936 4367 4878 4929 5060 5309 4963 5399 4937 5084 5246 5130 5504 4815 5043 5149 4799 5451 4854 4945 5283 5226 5121 5331 5482 5037 5297 5188 5016 5731 5275 5114 5189 5286 5164 5724 5383 5194 5222 4874 5074 5413 5144 4971 5033 5416 5446 5234 5417 5264 5499 4834 5351 5106 5557 5273 5099 5173 4513 5079 5629 5102 5386 5041 4915 4890 5283 5428 5139 5322 5536 5374 4899 5131 5226 5057 4958 5008 4758 5205 5398 5409 5404 5083 5260
5517 5291 5696 4935 5366 5133 5816 5755 5105 5548 5451 5038 5387 5104 5387 5171 5525 5644 5294 5843 5630 5650 4916 5023 5102 5451 5571 5326 6050 5512 5485 5689 5485 5474 5226 5812 5568 5307 5116 5619 5388 5495 5494 5509 5441 5678 5792 5596 5307 5684 5796 5256 5377 5459 5099 5627 5564 5430 5922 5732 5556 5432 5471 6035 5751 4981 5569 5082 5280 6009 5559 5493 5662 4944 5228 5334 5212 5424 5849 5827 5728 5279 5490 5712 5439 5239 5284 5677 5029 5375 5697 5350 5715 5765 5299 5244 5345 5010 5733 5407 5874 5401 6086 5513 5160 5258 5535 5629 5153 5514 5702 5532 5080 5186 5442 5528 5523 5423 5430 5226 5504 5273 5495 5510 5433 5242 5611 5555 5499 5485 5516 5468 5464 5340 5770 5615 6026 5371 5609 5498 5532 5747 5395 5690 5506 5829 5983 5887 5237 4924 5417 5358 5259 5894 4908 5490 5450 5281 5733 5219 5440 5247 5267 5719 5273 5326 5832 4632 5874 5456 5131 5288 4998 5247 5336 5275 5775 4832 5804 5533 5491 5548 5346 5788 5019 5278 5528 4721 5814 5188 5136 5662 5217 5434 5672 5682 5782 5502 5487 5127 5977 5692 5494 5447 5426 5114 5892 5980 5829 5611 5184 5524 5920 5328 5339 5387 5458 5743 5218 5616 5507 5781 5392 5702 5349 5588 5476 5536 5426 4582 5393 5529 5299 5525 5129 5437 5264 5352 5655 5592 5250 5640 5644 5136 5423 5657 5188 5437 5252 5033 5732 5700 5928 5434 5541 5619
5238 5166 5640 4987 5302 4997 5609 5682 4849 5294 5268 4874 5310 5039 5434 4936 5483 5305 4971 5743 5564 5565 5109 4960 4822 5419 5459 5139 5545 5353 5182 5533 5412 5227 5062 5421 5158 4867 5362 5318 5349 5257 5069 5275 5592 5406 5575 5529 5330 5489 5377 5206 5314 5345 4984 5421 5156 5745 5751 5603 5564 5223 5501 5652 5525 4896 5310 5054 5125 5789 5630 5423 5462 4694 4941 5133 5268 5149 5520 5769 5397 4953 5378 5227 5074 5084 5109 5393 4906 5251 5275 5226 5366 5457 5254 5108 5399 5175 5272 4943 5367 5166 5882 5327 4789 5409 5409 5372 5267 5433 5379 5307 4843 5154 5351 5274 5349 5313 5352 5367 5009 4930 5245 5230 5250 5311 5495 5194 5213 5483 5516 5424 5338 5257 5624 5202 5631 5085 5229 5223 5394 5309 5037 5601 5512 5294 5846 5537 4970 4864 5248 5076 4829 5461 5072 5748 5245 4907 4953 5305 5273 5013 5196 5286 5121 5269 5466 4833 5587 5334 5295 5316 5069 4963 4996 5136 5373 4817 5332 4842 5298 5128 5046 5565 4969 5413 5393 5001 5894 5084 5235 5308 5245 5241 5472 5822 5316 4966 5601 4877 5819 5649 5304 5149 5324 5378 5932 5510 5569 5332 4999 5168 5507 5440 5112 5083 5639 5388 5026 5408 5331 5716 5383 5494 5538 5593 5509 5146 5618 4367 5568 5497 5130 5333 5223 5435 5082 5138 5095 5390 5155 5526 5343 5057 5443 5341 5048 5363 4904 4736 5399 5385 5462 5324 5246 5249
5381 4962 5743 4678 5439 5139 5563 5484 4546 5106 5156 5089 5279 5198 5453 4642 5305 4921 5025 5413 5404 5130 4902 4778 4801 5320 5682 4837 5487 5062 5027 5245 4970 5186 4927 5386 5419 5073 4871 5467 5113 5459 5014 5256 5293 5450 5382 5301 5365 5346 5174 4916 5032 5476 4986 5349 5081 5378 5605 5670 5281 5305 5264 5799 5403 4815 5131 4964 4884 5366 5615 5259 5474 4685 5016 5231 5254 5102 5521 5419 5565 4916 5244 5247 5373 5003 5294 5048 4920 5321 5257 5288 5521 5260 5065 5104 5253 5000 5294 5177 5274 5272 5749 4994 4835 4892 5220 5026 5286 5592 5244 5281 4897 5177 5328 5203 5164 5332 5455 5162 5271 5087 5384 5316 5014 5113 5316 5413 5082 5363 5518 5025 5297 5434 5698 5184 5543 4929 5545 5306 5426 5552 5048 5695 5319 5639 5875 5171 5127 4776 4790 5181 4966 5703 4991 5434 5246 4831 5143 5209 5501 4822 5325 5143 5292 4955 5414 4550 5334 5193 4937 5078 4822 5127 5115 5211 5124 4715 5316 5210 5175 5159 5165 5305 4707 5245 5504 4915 5467 4959 5030 5297 5082 5367 5732 5692 5369 5190 5289 5042 5778 5570 5021 5264 5108 5177 5367 5542 5447 5158 4937 5328 5621 5263 4858 5137 5355 5183 5148 5132 5388 5538 5201 5281 5204 5406 5507 5387 5145 4641 5211 5257 5048 5216 5107 5314 5017 4734 5167 5543 5372 5291 5208 4823 5324 5504 4954 5203 4927 4927 5247 5420 5434 5276 4964 5431
5568 5293 5597 5232 5293 5093 5624 5494 4930 5510 5264 5060 5271 5119 5680 5118 5442 5475 5429 5702 5640 5285 5232 4929 4793 5398 5496 5106 5714 5285 5419 5577 5181 5265 5344 5701 5316 5267 5302 5403 5232 5568 5448 5467 5991 5579 5467 5629 5135 5512 5587 5265 5151 5301 5123 5274 5572 5272 5766 5568 5346 5424 5425 5759 5659 4929 5386 5039 5122 5766 5573 5385 5423 4816 5218 5341 5422 5231 5591 5587 5562 5256 5343 5542 5210 5133 5400 5525 4878 5284 5556 5093 5616 5427 5230 5186 5672 5264 5663 5304 5557 5566 5704 5240 5046 5412 5512 5463 5375 5490 5571 5340 4806 5188 5655 5240 5455 5563 5540 5239 5417 5386 5531 5536 5320 5238 5525 5632 5360 5284 5750 5551 5595 5362 5777 5466 5743 5153 5539 5523 5369 5904 5400 5809 5740 5520 6068 5714 5224 4930 5249 5464 4976 5911 4982 5641 5317 5228 5418 5386 5782 5370 5500 5417 5190 5509 5704 4682 5582 5519 5050 5378 5127 5066 5051 5423 5318 4823 5565 5235 5299 5197 5162 5513 4747 5406 5265 5107 5803 5121 5435 5609 5284 5272 5749 5702 5474 5410 5412 5179 6042 5465 5301 5247 5214 5204 5980 5733 5623 5782 5151 5499 5741 5500 5309 5215 5763 5629 5385 5469 5289 5793 5484 5513 5572 5477 5522 5420 5286 4643 5296 5739 5280 5648 5406 5268 5016 5190 5427 5538 5296 5525 5182 5230 5644 5720 5382 5223 5128 4810 5484 5669 5480 5160 5314 5438
5264 5117 5428 4840 5052 4713 5505 5376 4695 5046 5083 5077 5044 4963 5164 4772 5369 5185 4974 5355 5210 5150 5019 4854 4808 5265 5316 5136 5703 5099 5390 5442 5381 5020 5114 5394 5335 4895 4867 5539 5229 5173 5163 5127 5530 5422 5498 5785 5485 5469 5514 5079 5185 5329 5307 5475 5317 5218 5587 5247 5344 5108 5399 5685 5217 4944 5299 5010 4946 5563 5516 5395 5591 4506 5227 4992 5205 5195 5636 5783 5426 4759 5234 5357 4970 5099 5140 5256 4737 5054 5363 5295 5465 5287 5075 4827 5091 4820 5407 4898 5498 5313 5775 5247 4749 5143 5518 5351 5150 5443 5202 5330 4837 5120 4952 5231 4918 5280 5179 5128 5240 4988 5015 5056 5141 5220 5200 5363 5264 5170 5680 5367 5475 5387 5114 5302 5525 4691 5551 5343 5299 5484 5353 5539 5509 5763 5688 5416 4890 4839 5330 5093 4790 5447 4776 5327 5131 4845 4990 5057 5220 4965 5246 5150 5076 5194 5476 4618 5452 5208 5115 5118 4843 5088 5031 5103 5144 4692 5177 5045 4922 5282 5040 5319 4725 5181 5467 4880 5741 5090 5087 5456 5126 5514 5625 5567 5246 5159 5253 5035 5615 5647 5127 5068 5203 5177 5771 5210 5153 5395 5042 5386 5420 5167 4918 5239 5231 5554 4913 5419 5278 5553 5276 5355 5208 5403 5124 5240 5190 4338 5609 5515 5176 5455 5083 5082 5169 4884 5017 5203 5181 5425 5508 4925 5141 5346 5194 5361 4769 4766 5237 5444 5167 5277 5048 5412
4667 4705 5066 4417 4935 4290 5055 5037 4319 4802 4549 4359 4670 4758 4880 4657 5153 4900 4724 5301 4891 5116 4808 4593 4271 4599 5145 4572 5200 4686 4746 4847 4753 4844 4693 5115 4912 4658 4810 5073 4714 4706 4870 4838 4980 5044 5143 5117 4846 4949 5213 4449 4742 4915 4505 4816 5080 4731 4940 4873 4868 4534 5051 5334 5071 4453 5095 4991 4624 5119 4990 4882 4731 4431 4891 5136 4752 4861 5275 4856 4930 4362 4833 4859 4642 4611 4756 4898 4531 4827 4917 4859 4878 5119 4821 4960 4594 4647 4571 4842 4931 4673 5025 5069 4498 4948 5019 5038 4952 5057 5131 4806 4364 4754 4839 5025 4923 4801 4932 4769 4787 4755 4736 4893 4809 4627 4769 4976 4626 4834 4989 4811 4860 4985 5010 4799 4875 4451 5043 4933 4953 5201 4869 5044 5001 5113 5312 5276 4495 4408 4699 4860 4687 5261 4314 4916 4842 4517 4678 4824 4987 4853 4725 4854 4611 4743 4957 4405 5417 4705 4516 4609 4197 4899 4727 4820 5091 4053 5200 4734 4621 4847 4701 4913 4356 4782 4962 4463 5206 4730 4664 4813 4724 4789 4944 5006 4884 4551 4779 4607 5328 4979 5017 4796 4576 4744 5388 5109 4980 4966 4614 4990 5124 4886 4706 4614 4928 5123 4597 4746 4912 5404 4901 4770 4969 4894 5261 4991 5094 4024 5266 4887 4866 4943 4653 4702 4557 4731 4814 4967 4737 5146 5156 4718 4818 4988 4871 4818 4690 4493 4601 4925 5031 4858 4726 4962
4664 4702 4869 4422 4616 4388 4811 4861 4486 4628 4753 4322 4740 4562 4613 4482 4875 4789 4660 5226 4601 4783 4462 4380 4517 4821 4660 4639 5072 4291 4425 4812 4717 4536 4636 4945 4690 4547 4593 4893 4817 4724 4675 4523 5005 4970 4846 4900 4769 4917 4847 4565 4708 4853 4613 4774 4614 4776 4915 4855 4756 4549 4683 5017 4744 4601 4793 4493 4388 5166 4842 4962 4901 4092 4788 4476 4605 4764 5090 4856 4711 4560 4952 4611 4540 4578 4980 4637 4420 4597 4734 4813 4631 4889 4372 4381 4814 4643 4792 4540 4850 4500 4780 4733 4350 4731 4914 4536 4787 4690 4796 4545 3962 4471 4731 4788 4564 4747 4850 4730 4619 4491 4733 4678 4568 4679 4877 4745 4714 4743 4910 4699 4667 4914 4852 4680 4776 4330 4849 4618 4692 4936 4637 5000 4777 5043 5163 4947 4647 4145 4502 4792 4272 5053 4326 4724 4764 4460 4714 4574 4698 4310 4420 4777 4583 4804 4739 4125 4908 4817 4414 4652 4283 4457 4488 4777 4904 4312 5005 4744 4517 4717 4569 4815 4301 4768 4651 4509 5134 4494 4484 4713 4543 4744 4852 4777 4894 4562 4858 4569 5122 5057 4619 4170 4507 4539 5055 5026 4830 4779 4399 4888 4963 4775 4543 4575 4737 5030 4529 4809 4627 4925 4789 4651 4711 4910 4906 4888 4719 4235 4836 5000 4441 4601 4480 4601 4493 4451 4655 4783 4406 5063 4809 4475 4932 4790 4514 4671 4540 4332 4853 4810 5001 4684 4677 4575
5259 5128 5537 4934 5200 4910 5382 5576 4858 5308 5227 5065 5057 5118 5486 4851 5529 5332 5129 5866 5362 5785 5072 5218 4943 5141 5480 5036 5700 5248 5371 5371 5256 5091 5139 5822 5250 5441 5277 5605 5353 5428 5276 5405 5546 5481 5437 5571 5286 5382 5491 5140 5044 5444 4957 5203 5328 5351 5742 5521 5391 5109 5448 5613 5594 4953 5304 5002 5060 5664 5556 5651 5565 4653 5376 5141 5223 5117 5641 5386 5414 5294 5205 5315 5393 4881 5236 5106 5108 5186 5522 5357 5464 5549 5310 5286 5274 5135 5331 5106 5409 5325 5740 5158 4959 5121 5146 5355 5499 5573 5447 5067 4743 5346 5388 5349 5241 5180 5356 5404 5296 5071 5299 5168 5371 5199 5480 5350 5073 5356 5632 5341 5169 5503 5306 5299 5520 5216 5552 5539 5188 5683 5178 5799 5358 5512 5888 5621 5054 4842 5153 5317 5050 5771 5087 5374 5448 4859 5227 5264 5256 5393 5325 5389 5200 5682 5521 4704 5585 5471 5054 5347 4801 5071 5115 5283 5366 4845 5685 5336 5218 5113 5187 5489 4914 5214 5361 4999 5563 5116 5120 5501 5425 5231 5536 5804 5534 5307 5245 5072 5842 5850 5268 5140 5344 5289 5764 5646 5455 5310 5069 5446 5583 5321 5165 5202 5420 5321 5215 5197 5221 5681 5042 5305 5062 5483 5556 5409 5509 4899 5497 5530 5414 5591 5284 5396 5265 5299 5542 5345 5576 5365 5349 5034 5079 5559 5336 5127 5154 5008 5224 5580 5723 5405 5436 5300
4925 5174 5558 4687 4694 4898 5397 5571 4857 5105 5031 4925 5117 4840 5165 5163 4994 5403 4785 5348 5305 5074 4813 4666 4670 5303 5282 5111 5294 4953 5083 5422 5135 4878 5079 5599 4978 4841 5115 5394 5020 5126 4921 5017 5585 5273 5558 5421 5037 5347 5140 4947 5011 5305 5055 5047 5076 5222 5281 5340 5085 4990 5117 5728 5532 4660 5187 4705 5064 5534 5380 5201 5219 4507 4736 4995 5032 5139 5300 5422 5211 5130 5050 5135 5163 5176 5165 5290 4857 5005 5193 5399 5219 5271 5219 4938 5196 4740 5071 5055 5217 4945 5507 5083 4668 5129 5400 5178 4918 5442 5057 4867 4669 5045 4992 5101 4872 5072 5201 4930 5016 5053 5237 5090 5190 4909 5232 5246 5215 4947 5350 5220 5055 5338 5352 5105 5367 4677 5282 5190 5128 5433 4848 5245 5299 5433 5738 5105 4860 4584 5133 5008 5021 5640 4846 5276 5273 4885 5190 5125 5329 5065 4904 5152 4992 5175 5638 4381 5401 5136 4755 5025 4458 4977 5095 5240 5211 4611 5178 4985 5088 5124 5030 5430 4617 5275 5074 4707 5577 5004 5023 5219 5094 5242 5261 5484 5353 5147 5228 5013 5744 5420 5129 5072 4960 4996 5553 5387 5321 5422 4953 5197 5376 5291 4964 5118 5183 5361 5253 5217 5080 5510 5027 5163 5142 5538 5185 5136 5056 4606 5207 5616 5122 5280 5150 5177 4982 4987 5249 5222 4912 5495 5435 4928 5114 5307 5064 5063 5047 4584 5094 5287 5322 5106 5049 5066
4886 4696 5076 4622 5092 4821 5005 5309 4582 5004 5243 4593 5206 4873 5296 4708 4962 5037 4776 5454 5225 5121 4896 4723 4854 5248 5125 4765 5545 4941 5056 5299 5215 5200 4909 4964 5136 4811 5008 5404 5044 5040 5116 5069 5442 4997 5135 5129 4985 5096 5254 4814 4887 5130 4848 4975 5195 5256 5293 5105 5113 4923 5205 5369 5293 4587 5177 4844 4679 5466 5192 5075 5338 4515 4855 4989 5131 4595 5215 5118 5076 4676 5002 5201 5009 4793 4862 5051 4763 4908 5244 5257 5336 5333 4828 5059 5190 4991 5111 5027 5443 4904 5557 4861 4874 4935 5184 5047 4667 5232 5153 5056 4748 4729 5090 5153 4917 5117 5175 4834 5090 4948 5038 5074 5090 4964 5102 5304 5064 4999 5221 4892 5039 5354 5214 5082 5275 5064 5326 5044 5132 5389 4814 5263 5116 5171 5472 5289 4905 4746 4811 4898 4769 5355 4766 5223 5235 4860 4782 4740 5170 4730 4916 5297 5018 5191 5234 4343 5375 5211 5079 5137 4540 4856 4927 4899 4980 4538 5310 4994 4943 4958 4869 5577 4429 4996 5155 4873 5535 4926 4772 5201 5104 4962 5416 5411 5204 4831 4777 4742 5618 5207 5162 4889 5000 4934 5470 5178 5172 5147 5003 5038 5165 4967 4892 4928 5243 5112 4963 5027 5255 5346 4788 4905 4878 5376 5225 4947 4983 4536 5261 5107 5130 5219 4843 4899 5027 4766 5038 5155 5052 5150 5149 4486 5020 5114 4864 4962 4524 4714 5159 5346 5299 5081 5051 5153
5468 5447 5459 5161 5411 5077 5609 5631 4830 5197 5129 5025 5309 5175 5319 4948 5537 5390 5340 5771 5373 5327 5310 5015 5114 5360 5740 5424 5764 5198 5291 5632 5757 5275 5092 5681 5218 5248 5242 5514 5538 5469 5198 5237 5698 5627 5432 5362 5366 5538 5475 5304 5473 5407 5138 5373 5679 5571 5721 5550 5351 4997 5417 5448 5572 4857 5402 5187 4856 5694 5492 5404 5641 4612 5259 5298 5555 5396 5674 5656 5379 5220 5549 5512 5443 5227 5140 5326 4788 5232 5190 5485 5670 5790 5267 5061 5300 5428 5533 5418 5733 5330 5584 5316 5240 5629 5379 5293 5493 5366 5470 5473 4824 5269 5318 5435 5466 5273 5343 5339 5288 5061 5195 5290 5384 5482 5353 5659 5412 5265 5673 5379 5386 5390 5655 5245 5563 5154 5552 5454 5266 5489 5135 5419 5729 5610 5866 5688 5184 4564 5328 5404 5180 5865 4844 5643 5376 5022 5241 5383 5417 4904 5493 5484 5138 5172 5663 4627 5626 5554 4877 5273 4793 5219 5108 5624 5375 5037 5224 5170 5304 5135 5187 5439 5010 5071 5504 4941 5827 5113 5063 5790 5361 5162 5468 5601 5299 4990 5312 4808 5848 5671 5223 5161 5211 5268 6059 5843 5435 5411 5057 5470 5570 5330 5171 5488 5561 5619 5172 5437 5529 5651 5349 5314 5297 5657 5319 5347 5364 4683 5318 5689 5231 5437 5482 5390 5288 5326 5307 5503 5226 5731 5605 5098 5305 5648 5405 5254 5074 4770 5270 5444 5506 5659 5448 5669
5131 5038 5142 4942 4736 4854 5500 5160 4625 5279 4844 4827 5234 4746 5214 4773 5397 5087 4908 5465 5014 4889 4586 4968 4747 5200 5228 4727 5585 4949 4945 5235 5194 5104 5189 5367 5241 4897 5060 5192 5118 5249 4920 4935 5257 5059 5274 5341 5284 5329 5364 5018 4868 5304 5025 5236 5179 5071 5467 5367 4934 4892 5158 5243 5408 4781 5274 4690 4993 5415 5395 5249 5361 4455 5013 4938 5232 4990 5465 5420 5119 4906 5017 5245 5261 5031 5171 5286 4840 4935 5128 5226 5220 5406 4910 4758 5248 4827 5215 4939 5207 5066 5585 5190 4774 5073 5172 5003 4953 5244 5128 5033 4761 5071 5357 5480 4858 4959 4994 4864 5342 5111 4753 4949 4926 5358 5246 5093 5226 5084 5420 5085 5080 5198 5211 5101 5569 5036 5611 5024 5305 5368 5102 5507 5328 5245 5271 5352 4997 4864 5004 5196 4584 5315 4843 5356 5148 5053 5084 5070 5185 4964 5273 5273 5093 5203 5339 4643 5389 5289 4899 5050 4845 5044 4758 5052 5128 4838 5245 4915 4858 5175 5168 5228 4556 5304 4994 4869 5491 4833 4874 5058 5154 5065 5543 5346 5214 5004 5432 4993 5575 5340 5018 4893 4931 4828 5699 5364 5254 5361 4921 5182 5411 5020 5118 4903 5233 5231 4779 5140 5083 5564 5182 4842 4961 5431 5370 5146 5261 4363 5079 5108 5026 5100 5084 5072 4918 4946 5066 5193 5001 5350 5058 5351 5222 5356 5100 4966 4840 4847 5089 5235 5235 5169 4767 5235
4953 4617 5188 4367 4891 4650 5176 5268 4533 5166 4714 4492 5049 4821 5185 4544 4992 4945 4790 5166 4726 4897 4695 4601 4429 5133 5262 4729 5197 4658 4650 5053 4876 4954 4795 5167 4965 4575 4641 5116 4956 4969 4715 4827 5275 4880 4917 4681 4753 5007 5137 4863 5068 5038 4914 4798 4839 4742 5356 4993 4892 4776 4874 4993 5379 4504 4711 4526 4671 5285 5157 5030 4935 4406 4618 4736 4821 4785 4979 5197 5418 4668 4751 4900 4892 4766 4819 4946 4492 5076 5166 4831 4992 5260 4767 4751 5021 4692 5254 4650 4983 4931 5127 4629 4625 4721 4719 4938 4815 5010 5030 4871 4685 4609 5078 5145 4731 5054 4979 4820 4697 4586 4751 4913 4871 4780 4898 5059 4691 4942 5197 4846 4704 4945 5061 4977 5265 4728 5020 4814 4977 5138 4751 5111 4941 5064 5307 5490 4750 4403 4763 5028 4421 5391 4557 4912 4709 4754 4789 4722 4907 4671 5018 5079 4717 4867 5137 4291 5281 5032 4806 4945 4521 4593 4602 5074 5077 4445 4967 4790 4647 4607 4813 5033 4619 4750 4675 4657 5314 4648 4768 4953 4477 4882 5298 4966 5168 4700 4755 4716 5488 5015 4533 4714 4738 4759 5269 5329 4860 4954 4708 4957 5109 5252 4686 4773 5020 4971 4911 4902 4952 5323 4813 4746 4950 5150 4938 4814 4757 3874 4924 4866 4728 4882 4760 5104 4737 4676 4766 4865 4913 4927 4848 4852 4945 4978 4871 4832 4549 4666 4997 4827 5075 4943 4856 4893
5326 4936 5347 4730 5082 4948 5421 5161 4468 5014 4912 4755 5042 4863 5106 4912 5100 5170 4755 5224 4941 5308 4926 4927 4706 5172 5176 4944 5408 4823 4921 5172 4875 4966 5000 5033 5206 4885 5051 5288 4953 5253 5011 5161 5589 5314 5343 5336 5041 5044 5236 4930 4763 5013 4895 5067 5198 4869 5342 5344 5067 4988 4738 5396 5158 4816 4899 4593 4884 5534 5139 5164 5183 4371 4893 4921 5052 5031 5286 5023 5260 4598 5103 5274 4884 4795 5184 4913 4860 4892 5039 5034 5141 5282 4865 4918 5080 4624 5039 4925 4952 4861 5378 4919 4484 5019 5302 4817 5258 5187 5071 5010 4702 5114 5342 4945 4870 5013 5238 5217 4924 4891 5310 5005 4953 4968 5013 5380 4769 5492 5580 5174 4850 5243 5366 4908 5199 4831 5459 5029 5084 5151 4995 5283 5354 5123 5775 5388 4919 4781 5095 5168 4822 5691 4707 5108 5116 4625 5083 5074 5203 4713 5106 5003 5027 5086 5336 4694 5270 4917 4412 4752 4588 4771 4795 5122 5266 4490 5267 4881 4951 4718 4885 5227 4778 5037 5189 4827 5434 4875 5010 5539 5029 5003 5294 5349 4830 5010 5097 4670 5708 5107 4926 4748 5270 5153 5917 5335 5201 5233 4779 5230 5109 5233 4764 5087 5077 5489 4883 4958 4943 5185 5024 5162 5014 5281 5216 5000 4932 4495 5265 5388 4923 5284 4815 4887 4775 4805 4905 5266 5044 5323 5130 4729 4931 5295 4915 4907 4778 4728 5002 5454 5203 5222 4998 4896
5157 4884 5172 4977 5286 4829 5282 5148 4781 5102 5272 4590 5538 5159 5336 4781 5227 5119 4824 5484 5163 4821 4987 4962 5016 5157 5276 4852 5542 4911 5034 5260 5235 5115 5188 5331 5170 4996 4903 5619 5082 5086 5084 4963 5412 5146 5337 5549 5146 5593 5386 5131 4907 5477 5258 5047 5167 5106 5456 5367 5132 5052 5488 5561 5482 4495 5326 4702 4825 5628 5377 5501 5228 4673 5064 4877 5295 4899 5453 5433 5125 4816 5318 5261 5156 5022 5084 5262 4924 5105 5164 5162 5322 5550 4851 5099 5234 5068 5181 5122 5371 4957 5796 4951 4909 4899 5174 5261 4780 5394 5133 5173 4539 4904 5295 5363 4911 5273 5071 5097 5125 5166 5401 5148 5211 5247 5340 5462 5172 5281 5614 5377 5303 5219 5065 5361 5356 4963 5070 5278 5189 5489 5084 5357 5482 5297 5476 5471 5096 4791 4744 5168 4947 5720 4740 5320 5246 5154 4860 5186 5385 5026 5162 5293 4961 5078 5332 4548 5432 5384 4912 5084 4583 5094 5176 5067 5008 4614 5618 5017 5078 4846 4956 5647 4515 5249 5092 4992 5507 4773 5247 5443 5064 5289 5363 5345 5166 4979 5110 4861 5708 5397 5006 4910 5023 5064 5920 5421 5338 5389 4975 5415 5355 5231 5156 4968 5271 5415 5050 5340 5351 5295 5041 5032 5380 5302 5098 5109 5276 4381 5277 5177 4976 5143 5186 4855 4599 4903 5015 5418 5130 5209 5075 4827 4998 5018 4814 5268 4980 4718 5018 5226 5447 5277 5082 4978
