96 40 96 65 75 60 84 45 0 79 93 58 28 53 132 93 61 57 108 154 145 24 61 152 96 101 85 81 100 186 153 175 182 50 29 68 150 16 98 74 64 82 88 58 75 0 61 32 15 90 56 84 35 147 37 63 107 24 72 40 370 18 23 61 99 3 76 72 27 154 64 41 41 137 69 101 6 47 80 46 27 215 117 58 6 32 157 114 86 24 35 43 79 319 60 153 64 84 60 52 70 42 134 165 52 24 189 18 41 127 81 124 75 70 153 48 92 223 93 128 93 164 74 48 85 107 63 208 119 27 59 141 73 152 52 116 122 138 53 66 64 44 142 57 87 84 69 164 237 81 38 90 53 60 150 93 129 18 108 47 74 126 216 139 119 64 110 90 202 42 98 70 91 98 59 86 32 70 85 44 73 168 49 53 165 82 106 112 115 78 51 72 72 30 104 118 214 72 84 41 126 95 31 136 105 104 154 206 94 150 54 6 123 89 0 239 12 56 164 139 127 239 4 42 141 68 45 120 68 21 68 109 154 162 54 35 145 66 75 99 84 79 189 57 9 0 49 81 25 129 189 89 30 17 46 106
107 0 16 28 71 26 40 52 4 0 50 38 32 14 81 81 0 45 0 36 24 0 114 73 99 40 30 123 111 4 24 74 83 48 120 101 87 138 32 40 70 83 57 24 154 49 0 18 42 100 0 56 35 72 42 0 150 6 0 12 8 64 44 134 42 153 49 18 0 56 0 102 42 32 45 69 9 48 97 0 24 16 69 6 126 56 46 12 32 119 0 128 72 0 92 96 90 18 37 12 18 15 0 102 12 16 103 64 72 30 80 29 45 27 30 123 32 96 0 71 16 63 0 42 130 130 24 104 98 0 18 72 93 72 128 54 20 135 36 74 176 9 27 10 187 34 56 72 119 0 0 3 8 63 84 9 30 14 44 12 38 70 56 20 49 20 7 0 88 56 100 29 105 73 18 0 16 40 64 24 72 0 56 57 0 34 73 91 95 0 12 64 89 121 21 47 59 81 21 184 0 39 20 41 74 88 21 64 64 114 92 89 0 64 105 18 30 68 101 78 144 18 93 0 48 45 87 21 64 12 10 185 54 38 40 100 57 93 72 137 25 42 76 8 153 145 109 9 100 63 166 18 70 24 73 0
18 2 114 62 49 1 34 56 4 12 2 16 18 25 5 120 60 48 0 16 24 6 10 17 78 0 32 58 43 16 12 135 40 0 157 47 24 30 33 14 2 39 9 42 111 20 79 37 10 7 106 42 1 92 0 48 79 6 82 129 8 48 128 59 0 56 28 51 34 33 54 15 35 0 126 0 70 94 26 0 54 2 46 38 17 16 24 229 35 95 42 32 0 54 118 73 114 40 6 31 24 12 104 61 23 89 28 35 23 14 25 31 7 27 47 24 42 3 57 97 66 143 32 134 6 6 32 63 57 36 48 0 9 19 0 0 7 0 46 64 86 130 58 30 65 13 40 41 54 20 18 0 48 75 5 32 17 74 4 36 34 26 89 0 6 52 100 0 93 0 50 27 34 69 28 48 62 24 167 18 18 14 39 44 0 2 39 12 18 17 119 0 81 19 36 1 33 55 18 52 11 9 71 21 49 0 73 9 12 28 50 3 16 15 66 40 108 96 2 13 15 41 30 48 65 63 81 0 21 81 4 95 15 45 128 73 44 58 64 134 84 72 27 69 92 101 37 0 54 77 60 6 59 120 7 17
63 81 45 25 53 0 64 84 0 59 82 42 92 22 0 12 75 52 55 38 21 9 192 51 44 35 27 12 42 35 0 12 122 14 39 20 74 124 45 9 15 25 22 63 63 75 6 32 25 38 31 0 30 10 104 30 21 67 54 53 97 3 9 29 73 58 85 0 48 0 42 22 0 64 74 8 43 21 24 12 12 3 108 0 66 81 21 50 24 15 3 167 12 1 97 152 45 61 66 0 1 46 46 16 67 5 78 151 11 41 64 18 62 7 59 75 35 70 0 33 52 79 60 40 3 0 146 11 172 93 58 133 0 102 2 65 43 43 24 24 132 60 56 7 60 30 194 54 87 98 39 83 43 70 90 26 45 10 0 52 16 86 41 11 65 27 69 55 102 54 39 20 60 27 44 65 22 12 93 93 51 10 100 84 54 60 24 0 12 27 16 52 69 24 110 39 33 18 0 47 52 0 0 62 109 63 66 8 0 105 30 77 15 23 63 15 8 14 11 49 63 0 15 10 27 4 56 42 43 53 27 56 32 124 4 48 137 12 60 18 79 148 111 18 48 38 32 72 40 5 0 106 89 12 0 30
54 64 6 51 70 32 42 0 0 79 72 119 155 123 68 51 58 47 74 84 57 70 129 100 27 0 180 88 79 79 78 151 63 56 1 76 142 10 75 56 96 73 41 68 86 38 48 45 0 72 33 14 45 9 0 0 158 81 77 0 16 14 58 35 37 78 53 12 46 42 42 0 81 21 148 98 62 0 14 122 113 32 20 58 0 42 68 14 88 0 0 74 36 50 35 46 0 30 41 135 24 81 0 106 90 35 156 107 5 46 32 129 59 134 27 50 44 108 73 64 2 0 24 0 77 84 60 64 28 20 0 0 8 148 100 0 49 75 48 84 24 56 95 51 129 0 12 28 50 35 54 154 16 45 56 0 10 66 77 35 24 27 0 32 152 56 52 59 159 0 49 54 0 98 99 7 0 60 0 130 48 187 65 7 130 71 83 8 68 83 69 0 18 27 28 132 54 20 0 167 24 109 0 136 45 108 48 133 6 39 32 63 0 0 74 16 60 70 235 128 113 6 54 9 14 119 235 36 212 49 14 73 79 165 66 0 75 136 31 12 36 25 56 50 7 53 63 24 55 68 116 114 130 45 0 52
0 0 78 45 175 0 0 45 30 69 24 27 36 68 82 156 76 199 53 161 65 86 151 32 161 174 91 103 192 45 48 183 137 63 104 168 282 97 8 0 91 120 84 4 74 63 24 28 5 2 110 15 50 58 24 128 39 18 71 43 7 63 77 128 69 73 108 45 30 72 91 42 82 44 113 7 44 0 77 96 113 43 88 8 103 0 84 125 56 81 36 107 128 50 99 143 4 25 80 76 102 92 15 124 0 136 89 55 114 63 43 81 0 187 24 80 100 84 141 26 26 91 35 130 0 64 6 22 71 117 39 99 5 110 14 72 6 14 113 24 144 38 122 69 75 0 60 55 93 116 48 107 94 40 180 21 81 15 38 16 24 56 122 144 20 112 79 45 0 0 177 87 40 62 103 13 6 153 106 0 137 19 71 147 36 70 6 6 18 132 162 0 79 321 30 77 56 242 12 74 50 96 140 44 76 21 0 109 10 66 39 8 16 60 189 20 146 129 59 62 160 71 108 42 99 70 41 0 62 6 28 81 11 5 58 64 30 195 19 7 23 3 36 161 65 49 85 85 18 159 8 91 201 24 108 108
55 127 72 39 9 21 82 34 42 34 40 31 126 97 46 104 103 28 48 170 47 33 56 8 24 75 38 140 38 9 21 24 58 57 82 105 108 113 33 91 38 127 203 16 97 93 67 17 55 0 95 128 35 87 24 35 207 60 139 24 0 38 0 30 70 87 64 67 70 45 36 32 45 37 56 20 38 154 22 83 6 124 59 17 80 30 20 12 85 25 0 36 22 50 56 108 8 97 84 73 147 20 0 207 55 99 56 93 44 68 63 135 60 20 45 0 77 46 61 56 26 6 102 104 45 24 100 3 160 43 50 72 20 95 71 40 12 111 20 54 3 103 87 60 58 48 143 34 56 29 6 86 99 35 126 78 168 26 0 18 40 16 110 130 42 100 111 68 92 0 48 152 60 168 52 94 47 55 64 76 48 30 133 52 70 40 7 31 88 0 71 165 72 144 12 16 17 133 70 171 192 118 28 76 118 52 138 67 28 96 20 150 7 60 83 18 43 24 52 2 8 57 44 71 175 125 57 31 102 102 16 180 104 72 79 25 169 171 45 60 84 134 81 76 82 195 78 41 135 164 201 59 32 135 0 40
98 0 82 0 64 10 8 40 40 41 71 112 0 8 25 6 45 36 40 120 72 94 28 21 42 44 38 0 0 96 81 60 62 25 76 33 53 74 0 35 0 0 0 6 99 48 0 142 16 62 33 5 28 105 29 53 149 12 37 20 104 44 6 25 0 84 45 84 20 3 87 107 6 0 63 19 1 18 34 15 28 103 0 20 106 13 40 42 66 24 45 6 86 6 93 262 18 87 24 0 48 34 163 80 114 0 62 137 71 97 16 35 30 20 17 0 45 57 25 41 16 16 132 42 63 127 0 126 18 97 14 0 68 132 47 63 59 60 110 12 29 5 89 81 64 8 109 64 0 87 75 51 40 10 70 45 66 33 67 66 114 40 47 117 119 21 142 37 42 0 20 72 22 50 0 30 69 109 0 76 45 95 30 24 86 0 28 6 25 66 57 6 14 69 124 108 50 129 67 90 30 34 30 95 30 24 76 76 6 2 26 2 26 24 113 54 67 43 56 101 87 128 40 110 52 72 86 19 6 68 0 29 140 122 72 39 55 31 76 44 18 63 81 58 92 5 110 20 139 80 84 0 18 12 2 56
181 73 105 30 80 93 130 35 9 54 59 0 0 92 35 80 96 116 18 173 94 27 71 46 136 37 6 4 39 123 54 31 0 196 53 66 34 11 7 27 64 14 128 21 123 27 36 36 100 8 147 42 56 111 18 129 125 72 244 36 79 9 9 63 7 54 24 0 0 72 122 0 0 81 66 74 12 102 87 76 75 0 63 191 135 180 44 93 102 51 0 153 135 258 189 90 64 40 24 36 0 0 117 78 48 153 159 56 90 138 15 70 45 6 62 68 57 156 54 93 58 54 75 0 236 45 27 54 5 18 0 69 44 202 31 0 62 109 72 0 6 93 72 36 117 55 24 74 54 126 12 72 51 74 9 157 120 87 96 45 0 51 32 30 62 59 96 57 108 22 78 123 23 90 96 75 61 57 81 118 107 90 23 37 70 185 85 30 6 141 9 36 18 89 69 27 149 147 13 164 89 54 78 107 164 46 117 92 9 19 27 77 27 45 18 164 6 17 91 45 70 27 67 119 0 78 98 111 86 144 22 63 99 18 29 108 109 96 69 73 0 150 92 18 62 141 132 34 11 30 84 0 26 125 113 135
131 62 166 174 62 30 60 76 18 98 122 53 63 173 66 169 120 12 112 181 33 106 125 25 90 48 130 27 104 50 55 42 94 24 18 143 47 164 50 81 102 38 85 1 267 7 0 56 79 93 44 0 125 113 91 144 123 37 151 35 48 15 72 184 63 49 91 67 42 90 115 48 36 202 154 127 102 77 39 4 1 15 125 60 104 103 0 78 95 35 40 24 7 41 65 115 0 59 24 63 36 143 101 27 121 31 129 237 79 8 21 162 0 21 66 41 40 91 27 208 20 11 51 30 55 116 43 123 69 134 88 30 59 118 36 124 65 99 6 35 59 133 54 0 119 92 34 64 42 54 24 137 103 77 172 75 115 29 15 89 57 78 28 141 77 10 11 12 95 0 79 119 84 216 159 1 50 84 2 84 96 173 49 50 21 12 160 11 101 76 7 219 186 95 156 125 28 37 32 42 7 103 53 66 12 6 45 121 6 52 108 0 11 8 114 155 110 38 104 98 238 33 130 61 91 0 84 55 166 195 18 89 164 96 88 63 7 319 52 176 53 105 73 85 11 106 30 107 33 23 54 16 206 36 23 165
42 128 45 164 6 25 84 121 15 90 69 59 2 46 0 113 109 64 101 45 91 64 82 107 105 89 93 14 90 27 56 6 97 38 61 132 32 71 98 110 0 18 16 100 86 7 41 81 70 11 110 63 115 56 6 52 195 27 91 92 25 98 115 101 4 8 131 35 43 65 15 122 30 83 179 38 89 213 35 0 68 49 47 7 43 52 307 27 164 76 140 71 35 0 44 117 53 105 24 27 78 192 51 52 147 28 96 37 53 33 84 108 73 9 13 72 133 77 127 153 82 82 105 158 147 23 178 84 86 72 144 105 56 26 62 84 2 61 19 206 36 15 0 39 34 45 48 120 42 0 97 46 120 56 63 35 4 44 0 144 64 173 97 137 137 69 92 35 155 66 49 21 10 0 108 67 80 33 4 107 56 94 8 27 186 0 64 118 143 6 49 104 156 30 3 37 0 35 0 57 0 42 22 77 0 0 0 104 165 72 97 89 15 5 88 13 83 181 34 22 161 58 0 43 3 84 53 56 20 60 60 109 44 116 192 44 5 90 150 85 41 130 75 36 145 32 79 36 0 99 173 6 170 76 30 24
104 14 99 45 40 0 53 0 96 54 66 34 20 12 57 6 32 61 128 104 0 15 190 198 119 10 45 24 120 72 24 60 7 218 50 36 60 102 72 15 18 134 25 24 135 62 17 74 66 76 16 131 155 108 16 83 18 99 36 92 94 54 24 38 62 89 147 57 0 0 45 108 43 0 79 57 77 84 83 104 72 104 66 12 105 90 8 60 72 91 53 93 53 90 109 28 3 24 53 90 48 27 118 58 28 90 3 162 78 24 24 0 51 56 58 28 0 151 4 128 24 141 75 84 2 129 35 0 116 36 66 48 30 0 18 59 18 56 95 109 45 150 134 32 42 76 57 69 26 24 0 129 30 20 8 27 94 57 167 14 30 122 51 6 10 30 60 38 105 29 28 167 56 12 72 65 62 48 115 48 55 0 120 75 72 63 16 0 0 82 77 29 120 0 44 55 77 113 36 108 49 140 63 99 81 15 38 39 54 34 62 0 57 108 146 56 63 125 77 199 66 40 18 69 46 123 126 18 119 112 58 99 98 81 76 0 32 13 5 179 12 123 200 64 32 31 102 30 27 68 108 172 108 3 117 54
20 12 139 81 39 85 149 4 0 88 0 82 0 96 24 97 16 73 130 83 125 78 22 0 63 66 136 155 48 0 63 90 136 29 43 69 79 18 80 102 28 0 27 168 34 128 139 91 0 112 69 117 64 30 106 77 242 24 138 28 98 101 52 69 24 104 150 70 24 84 15 57 30 15 81 79 45 153 52 114 37 184 87 115 109 97 106 25 151 34 18 60 30 155 56 109 42 93 0 64 130 102 46 118 87 21 158 28 62 44 16 10 79 27 105 73 91 74 86 25 24 83 20 70 110 50 89 45 84 0 16 34 40 0 50 87 34 42 0 64 21 35 109 27 66 8 59 63 52 56 4 47 96 92 178 63 138 20 54 34 3 103 55 110 83 41 46 38 149 1 75 38 20 86 62 133 66 146 28 40 59 146 104 61 40 54 102 54 0 50 63 78 10 60 78 104 13 97 6 12 142 70 45 80 18 40 120 69 80 51 95 50 8 0 98 26 48 71 81 48 131 169 58 71 106 0 14 18 18 32 48 107 131 17 82 105 102 152 34 54 82 9 23 25 23 117 151 52 0 98 76 2 24 45 21 104
78 24 60 88 118 32 0 40 0 102 68 92 51 56 63 83 90 8 7 72 0 0 64 0 45 0 14 80 36 101 81 54 54 42 52 54 60 158 12 21 57 44 0 32 0 42 69 164 16 36 6 71 26 0 25 48 89 36 48 77 155 44 43 120 40 78 76 0 56 81 36 16 36 37 51 139 15 82 6 0 127 98 137 4 140 9 240 0 44 36 4 44 48 8 83 136 0 48 0 0 4 138 32 87 14 48 74 36 35 46 80 28 8 109 18 116 82 185 0 50 52 0 187 32 98 21 38 52 56 0 44 36 49 42 49 27 101 24 8 38 80 17 92 0 42 6 129 33 54 140 67 0 63 16 48 154 89 16 49 12 110 89 154 87 54 74 17 20 35 28 0 49 0 130 0 36 8 42 157 147 6 154 54 43 0 54 0 46 28 72 24 16 0 149 42 16 71 99 12 21 92 0 49 112 8 14 200 126 58 12 0 9 58 42 50 107 36 30 85 2 95 42 0 112 12 42 90 0 0 52 0 148 52 37 56 151 82 48 49 2 0 60 53 90 36 3 71 0 0 86 17 40 30 8 0 38
17 215 166 94 98 88 161 121 42 149 43 38 36 22 99 241 141 17 85 292 54 97 21 105 65 68 81 85 49 49 137 132 113 91 59 4 50 126 76 150 34 41 107 0 48 51 214 139 0 8 105 125 97 144 127 56 52 19 0 72 124 121 50 114 60 79 146 140 63 79 27 84 18 108 234 14 69 83 195 0 55 72 128 89 0 63 54 92 54 69 65 58 17 141 138 114 0 87 72 27 46 56 121 64 62 120 41 97 18 32 6 34 107 11 2 87 27 90 69 50 129 18 44 64 238 35 121 10 20 5 75 35 101 161 8 160 46 83 109 90 73 42 96 100 18 28 1 193 194 63 48 207 73 0 128 129 26 93 20 48 70 27 114 183 64 20 43 49 155 0 247 161 2 102 30 46 79 35 101 24 165 254 56 0 77 103 18 66 67 27 169 141 210 72 36 57 144 108 35 89 9 129 63 170 14 28 249 118 0 82 27 145 57 12 0 86 105 82 30 45 128 89 9 72 13 40 219 185 115 0 10 103 48 19 3 26 93 138 194 134 81 202 194 214 141 219 133 0 53 170 93 89 27 126 6 0
63 0 0 88 0 8 78 28 0 21 0 0 8 52 55 45 0 22 52 0 0 24 85 64 78 2 1 0 0 59 6 5 0 138 17 37 83 18 8 0 8 0 77 0 56 0 107 26 76 0 20 105 12 59 30 40 117 0 20 81 2 7 1 73 0 42 72 0 0 16 18 64 60 16 12 154 14 0 7 8 77 38 3 0 20 36 55 12 31 102 0 114 1 0 6 0 0 0 3 0 48 6 18 65 25 68 10 22 48 0 29 75 0 0 0 72 101 30 7 7 34 12 42 40 8 72 6 0 54 84 0 69 18 45 9 6 28 85 6 22 78 0 15 64 24 3 82 36 63 0 5 26 48 53 24 24 30 0 14 11 5 0 63 0 40 8 0 2 0 62 25 35 20 0 0 25 0 0 0 0 70 11 94 36 92 6 0 35 7 0 2 34 6 25 39 8 25 18 79 73 45 100 0 20 0 4 0 143 3 9 0 74 22 54 90 7 24 52 30 8 0 45 0 18 39 70 5 0 20 3 91 0 15 15 48 86 40 62 33 70 4 42 30 0 15 55 13 104 6 110 0 0 30 16 119 16
95 51 90 38 0 59 53 60 22 50 67 44 53 16 36 77 75 48 0 80 142 0 7 10 90 84 64 82 37 42 118 18 109 51 32 0 65 182 21 42 0 48 70 42 16 43 62 71 63 45 112 169 165 108 78 126 42 94 0 139 54 41 1 88 77 103 37 8 0 4 135 20 45 28 59 0 0 72 117 18 8 42 10 27 105 50 80 142 23 41 121 9 68 66 36 58 36 45 12 50 28 106 0 58 48 41 59 108 60 31 30 75 72 102 38 46 36 70 56 24 144 27 90 69 49 85 23 43 46 135 0 39 6 125 0 2 62 126 38 18 83 113 108 104 75 12 52 36 12 9 110 84 64 31 86 140 10 9 41 49 36 76 12 101 68 19 8 18 114 6 82 96 9 38 0 85 48 75 159 83 9 80 54 116 108 75 12 57 172 3 18 44 99 58 50 48 40 43 8 60 83 0 63 114 61 79 70 75 0 46 115 40 43 18 95 60 14 135 5 23 92 47 0 62 0 76 24 140 55 114 61 122 7 52 24 24 103 39 71 174 127 83 154 52 103 204 145 69 75 81 62 55 108 163 63 37
54 85 105 98 41 19 117 252 29 80 69 11 20 63 0 98 36 30 125 98 48 9 70 63 103 123 79 79 45 69 104 0 71 43 99 76 51 35 96 40 42 143 137 95 60 4 93 23 48 101 157 45 49 139 143 100 36 12 44 141 165 124 49 118 21 114 48 51 109 100 50 127 0 63 0 136 56 112 54 25 27 76 130 70 123 110 72 165 112 39 35 34 0 20 54 156 13 16 14 87 28 141 54 79 101 122 41 96 42 113 0 195 0 30 106 115 34 21 50 82 94 81 153 152 137 58 10 0 45 62 22 30 75 83 103 113 0 96 55 187 27 70 152 9 103 20 31 88 56 72 12 125 119 30 56 101 61 28 165 128 159 0 56 228 56 139 33 22 105 53 76 8 14 45 30 109 55 115 123 30 188 283 106 42 43 6 23 0 69 24 114 155 78 1 157 128 112 63 0 50 112 54 55 177 131 6 150 236 4 110 98 10 44 87 133 150 76 104 76 118 115 50 41 36 99 16 54 76 90 8 21 108 46 100 14 56 185 124 140 128 113 112 149 62 77 75 154 49 0 26 99 115 220 100 128 141
20 108 72 0 18 64 71 81 60 94 9 21 78 0 113 40 15 16 0 102 44 32 136 0 76 9 20 12 84 48 0 87 38 177 138 0 50 54 15 63 41 70 56 0 42 1 0 33 0 0 97 0 13 63 36 56 3 63 1 52 62 117 32 35 84 148 7 42 0 48 137 25 99 0 68 3 28 63 87 74 52 29 115 62 120 0 103 37 56 0 10 88 9 24 81 0 4 14 72 16 45 46 16 39 35 30 35 84 55 40 0 62 20 46 0 95 56 86 36 0 0 35 33 79 63 8 31 7 0 0 0 0 4 23 12 99 0 84 0 0 102 0 18 71 36 0 0 57 36 84 182 39 48 0 0 20 166 64 82 48 43 16 81 0 50 42 3 35 151 42 56 0 12 69 0 43 40 63 246 20 37 7 64 0 40 48 0 0 0 0 75 3 68 59 24 0 51 90 0 39 64 63 0 30 99 4 18 32 27 6 86 0 0 29 14 63 27 48 12 28 78 0 0 0 35 32 30 32 0 192 7 3 7 0 0 0 81 0 39 130 35 21 19 17 29 15 84 0 0 70 16 18 36 66 0 56
19 96 160 40 21 54 57 62 0 82 27 50 31 14 97 0 110 36 60 121 35 16 21 32 64 82 6 0 48 34 0 73 116 89 96 8 66 207 76 63 16 70 51 55 35 0 25 40 14 36 41 112 79 87 32 24 123 27 9 0 18 75 48 48 71 108 64 128 0 62 5 3 24 91 38 16 7 29 0 2 21 27 164 28 10 0 45 102 48 35 11 43 6 163 133 70 10 102 0 87 83 0 43 92 15 21 36 16 32 79 3 18 117 51 56 94 110 6 62 0 24 34 44 80 73 42 49 11 78 54 4 161 0 128 54 117 39 36 0 15 134 3 38 103 47 79 150 13 68 35 24 64 93 83 36 129 97 12 25 0 8 15 212 149 37 56 65 66 91 38 42 117 60 36 0 32 48 40 27 79 153 96 164 24 87 120 0 0 38 35 239 15 36 35 24 47 85 15 2 64 39 58 16 9 8 38 106 85 26 51 63 87 0 15 0 75 72 62 86 31 104 73 40 102 170 77 10 66 92 85 18 72 83 32 48 0 103 171 0 10 84 63 131 72 9 66 31 64 81 18 56 61 30 23 125 24
135 151 105 49 0 0 0 24 35 55 10 48 30 85 87 156 67 65 48 43 41 15 31 51 125 51 95 70 26 28 47 66 105 15 141 80 84 71 87 96 63 3 50 14 24 134 0 48 105 34 75 63 59 63 14 40 0 137 28 24 0 166 36 101 0 0 81 102 58 98 103 63 25 21 91 0 66 148 12 44 26 86 50 19 12 80 64 0 0 6 27 6 34 98 31 94 115 24 0 0 0 32 55 137 0 30 18 115 103 17 10 39 68 165 0 71 40 14 36 101 38 34 55 56 15 12 36 4 48 85 0 54 105 52 54 22 107 114 22 67 120 56 82 10 41 48 41 107 62 77 33 60 58 115 40 24 147 0 38 36 36 112 64 12 63 66 94 6 0 7 45 28 86 63 0 119 24 72 157 24 0 48 0 112 18 42 42 0 48 81 7 78 131 47 67 54 89 102 0 60 100 0 49 144 60 56 90 28 0 85 98 26 28 68 108 86 43 0 71 44 183 82 57 61 15 60 84 82 27 70 36 0 69 0 49 36 6 12 54 87 140 112 24 70 12 81 72 42 75 84 65 0 118 27 75 57
28 36 89 65 21 79 241 92 0 95 61 173 0 13 0 171 31 47 127 40 122 20 71 13 35 40 3 63 0 117 14 185 167 20 111 110 143 143 65 34 33 85 42 12 63 70 0 145 33 57 90 137 149 110 47 10 178 82 9 46 96 86 4 134 0 32 80 131 6 95 45 96 51 81 90 24 36 51 60 12 73 51 91 106 125 30 24 27 35 37 7 81 105 206 121 75 50 27 39 111 5 69 114 84 71 194 81 49 1 35 27 20 60 66 52 42 42 73 41 114 48 31 35 128 91 54 32 56 50 0 0 82 101 30 59 204 150 152 63 8 56 71 204 0 192 40 70 69 84 15 36 173 36 34 118 20 72 89 200 3 40 65 39 29 89 108 149 51 10 0 27 131 5 170 12 0 139 122 24 174 27 78 153 68 0 18 97 21 115 27 65 0 214 39 91 91 102 22 0 44 54 38 96 75 32 113 73 87 6 0 54 75 0 35 62 49 193 37 194 44 66 97 1 51 61 130 93 93 66 114 0 10 38 81 96 48 27 110 69 53 72 150 72 6 155 57 20 52 36 72 81 10 107 36 42 49
45 40 0 5 42 52 32 4 6 54 90 67 0 169 52 48 99 42 36 72 48 3 66 84 77 63 0 48 40 12 6 0 28 29 45 5 54 59 38 33 0 0 60 20 45 30 20 32 45 72 0 45 143 5 0 18 101 0 30 0 64 35 90 0 15 75 36 0 47 0 48 72 0 36 24 76 12 154 64 34 0 20 130 42 0 64 69 7 4 6 0 28 67 1 30 87 40 80 59 40 73 18 112 42 45 85 18 0 10 46 36 6 45 0 25 68 141 90 11 55 29 72 94 0 12 6 54 60 92 45 15 0 56 33 73 112 0 111 6 30 48 0 26 46 62 36 128 20 72 185 28 0 54 159 84 9 24 6 69 18 129 6 125 0 88 50 78 12 69 30 56 36 0 55 24 0 0 0 42 79 0 165 30 6 39 32 14 52 45 2 50 142 81 40 54 0 71 105 0 77 32 66 72 81 30 105 81 0 34 52 0 54 0 40 0 46 99 0 89 28 61 60 25 30 54 16 110 36 1 38 29 121 52 82 38 30 187 52 0 48 0 6 32 116 6 120 124 0 105 30 42 15 12 36 0 74
48 76 129 56 72 23 57 0 201 41 158 40 35 79 43 96 3 23 117 0 0 36 91 9 123 49 11 16 19 0 39 50 60 72 94 14 63 143 3 34 42 70 64 0 64 107 5 42 48 32 20 4 76 36 0 0 69 16 0 18 63 0 5 60 71 103 39 48 0 0 4 14 30 8 156 70 31 87 54 46 6 47 128 80 54 39 63 0 106 80 20 0 43 6 8 81 94 81 0 0 63 42 47 75 18 49 7 37 18 51 27 24 0 138 45 108 30 73 35 85 69 77 130 0 33 21 5 23 36 45 105 117 60 83 54 16 14 46 7 72 126 93 9 29 24 62 63 24 45 114 104 58 4 41 0 75 88 6 63 36 0 104 43 72 36 24 84 0 0 0 64 80 69 45 90 7 0 26 150 6 50 0 135 50 0 86 66 6 78 102 24 16 6 0 62 76 40 84 37 27 49 94 12 65 9 28 56 40 36 104 0 34 68 139 6 132 72 0 68 23 20 12 9 4 0 67 29 27 9 131 34 81 41 108 127 0 16 58 78 46 0 172 93 13 33 44 25 66 42 30 50 35 15 54 0 0
56 15 200 56 49 8 147 80 126 9 118 0 57 81 18 161 72 58 34 83 107 28 50 0 72 30 112 93 27 45 92 20 33 88 56 0 48 94 104 0 0 128 80 0 28 8 0 6 49 49 96 51 2 105 18 36 56 81 120 5 58 69 35 131 59 138 125 118 0 5 8 5 90 32 65 13 79 18 75 16 18 94 86 127 12 66 42 54 226 42 116 130 10 95 31 27 104 151 0 70 84 11 56 130 49 100 30 45 107 8 46 32 178 45 106 5 21 27 49 7 15 82 68 56 264 0 37 0 37 0 9 49 8 37 111 156 22 146 6 204 75 0 59 66 14 63 67 120 100 36 89 56 57 0 95 68 44 54 74 81 32 75 68 70 77 49 42 19 48 42 68 49 23 137 6 158 80 188 119 66 118 2 52 57 36 0 35 0 60 65 149 101 73 57 7 171 16 28 61 86 56 98 0 62 7 35 6 71 0 2 2 91 15 0 50 38 67 95 185 102 54 120 0 27 104 169 30 130 86 21 14 45 21 65 64 21 33 9 109 62 29 116 14 9 158 134 100 76 0 148 106 54 147 122 66 28
180 82 32 16 33 10 146 12 42 61 0 56 75 161 127 87 44 30 62 28 143 66 4 75 42 55 79 190 38 95 12 0 165 4 111 77 107 89 74 132 60 56 94 171 66 0 126 56 65 80 42 91 3 63 84 15 174 24 56 72 129 143 67 72 78 40 51 20 48 82 84 72 46 100 94 69 43 104 78 72 30 56 48 3 10 27 24 21 44 0 101 75 0 137 20 24 32 40 33 20 32 41 66 171 54 27 102 24 73 34 72 79 6 0 165 45 39 14 58 89 72 16 49 1 127 74 73 153 30 54 25 87 0 36 107 16 75 133 78 125 56 134 81 63 43 39 50 8 102 48 43 20 98 31 104 36 65 0 14 38 88 10 142 42 88 37 82 57 136 0 113 21 102 105 38 37 79 186 14 107 64 28 55 48 79 90 107 141 50 111 4 167 89 69 58 129 113 52 31 99 118 77 50 37 9 86 132 1 126 128 32 23 7 18 99 92 66 39 125 152 181 44 60 41 53 35 124 16 70 114 66 88 93 155 64 80 158 40 54 14 102 18 108 96 106 68 76 35 5 172 129 8 53 100 33 100
106 0 218 156 43 21 0 47 145 42 2 110 67 157 144 69 24 74 69 73 96 24 183 4 235 7 20 24 155 212 18 74 38 201 81 50 67 72 120 48 81 79 95 40 135 72 90 68 220 40 111 129 29 22 52 27 9 0 156 156 99 60 26 340 72 84 54 63 0 8 72 26 108 52 30 90 47 86 223 16 75 108 124 96 36 91 34 50 28 167 0 66 137 70 241 71 188 95 54 94 33 18 0 0 114 158 37 77 28 171 14 16 63 159 141 137 129 97 48 54 56 141 23 71 108 51 22 0 6 72 7 73 64 128 49 113 31 169 27 149 42 83 15 4 14 70 72 32 54 64 100 0 18 117 110 59 49 128 70 153 37 27 84 110 55 81 38 42 86 62 28 76 49 120 35 52 83 43 176 127 167 63 117 131 9 188 79 51 16 99 38 96 9 5 104 44 84 174 150 99 74 56 20 30 159 72 33 149 39 6 54 18 26 160 24 102 10 121 118 114 94 39 1 139 82 134 32 179 22 123 32 141 19 36 27 103 65 202 199 163 52 151 29 27 101 117 98 18 0 216 56 26 32 64 77 0
36 0 103 41 18 96 0 0 3 63 3 0 28 52 0 156 1 20 92 0 72 0 7 65 81 0 21 5 2 0 43 0 226 43 10 50 8 117 45 0 0 12 10 0 0 10 0 92 6 36 24 59 54 42 7 22 73 0 56 102 108 0 8 16 7 24 138 40 26 21 0 64 0 169 16 2 24 61 10 15 0 0 7 0 32 37 24 25 33 24 0 48 40 54 21 63 42 0 0 27 60 35 46 8 15 52 78 61 47 57 21 32 72 9 72 0 0 89 49 92 56 0 96 0 76 15 46 114 13 0 0 138 15 56 104 64 0 70 0 15 32 27 0 0 0 4 0 34 0 21 12 40 0 119 64 75 80 50 0 37 26 0 0 91 67 12 137 0 10 0 45 64 0 131 25 0 0 56 0 0 27 66 56 67 54 0 29 72 67 60 0 78 0 5 0 37 89 0 72 0 0 0 11 0 0 70 9 68 102 63 24 24 90 64 61 18 70 0 110 71 112 48 0 32 0 0 0 28 5 64 56 219 41 95 53 28 28 76 61 8 112 97 36 21 40 28 66 63 0 0 12 0 28 22 0 24
10 90 22 40 21 0 18 2 48 107 27 0 0 0 99 0 30 20 0 30 48 0 30 0 0 87 74 15 59 60 0 57 36 0 15 0 45 6 9 105 30 52 6 0 81 58 0 32 18 26 28 90 4 27 0 8 0 12 15 4 16 0 72 18 25 36 37 0 52 0 66 12 69 35 60 16 50 12 58 70 0 43 8 74 119 33 76 0 81 91 0 14 0 62 0 72 2 0 84 0 0 15 9 117 31 36 39 62 20 0 53 8 64 24 17 65 44 24 8 60 0 9 6 24 10 93 76 157 12 0 40 40 9 0 20 69 0 14 0 35 44 0 6 27 36 0 21 18 10 78 16 42 31 20 18 30 59 0 5 16 15 58 0 0 49 43 51 53 68 0 59 70 48 0 68 15 82 72 56 83 0 3 0 12 38 0 36 42 12 84 0 0 36 72 0 43 69 12 42 0 64 41 20 72 16 2 0 98 28 32 6 20 0 84 6 10 62 10 48 36 76 15 72 25 39 63 30 0 100 0 0 0 39 50 88 5 130 4 6 4 82 0 6 51 12 25 45 4 40 65 12 18 49 60 42 0
58 33 24 179 14 90 56 40 49 90 66 71 97 54 4 0 101 18 37 32 54 0 121 128 75 6 0 0 76 18 0 0 113 12 72 114 67 126 8 42 32 24 0 57 52 24 12 82 16 18 39 40 59 12 0 0 171 112 90 24 0 96 140 84 0 54 121 0 16 24 9 0 12 79 22 94 13 80 65 0 67 44 18 64 66 88 164 63 72 4 60 105 20 128 66 91 54 98 27 74 2 207 9 40 25 68 190 40 160 83 0 70 61 0 15 0 122 179 41 141 52 36 78 40 55 6 52 7 27 145 59 0 54 60 90 25 53 85 0 34 58 54 4 100 0 4 91 21 8 79 53 9 36 45 64 79 23 12 122 8 96 9 111 48 108 24 134 20 42 86 102 77 0 87 135 8 0 16 78 94 55 0 70 50 82 114 90 12 129 75 122 0 35 99 104 88 57 0 86 40 16 58 0 103 27 36 64 14 132 64 33 32 9 38 89 71 18 19 73 12 209 10 99 123 88 97 0 78 16 109 90 84 28 78 127 72 74 181 76 62 5 109 87 82 20 94 56 54 72 0 18 0 89 176 14 32
117 70 150 32 77 0 63 0 48 103 215 129 0 50 0 0 98 14 122 35 63 24 99 39 0 42 152 97 50 54 28 221 82 68 115 0 154 80 0 79 72 45 65 6 0 36 36 0 60 88 64 0 27 39 0 71 86 72 0 13 72 78 0 16 18 12 72 72 87 0 79 49 60 0 72 18 9 191 114 64 18 60 84 46 50 0 54 40 82 18 24 81 44 135 159 57 27 100 48 63 0 31 54 70 48 0 21 41 109 92 73 62 0 195 62 6 24 137 65 72 29 0 84 55 118 104 27 16 99 25 117 8 54 188 36 40 159 69 72 89 112 36 113 63 154 30 81 90 110 0 39 96 14 63 192 40 81 0 88 25 48 6 0 54 107 52 78 30 96 24 45 138 12 79 24 45 40 0 49 3 75 221 5 57 113 77 42 0 40 171 87 48 66 46 95 190 125 67 74 144 99 119 12 30 21 15 112 65 0 75 22 38 11 68 54 65 23 157 60 90 42 174 54 42 25 87 15 18 173 54 54 82 99 109 45 0 70 52 84 48 0 119 30 86 34 0 34 43 76 56 201 115 82 0 63 0
16 0 74 116 4 18 145 133 48 92 42 90 0 14 0 80 71 43 32 66 87 6 56 4 110 12 51 244 44 155 14 73 58 64 12 32 87 40 18 117 8 50 68 104 61 16 129 16 112 64 30 95 79 63 8 0 7 30 32 84 35 0 32 112 0 12 24 0 64 72 95 0 52 12 110 119 0 27 136 56 16 35 18 18 42 6 43 40 16 42 126 63 0 72 40 106 0 35 21 12 0 111 0 0 132 40 118 0 40 0 84 102 8 117 32 71 72 57 125 28 120 68 42 18 46 126 72 38 140 27 35 36 0 63 8 0 0 64 54 44 71 89 36 53 77 14 65 42 0 64 27 4 98 70 0 0 54 0 52 28 0 78 111 20 109 35 8 70 28 0 115 103 9 0 54 9 63 69 54 63 42 56 56 28 0 27 72 84 16 0 43 102 72 34 54 48 86 0 0 92 68 41 27 88 41 0 80 75 0 0 28 0 15 0 193 72 66 105 124 52 20 0 16 9 7 65 62 64 40 18 0 10 15 89 24 36 109 76 79 8 89 40 133 7 81 0 0 28 56 73 10 42 140 79 23 63
8 7 45 18 34 58 128 6 12 30 48 108 10 74 70 79 101 127 156 148 42 66 83 140 108 72 22 55 148 30 78 84 196 84 20 36 205 32 125 63 81 61 55 141 247 84 55 96 59 114 79 28 223 110 60 45 36 60 100 20 36 35 134 64 112 165 44 86 27 24 186 40 79 64 174 83 29 28 108 12 76 80 110 109 167 63 88 46 78 110 88 58 49 75 36 159 0 29 19 9 60 22 68 31 24 45 134 79 18 75 0 103 32 40 28 26 57 57 134 46 74 2 122 21 59 64 134 52 18 84 55 30 94 42 21 90 2 109 18 14 61 20 134 40 100 35 68 46 92 77 99 94 37 67 51 72 88 80 189 26 78 87 30 36 13 4 52 73 47 50 66 95 19 103 91 26 81 82 0 122 122 189 175 36 114 51 80 7 36 53 63 56 99 117 10 64 153 87 30 96 74 109 49 174 12 19 66 126 77 38 165 64 16 25 116 64 80 40 146 216 92 36 60 22 116 33 123 0 77 136 8 32 102 84 52 6 110 145 61 206 24 47 111 29 0 102 145 164 37 16 41 85 119 14 78 12
0 68 90 0 45 0 60 23 44 35 39 130 0 45 130 203 112 65 0 85 66 53 18 12 0 39 43 39 125 81 54 42 52 38 91 117 40 139 21 0 30 8 119 9 117 70 47 0 4 40 108 63 48 52 8 41 51 81 107 28 78 55 14 92 66 5 56 52 7 8 53 38 0 107 2 55 94 15 102 36 8 0 44 70 40 42 0 42 119 45 18 57 53 20 177 36 56 76 8 103 7 14 0 36 32 100 16 69 30 13 63 49 4 27 186 11 56 12 3 58 0 57 29 21 64 0 30 0 41 63 31 0 49 16 21 59 7 14 10 56 52 72 49 0 80 26 33 8 0 27 4 18 0 0 154 84 0 36 93 12 3 12 115 55 45 27 8 16 31 12 131 67 4 85 16 116 14 78 117 5 58 39 0 80 34 7 49 27 15 0 61 25 49 198 73 44 5 101 8 36 12 56 31 42 28 0 54 28 0 34 4 2 52 36 18 88 106 7 70 1 114 77 32 2 14 32 33 12 125 18 137 175 81 16 56 5 124 99 7 123 55 17 24 45 91 214 85 0 0 160 45 30 7 84 15 5
39 5 81 72 153 71 58 53 32 18 53 21 109 97 91 154 69 32 1 160 13 72 102 124 16 25 64 182 77 86 36 15 84 94 117 23 32 102 121 101 146 43 53 19 68 18 120 12 109 72 56 48 68 72 32 8 219 83 0 0 73 78 28 34 44 238 71 141 123 25 85 113 24 63 114 95 52 143 61 16 143 54 75 11 4 99 85 0 134 73 18 6 63 43 22 72 0 55 135 9 40 27 115 198 27 32 23 132 51 141 93 139 95 35 9 237 65 166 41 48 24 52 102 24 128 30 160 116 66 0 74 76 66 44 167 46 40 80 58 51 49 75 4 7 179 58 61 56 44 72 50 31 93 59 54 74 90 14 36 101 35 5 85 48 96 90 146 31 15 36 226 38 54 41 79 44 6 99 146 78 159 153 30 120 75 60 9 0 57 54 70 67 14 88 54 16 128 81 0 87 24 109 206 135 144 84 84 96 6 157 24 182 54 72 108 70 94 103 116 97 60 95 99 96 0 114 101 79 66 138 15 189 105 129 72 13 116 54 41 15 122 125 99 12 107 97 170 138 54 249 118 86 18 74 110 89
8 56 37 53 82 51 78 39 60 44 140 105 6 5 35 104 248 40 90 144 22 32 147 24 86 40 59 77 40 8 0 24 42 108 0 58 63 28 131 108 41 130 104 74 0 32 75 11 0 68 176 50 121 16 98 0 29 24 66 12 53 109 82 76 79 120 0 63 38 49 18 12 54 0 117 49 54 78 17 0 13 33 55 0 8 7 158 96 145 126 136 0 103 118 0 56 13 50 49 51 88 89 117 35 90 1 145 7 5 79 221 158 84 133 60 49 70 133 0 98 28 38 31 104 115 177 93 107 37 0 86 93 60 49 33 16 43 156 40 89 3 68 81 0 60 127 30 49 101 10 33 111 107 6 24 50 116 65 73 0 47 29 140 118 30 8 48 24 3 0 7 102 8 62 114 131 28 79 233 72 97 71 82 44 0 15 69 92 72 35 67 9 95 103 8 144 14 65 8 23 83 12 32 178 144 75 61 85 5 67 16 0 12 9 101 61 0 162 70 170 80 3 24 37 64 65 28 63 87 75 0 138 77 178 36 20 96 123 68 41 12 24 142 90 5 92 69 47 40 117 135 169 81 62 52 9
27 0 10 67 13 112 72 0 4 70 6 0 48 53 36 155 8 46 28 51 157 39 18 143 2 140 42 72 6 6 130 40 182 45 0 10 0 16 111 28 12 0 5 62 48 0 73 181 0 145 57 32 21 36 60 81 127 42 0 0 99 0 20 0 0 42 49 35 0 92 4 6 42 89 59 117 18 35 62 0 22 14 15 2 91 36 63 0 21 84 5 3 15 45 18 51 25 0 50 2 13 56 30 28 89 83 63 15 42 21 10 3 67 0 78 57 50 8 72 3 94 36 13 42 23 24 116 119 42 6 51 107 4 60 12 67 26 4 0 42 111 48 23 38 71 0 40 118 74 28 35 30 2 148 64 39 0 15 16 48 102 36 33 57 86 24 107 68 72 0 190 29 0 94 72 18 64 101 30 88 132 21 0 104 97 40 3 132 0 81 36 127 0 72 54 55 81 28 45 78 15 43 51 54 4 79 27 93 54 99 12 42 12 2 0 22 29 7 64 93 29 48 27 0 57 0 107 18 24 88 0 91 127 117 135 0 34 15 84 54 0 24 0 87 93 18 121 9 9 25 117 16 61 0 0 9
120 72 190 68 36 48 93 27 9 79 79 86 113 180 152 60 39 42 36 126 0 49 64 59 35 96 55 42 93 99 40 36 18 87 66 22 26 78 42 154 93 68 19 36 53 5 117 30 99 26 78 83 0 0 16 60 42 139 23 33 85 130 87 145 0 32 45 60 34 6 0 12 39 29 94 55 60 210 90 46 142 48 167 35 87 6 52 45 0 115 8 18 71 117 87 18 58 36 31 52 36 65 80 47 0 155 9 41 30 56 73 4 2 22 21 46 88 102 19 6 85 40 66 124 193 72 11 18 0 111 123 53 8 0 6 143 36 64 0 4 130 64 42 39 66 35 6 116 152 30 28 66 76 74 49 63 52 84 96 41 36 42 87 100 0 48 139 35 132 0 35 2 8 52 7 45 28 81 27 32 26 28 0 76 57 7 4 81 24 72 92 0 133 39 2 70 36 91 18 28 44 47 12 72 76 0 18 165 22 0 6 40 63 165 57 96 20 97 89 24 32 0 140 0 9 51 119 0 24 25 48 8 16 72 4 72 43 99 68 66 39 96 93 94 100 0 89 75 0 110 66 10 3 144 66 16
18 34 122 228 96 114 65 129 6 84 55 45 69 28 108 121 35 34 45 0 45 0 93 34 12 115 9 89 27 35 0 6 34 30 85 91 56 165 0 127 21 33 96 97 142 94 53 66 85 25 40 16 107 0 104 88 45 95 24 9 3 63 93 40 8 83 40 18 0 96 16 119 13 40 23 190 3 68 35 12 8 49 112 4 137 38 144 64 56 77 9 60 74 86 85 250 21 5 141 27 8 27 61 54 102 153 92 20 30 149 40 18 0 49 94 70 51 33 38 0 84 77 110 63 65 136 56 115 12 45 32 97 24 81 56 0 0 37 0 88 108 42 96 16 14 20 71 46 21 14 142 99 52 32 66 112 60 28 97 99 48 12 0 45 18 16 209 14 96 0 107 54 51 9 51 42 66 65 18 72 99 24 121 135 72 0 32 15 0 117 109 41 121 149 16 26 163 31 65 30 63 45 126 141 100 106 160 117 0 75 0 53 0 36 36 82 3 45 68 55 134 18 132 15 10 84 10 6 103 7 10 0 24 149 102 24 93 56 27 24 55 150 117 51 54 0 0 35 27 64 73 87 0 0 0 0
37 84 0 60 81 32 1 40 39 153 46 6 30 112 10 139 146 20 98 120 62 101 117 9 100 18 113 39 74 12 18 74 68 53 12 16 34 129 106 45 62 24 70 62 67 0 79 8 17 3 64 8 0 0 15 59 54 22 60 63 94 36 57 270 90 27 84 0 18 9 57 67 22 28 159 54 2 67 6 39 60 62 9 65 66 0 57 44 84 82 56 0 56 86 102 134 16 73 90 0 92 36 80 0 20 0 0 26 20 37 3 12 36 133 36 3 112 200 5 68 7 61 193 34 13 88 75 54 52 14 66 72 27 90 36 12 58 142 16 107 67 64 8 72 40 0 58 56 45 43 87 88 60 54 97 149 122 72 70 65 72 145 62 66 49 22 67 92 37 3 102 55 33 39 57 33 21 16 99 121 34 83 42 9 60 127 76 21 70 94 151 0 78 37 62 50 109 118 32 57 66 138 24 46 18 78 89 68 0 88 32 0 33 7 77 7 137 49 9 45 126 0 45 49 23 0 73 50 188 6 159 129 32 157 30 45 0 213 51 8 33 89 93 60 0 40 32 42 0 98 0 0 96 44 21 30
18 62 81 74 86 33 52 51 155 111 41 104 39 55 10 80 38 27 43 117 25 56 120 95 108 4 10 146 126 82 9 31 78 144 156 24 83 146 36 50 64 40 101 106 267 105 101 53 202 37 75 30 91 9 6 75 83 4 57 108 59 166 72 143 99 240 99 203 104 53 27 120 103 132 79 45 37 21 179 89 48 19 74 36 79 36 118 73 0 64 0 93 18 0 116 31 79 94 27 48 44 8 3 75 159 42 45 103 90 109 88 59 18 22 133 114 130 145 123 98 55 50 36 92 41 137 49 42 89 0 54 18 72 6 69 53 34 78 17 52 109 66 77 127 149 4 15 32 2 48 30 35 85 103 47 17 14 63 94 40 51 10 93 128 34 4 56 63 0 72 109 94 64 56 6 4 16 48 87 96 34 33 171 142 46 102 63 24 44 63 71 36 112 61 18 50 0 2 116 21 16 44 25 49 50 0 64 92 60 63 42 28 42 86 163 35 60 55 166 61 156 73 27 53 28 188 46 3 154 30 44 57 49 42 52 5 102 168 185 45 33 132 23 0 95 121 65 131 40 173 48 85 60 144 121 77
97 64 56 98 0 71 116 28 61 20 111 18 42 92 45 110 138 33 16 51 105 0 133 7 56 75 76 180 12 79 0 73 0 52 164 0 65 74 64 12 91 76 128 25 75 35 28 34 32 0 25 2 11 7 42 0 108 99 103 42 45 130 85 43 53 62 27 179 24 60 46 75 11 42 87 19 32 40 105 22 58 44 21 147 103 84 0 71 137 21 0 149 0 120 5 18 113 105 27 36 42 16 0 86 114 112 102 19 155 0 59 64 36 63 30 9 42 72 109 46 8 72 32 77 137 0 66 14 42 70 35 91 66 109 158 12 89 61 60 63 83 55 18 0 114 48 124 35 36 31 106 90 129 11 45 168 118 6 12 74 58 11 98 44 55 67 20 9 100 4 158 21 90 68 54 87 45 138 0 0 35 63 51 0 0 54 49 30 21 110 69 83 63 49 91 72 72 48 0 135 36 128 58 52 70 20 0 75 0 124 92 70 4 86 95 48 99 122 99 56 164 21 84 45 76 131 39 52 36 54 18 63 52 29 59 78 116 55 167 13 41 60 34 72 76 180 117 99 12 106 122 68 16 111 64 43
80 16 76 76 6 63 152 36 172 93 113 33 4 27 43 158 170 28 0 94 76 15 136 128 139 26 84 120 77 168 74 58 134 28 50 62 90 98 3 83 10 167 14 83 104 161 87 70 65 70 48 24 79 135 27 32 140 5 35 20 83 115 158 118 13 158 123 199 35 42 26 107 111 29 113 18 14 161 90 0 96 59 34 12 63 22 97 107 21 12 30 45 51 54 54 97 69 140 26 27 55 48 133 47 57 63 154 38 99 69 40 63 6 16 104 18 128 3 111 131 4 16 87 107 48 64 107 43 48 30 69 54 82 0 35 223 42 46 81 82 0 20 31 4 8 0 66 0 28 28 55 91 14 58 51 6 98 127 217 74 203 46 164 66 206 105 178 91 45 78 118 139 16 0 33 24 0 45 128 239 101 121 0 140 87 78 56 48 26 35 26 121 43 49 105 40 62 52 95 90 61 24 38 0 52 25 100 22 67 69 87 151 8 89 72 20 132 39 148 54 99 125 62 85 32 150 131 24 0 123 3 122 28 101 89 57 21 34 0 133 96 103 161 37 120 25 72 36 16 111 27 37 45 64 9 37
56 3 48 3 48 52 49 89 3 3 117 2 40 6 68 63 17 19 94 28 121 48 86 65 47 124 75 4 115 5 12 32 43 33 48 25 101 62 48 42 56 3 20 101 120 93 24 48 10 56 4 28 15 80 45 9 72 128 84 15 181 27 4 44 88 51 7 0 6 37 8 26 71 59 77 49 5 14 53 48 64 62 94 64 0 0 53 14 60 6 14 76 16 30 80 30 8 66 30 59 12 60 87 0 84 37 79 56 29 26 8 99 7 72 60 25 8 24 27 20 102 99 55 103 70 0 129 75 49 34 86 70 119 56 66 59 91 12 30 58 0 28 22 45 114 56 129 110 126 57 25 6 12 86 94 30 25 117 85 7 20 147 91 21 90 63 66 48 6 4 79 40 54 123 63 4 32 162 0 40 71 18 73 7 50 30 0 89 61 34 60 65 183 72 105 84 129 52 7 84 63 14 61 13 16 38 83 58 69 109 137 0 76 7 0 91 36 27 17 162 23 70 0 66 0 0 45 62 56 21 24 42 59 93 30 8 27 60 71 86 84 31 117 51 15 0 16 9 63 25 10 85 112 18 68 25
60 24 117 84 40 10 8 44 76 0 128 12 0 28 77 57 74 14 145 71 64 0 69 36 50 0 64 32 77 37 24 30 4 96 84 4 145 138 64 0 30 58 42 0 9 0 19 35 8 24 9 25 82 22 32 24 23 67 40 90 54 45 12 205 88 110 143 72 10 45 14 40 45 73 44 8 0 16 78 104 0 84 97 64 14 0 80 48 103 10 24 85 18 62 80 40 32 65 0 30 0 24 36 40 0 28 0 17 0 33 29 35 92 165 48 56 80 100 0 109 64 32 39 16 57 32 8 18 72 32 8 171 87 24 28 50 4 154 16 82 144 101 84 30 72 136 15 28 107 0 0 124 0 0 160 40 51 13 119 12 38 126 104 48 0 10 41 16 0 2 56 14 16 20 0 55 8 148 40 0 53 0 78 36 46 6 6 0 168 40 68 0 90 75 64 71 44 63 16 93 47 16 0 117 47 43 0 122 1 108 0 17 53 48 45 72 23 43 102 16 99 46 25 6 97 158 0 48 20 70 0 45 41 26 32 0 11 12 0 23 12 24 104 8 28 10 85 85 54 32 82 0 64 36 49 35
4 28 24 54 0 55 0 12 21 117 12 81 18 13 86 115 79 79 42 91 4 99 131 20 20 18 35 35 105 34 105 18 12 12 84 8 37 193 82 52 56 32 28 119 87 20 64 55 75 24 40 0 69 3 0 28 3 9 71 5 0 0 89 60 125 82 82 60 77 32 6 40 25 93 3 62 32 74 152 97 5 108 99 77 36 0 36 35 76 33 27 48 43 83 66 45 8 48 45 0 106 23 0 0 74 53 6 27 27 40 61 115 20 21 56 0 27 18 72 107 18 95 5 12 8 64 118 35 116 21 0 22 0 2 0 63 0 0 0 95 24 63 82 57 135 0 27 0 84 0 45 0 51 100 24 12 46 49 83 32 28 75 4 20 0 0 38 82 94 35 60 16 8 77 80 137 19 52 75 24 29 68 26 12 0 12 65 24 0 0 78 113 91 163 21 46 53 0 21 0 9 44 19 40 35 0 44 49 39 9 8 0 4 0 121 121 40 53 147 68 23 112 49 20 20 0 36 0 171 0 133 28 42 98 27 0 97 83 68 0 12 59 109 67 39 42 20 60 73 92 24 62 60 28 25 104
30 93 46 98 33 76 27 54 9 99 34 51 4 2 1 60 68 25 99 150 73 0 14 96 73 97 93 20 101 57 0 43 53 25 107 9 54 52 1 38 78 57 179 71 162 34 0 9 19 17 163 9 71 0 67 26 12 18 83 41 59 71 48 222 108 151 32 48 44 39 16 9 16 60 30 0 4 16 61 45 43 50 104 10 62 27 24 99 61 66 0 32 172 21 69 68 72 37 3 119 21 30 124 53 155 78 72 58 3 84 28 105 0 20 99 2 39 88 118 30 88 59 56 178 39 8 101 219 46 0 86 87 56 30 25 32 16 84 4 56 43 18 20 54 49 5 165 90 71 24 71 90 103 21 6 60 45 50 38 71 12 38 7 0 44 39 29 58 63 26 32 72 64 57 188 57 40 25 37 114 85 61 82 27 86 40 101 8 74 31 77 12 71 56 57 69 62 33 36 24 18 36 50 117 47 24 85 73 79 106 85 16 25 14 113 74 96 109 64 54 123 39 3 77 18 35 61 56 71 37 33 4 84 98 84 4 39 186 199 30 78 88 119 22 74 73 50 64 89 164 19 124 80 28 27 36
10 21 84 8 62 11 60 11 12 137 48 65 66 25 119 102 39 42 12 13 76 0 69 51 67 11 85 74 48 45 25 80 90 21 56 18 34 20 12 0 15 94 109 0 29 23 0 18 62 10 94 144 43 0 27 33 16 85 0 26 51 23 63 12 63 50 119 49 102 63 55 24 2 0 163 48 77 85 42 24 24 12 41 18 12 107 37 39 0 69 0 122 19 15 0 79 45 96 13 115 65 125 8 156 61 14 0 67 36 45 45 0 28 112 27 46 48 63 89 35 48 67 94 74 10 174 60 63 145 18 30 12 7 108 0 24 24 109 0 94 31 0 0 59 138 66 103 63 26 108 10 6 26 94 27 80 45 41 8 6 8 16 51 6 78 60 99 6 42 0 36 124 3 14 7 131 76 29 59 24 16 189 0 88 9 22 18 24 43 35 40 91 12 21 27 38 0 96 50 72 140 28 93 92 70 13 85 153 10 0 30 43 0 5 61 50 90 107 45 36 164 24 21 12 15 64 26 15 22 16 0 15 25 27 29 5 110 70 66 70 47 70 0 21 18 110 31 0 93 16 185 48 62 56 21 81
72 9 0 108 0 74 84 148 42 107 146 29 60 135 7 83 9 34 90 162 82 68 49 30 12 63 64 0 110 0 18 14 27 78 82 16 132 80 0 48 12 66 92 28 0 9 71 146 72 0 4 72 12 0 0 84 183 45 56 8 27 5 61 92 0 113 61 0 63 0 131 0 61 12 78 56 8 305 0 114 20 107 15 49 30 48 39 0 178 0 5 18 125 86 144 135 0 154 24 24 98 0 48 117 80 42 25 121 42 5 89 48 46 82 84 24 107 0 10 120 88 137 15 84 37 27 97 68 56 35 116 24 64 84 49 0 76 109 36 59 19 0 51 56 81 0 10 15 39 45 121 0 0 75 176 28 0 60 111 32 119 25 27 96 86 54 42 97 140 30 7 26 15 63 42 7 0 0 70 54 113 167 9 93 14 8 28 32 36 130 74 110 0 44 115 0 123 125 111 84 148 32 18 126 64 83 40 73 32 60 14 12 36 36 28 96 100 30 67 40 63 69 26 32 48 84 35 27 36 83 0 27 157 101 226 29 177 55 0 0 32 113 78 69 10 52 48 0 79 76 87 84 28 54 0 94
20 0 72 66 64 20 26 33 0 63 48 80 40 77 153 129 18 63 48 31 103 0 28 93 8 57 49 144 99 70 30 79 46 72 33 139 136 65 27 10 52 48 107 27 72 62 53 74 69 90 42 109 106 61 54 15 105 2 88 0 10 45 134 41 19 114 43 35 21 88 13 89 90 21 72 164 43 80 25 0 74 125 7 56 31 52 152 27 89 48 98 47 60 39 32 97 0 16 19 12 63 42 105 85 95 33 89 20 48 17 32 42 48 0 6 39 78 42 19 74 69 9 65 180 0 9 92 78 66 78 75 54 46 0 90 16 54 56 0 84 36 1 8 114 6 12 82 20 97 13 63 18 34 38 32 24 102 64 32 151 36 47 0 8 107 30 5 5 98 58 18 80 28 122 64 14 48 142 20 146 24 31 105 1 151 0 0 0 58 0 48 98 43 107 18 48 57 0 120 13 90 60 30 55 40 26 0 12 30 6 72 132 0 12 0 45 66 18 168 40 31 140 0 63 18 149 70 36 39 62 45 62 60 121 181 90 2 77 10 147 12 24 48 96 117 53 30 35 56 212 60 15 50 35 15 29
292 35 126 95 32 9 96 33 34 51 32 122 104 8 119 181 119 56 139 64 103 28 98 178 146 27 175 61 55 134 9 70 154 56 60 25 117 63 32 53 39 112 191 24 99 36 12 27 66 100 185 49 130 206 81 116 33 120 72 68 72 143 88 293 27 184 86 147 72 50 18 21 0 54 144 18 62 233 128 68 142 207 133 93 186 0 129 84 32 120 28 123 71 84 154 35 24 117 69 0 72 51 78 191 110 215 54 63 100 99 104 100 6 33 21 21 159 6 99 48 37 74 70 74 288 0 121 75 41 118 215 150 13 101 21 32 45 182 32 63 112 61 132 63 238 35 73 174 116 129 52 104 64 93 150 122 62 15 118 80 107 81 158 153 63 62 33 92 20 18 104 211 0 153 111 118 58 138 144 124 123 24 61 80 118 60 116 35 116 78 137 86 153 43 167 33 108 179 14 107 134 110 136 92 78 9 206 224 18 100 113 212 29 55 58 162 119 166 131 8 28 44 18 55 75 45 80 21 128 42 16 63 183 87 143 108 314 247 86 183 113 131 158 46 46 164 152 203 32 150 147 108 39 169 48 45
27 9 126 54 40 19 69 49 0 0 120 72 0 41 67 82 54 30 88 208 92 156 18 126 59 63 52 79 48 50 84 12 66 47 98 8 48 108 141 36 41 30 8 118 66 32 133 81 0 38 121 0 70 55 4 64 48 141 27 40 58 66 41 40 181 42 87 63 44 42 119 46 81 131 85 40 0 30 135 54 22 8 159 116 67 42 21 106 36 42 10 179 0 166 74 81 10 62 16 45 24 43 69 105 43 84 112 91 87 84 12 14 58 24 66 18 35 2 28 23 19 36 90 24 146 7 15 135 54 35 8 18 102 87 51 54 94 146 77 6 30 54 91 20 46 32 79 36 134 41 63 57 14 57 0 20 22 56 136 0 42 20 48 60 78 0 190 117 21 42 51 35 77 42 0 22 0 37 63 51 164 60 145 36 71 48 56 48 39 124 35 78 6 15 178 82 76 30 8 124 57 43 86 148 0 46 0 141 72 98 77 24 8 0 88 0 55 53 174 106 68 152 81 16 57 107 59 68 38 49 72 0 125 215 6 4 79 25 36 87 12 83 0 13 0 65 74 27 84 63 58 10 63 30 44 73
22 20 94 66 32 18 0 96 9 36 15 24 27 64 57 135 32 29 121 28 0 64 37 5 6 4 41 123 41 189 31 32 91 0 92 12 74 75 40 72 32 27 2 32 114 5 0 12 59 27 32 0 4 40 90 54 85 33 3 28 16 53 76 12 40 21 213 16 45 18 3 47 44 73 48 0 6 87 108 0 40 64 23 25 12 4 21 86 27 6 8 57 61 0 21 2 0 55 24 4 20 14 77 37 2 0 15 76 54 55 4 11 13 0 104 0 18 40 40 60 6 12 8 56 84 30 34 3 25 72 61 63 0 88 55 37 20 0 46 35 25 0 34 16 8 0 9 72 25 33 34 103 0 9 28 63 44 21 0 24 19 16 6 16 0 21 9 59 29 24 3 43 0 3 0 42 34 32 34 64 99 88 79 8 78 29 4 0 4 2 54 7 135 95 34 16 33 70 9 0 15 48 0 43 26 32 8 16 22 40 41 78 0 29 0 45 86 44 25 97 109 61 113 30 24 12 15 12 64 86 43 33 12 24 0 0 0 50 60 0 55 6 159 0 19 38 29 48 0 32 25 11 18 8 0 52
158 80 140 4 45 0 24 27 72 49 58 129 78 55 294 84 91 20 23 70 54 25 76 42 76 107 22 48 167 184 9 37 128 69 153 44 188 50 25 77 64 0 118 91 63 181 25 25 96 57 115 63 134 59 54 28 108 45 140 24 110 64 70 141 74 119 48 67 50 0 38 72 0 30 60 66 21 59 124 6 18 171 80 106 93 123 63 24 64 211 86 67 94 44 260 163 81 25 17 45 0 15 34 89 65 105 31 35 35 171 63 73 0 109 78 76 58 118 53 43 0 118 10 24 156 118 98 81 96 111 24 51 36 4 60 41 111 140 6 167 186 75 30 0 107 24 48 32 57 88 0 6 8 36 101 0 67 20 215 98 109 178 141 72 92 65 17 69 83 16 70 63 72 108 125 30 90 63 108 64 78 22 49 86 8 30 123 87 33 33 111 69 137 2 77 125 192 61 98 124 162 101 62 47 75 33 12 0 112 137 112 69 20 83 0 40 94 0 55 65 126 98 0 145 33 45 90 112 18 142 81 253 63 100 83 77 225 72 85 119 47 47 91 76 43 99 60 68 156 24 154 35 77 108 87 24
0 6 58 65 77 16 44 63 32 49 63 121 15 69 16 140 4 104 39 72 5 36 135 0 81 61 1 64 143 30 0 16 72 82 45 134 56 156 0 68 65 123 129 90 0 22 57 60 81 46 226 47 86 113 32 78 96 60 81 72 44 21 9 4 45 147 83 0 20 82 235 10 15 49 132 68 26 131 82 22 7 43 5 21 101 15 60 84 196 27 44 18 150 125 14 179 102 56 67 29 0 1 112 49 103 124 80 119 69 27 12 34 0 33 18 105 128 112 59 41 102 49 25 40 91 5 0 149 73 201 42 3 51 93 33 25 8 119 30 0 160 72 37 42 49 14 51 84 72 41 86 27 91 179 32 138 127 1 119 84 54 0 35 115 117 99 15 42 112 0 206 104 94 144 139 59 35 18 56 70 77 125 29 56 40 118 84 0 12 7 32 52 6 105 202 61 148 140 63 9 89 46 14 151 181 12 0 53 18 81 142 0 28 72 171 120 9 30 68 39 227 56 94 80 0 0 108 0 46 109 50 72 206 146 91 141 99 76 23 48 86 82 140 61 45 60 128 0 74 149 77 130 0 35 176 0
87 47 100 28 44 18 64 14 0 49 18 47 96 18 54 12 48 69 62 27 33 9 42 5 41 30 66 18 32 0 0 26 12 9 38 32 90 32 64 56 24 0 66 40 89 103 21 91 25 24 10 9 62 90 98 71 24 63 24 0 102 6 87 52 0 78 112 0 35 2 28 24 0 15 48 47 0 28 0 0 16 93 54 32 103 0 10 49 73 9 54 18 42 42 30 116 28 76 0 8 30 87 68 0 28 0 98 0 107 53 18 30 41 61 45 0 49 173 36 35 2 3 32 36 95 75 126 18 10 40 52 8 82 48 51 30 82 60 14 0 24 6 99 124 64 0 13 44 4 0 0 123 67 19 110 29 53 12 36 17 0 0 52 72 56 40 69 12 18 30 127 63 77 82 92 39 131 66 5 72 24 77 78 0 80 0 62 0 12 50 78 97 117 63 39 41 8 0 12 0 77 42 2 53 83 83 102 134 18 124 66 48 11 0 103 155 51 15 80 48 88 28 0 20 0 32 11 119 39 51 61 21 54 49 74 49 35 94 83 70 84 75 122 92 55 96 0 174 0 56 56 89 48 101 33 6
68 30 108 69 20 64 60 74 23 40 14 64 93 59 93 18 5 8 0 7 38 0 88 33 40 35 24 144 127 78 0 6 0 65 103 0 100 143 11 59 0 31 188 2 5 106 130 5 70 35 83 111 100 0 40 91 112 63 25 49 15 91 35 52 139 35 1 107 88 8 81 87 66 0 40 59 18 94 89 58 40 109 31 15 70 17 78 27 97 6 7 7 35 15 112 89 94 6 0 62 41 0 7 142 0 124 40 52 139 37 0 45 23 28 64 48 106 61 15 19 0 16 102 83 77 46 36 40 84 0 36 65 0 20 2 34 90 52 59 39 27 0 97 47 140 39 117 132 54 71 99 63 60 79 55 16 48 45 58 12 9 0 53 2 28 117 103 139 7 47 67 91 40 9 19 58 54 35 69 5 69 94 175 44 122 39 130 0 0 36 15 40 24 194 73 44 57 14 32 54 125 38 122 23 116 78 61 103 4 87 63 42 3 86 138 10 45 56 94 0 131 153 0 4 9 95 0 27 54 99 0 81 78 10 54 0 66 49 78 81 15 162 5 16 80 35 48 35 24 0 114 94 15 24 46 72
14 21 113 50 199 14 27 71 54 135 42 16 28 82 118 197 101 47 117 110 36 30 208 78 130 42 80 38 27 0 65 38 127 18 140 168 40 210 118 12 38 51 7 12 16 40 0 64 94 10 91 85 30 24 57 52 111 157 6 67 0 9 98 12 51 167 234 35 4 8 47 69 80 39 109 41 7 107 81 70 88 75 57 27 62 64 18 36 9 66 18 103 78 75 18 61 102 98 39 145 77 95 49 83 0 142 28 90 62 129 12 79 63 140 76 79 6 165 87 109 161 63 99 96 40 30 60 45 28 49 162 123 26 76 112 4 0 70 27 70 71 36 9 62 26 28 63 50 0 85 18 112 16 124 21 141 141 6 25 9 4 80 22 99 106 46 196 40 162 0 42 192 26 98 77 70 21 107 96 0 89 93 55 163 70 53 18 45 62 27 39 9 68 62 54 68 12 141 9 0 27 37 54 96 121 54 179 86 72 16 33 46 31 47 105 27 117 124 82 151 157 89 61 68 36 146 106 21 65 121 15 63 40 79 107 24 52 112 59 20 87 128 58 90 54 60 26 0 27 108 5 163 110 18 21 4
60 0 162 63 63 102 9 0 63 56 0 0 42 0 81 0 8 112 83 0 108 0 159 48 102 48 86 81 151 216 27 24 90 28 26 114 42 135 0 68 18 126 165 0 28 20 24 66 72 0 81 87 58 18 54 60 39 135 136 70 0 56 0 52 14 25 73 0 84 54 0 0 18 87 96 6 26 0 24 128 35 7 24 15 120 44 0 0 0 22 0 36 78 54 72 92 6 52 52 180 0 21 45 0 12 91 54 0 66 118 27 14 68 99 54 49 53 141 78 175 36 36 49 30 100 0 45 12 117 42 30 6 0 35 45 105 64 140 16 126 149 0 65 0 59 0 30 124 55 0 0 63 131 54 127 63 27 0 158 0 45 37 107 72 0 89 28 16 99 18 81 63 40 24 96 12 12 51 0 32 144 12 0 0 63 101 54 18 46 87 110 0 0 216 0 54 90 54 54 80 128 30 0 217 284 95 0 138 21 4 109 30 108 120 108 111 14 72 20 0 136 24 76 103 40 55 42 99 87 81 26 72 26 15 0 120 91 63 15 35 134 27 130 9 78 0 99 69 8 0 36 65 0 44 169 14
159 0 28 43 56 83 0 37 27 71 117 10 107 86 37 84 47 49 48 32 237 72 61 78 6 120 121 67 70 153 0 24 21 59 31 26 40 144 133 48 3 148 193 16 140 61 64 107 52 51 9 186 42 88 40 150 25 0 36 15 65 57 0 114 208 119 0 114 42 57 0 44 24 0 129 42 102 79 63 101 65 152 224 10 42 61 9 45 0 53 17 56 63 96 72 15 18 54 33 63 35 127 103 95 121 75 42 113 45 12 0 48 114 30 102 49 77 20 93 16 86 56 85 48 63 60 27 18 266 46 52 99 109 87 93 58 99 77 80 62 61 43 45 5 21 159 204 49 158 51 51 39 140 3 110 74 33 150 71 0 96 40 93 18 20 26 88 83 16 0 3 26 37 71 65 130 36 45 4 93 81 161 48 106 23 73 21 52 129 137 35 147 67 0 81 187 3 12 73 116 93 0 83 5 0 108 163 396 53 99 170 12 15 53 30 54 61 187 219 105 77 185 36 83 83 142 39 168 92 40 74 0 20 58 88 40 5 85 24 124 73 62 83 104 29 48 0 78 18 82 201 108 66 21 83 115
40 0 79 58 24 41 32 70 117 25 183 89 0 58 48 0 108 119 72 41 0 24 173 24 32 0 48 9 99 72 42 54 59 71 56 51 183 30 72 18 35 4 120 36 54 4 63 32 125 32 120 93 0 0 113 48 17 72 52 0 18 0 93 36 0 54 65 36 15 0 122 0 9 64 81 72 8 18 71 0 26 4 65 72 0 73 6 166 63 60 72 32 117 60 80 99 0 101 54 16 63 6 97 42 84 5 97 118 114 0 24 12 0 0 72 8 117 99 0 51 5 0 39 109 73 134 102 43 99 54 0 40 36 120 30 90 35 36 57 108 75 20 36 51 75 0 1 0 71 8 98 110 3 0 76 0 8 32 36 66 84 0 108 0 18 34 30 9 36 6 30 55 4 73 164 22 92 66 78 66 101 63 73 16 72 76 45 0 27 0 48 48 204 51 5 78 36 0 137 57 22 18 18 161 138 0 0 0 0 0 27 42 40 9 81 53 36 3 38 110 102 30 0 120 45 131 81 100 42 33 15 72 18 297 21 62 3 198 48 107 30 18 172 84 62 72 36 0 58 45 53 18 0 12 0 0
150 106 137 82 21 38 23 24 44 136 92 137 102 67 123 163 84 0 213 175 45 0 2 28 239 40 23 24 58 92 0 59 22 149 115 91 215 32 126 78 31 58 70 66 44 124 10 168 163 40 0 107 34 27 53 15 7 102 34 156 99 87 93 239 40 12 33 151 54 55 24 49 30 82 122 30 91 127 76 30 123 140 83 28 93 24 6 77 47 44 40 14 62 91 87 0 48 65 31 54 35 20 77 91 100 65 93 18 90 45 12 56 69 38 102 64 86 81 153 114 83 103 108 73 75 75 27 88 52 73 36 146 51 38 62 22 82 245 6 41 16 32 78 72 56 53 90 103 70 107 71 62 80 38 9 47 124 86 44 44 50 151 170 10 16 45 20 26 130 0 10 15 125 28 0 112 32 24 42 0 23 103 128 45 26 36 148 43 77 112 43 117 259 48 121 62 192 110 9 113 196 62 115 187 81 134 92 121 94 203 112 0 74 68 170 101 129 142 175 66 59 90 56 28 137 172 110 70 56 175 69 87 57 107 39 48 71 182 92 83 176 169 19 103 7 67 134 20 105 54 80 68 72 63 136 42
145 5 0 139 35 30 145 60 60 31 106 34 66 50 71 88 98 98 110 89 126 28 74 96 114 38 45 230 127 56 129 92 118 32 48 54 116 10 132 91 43 0 94 47 110 113 90 61 48 100 37 80 21 0 65 10 117 126 118 82 189 38 64 195 12 44 113 39 162 90 147 64 24 113 143 12 75 175 37 113 124 128 111 102 100 90 196 21 164 46 49 36 39 66 72 157 37 120 16 19 174 89 81 175 204 84 67 129 49 89 117 0 53 145 54 57 235 66 96 117 4 63 100 76 65 40 262 147 120 117 102 0 42 54 70 119 34 60 30 79 40 69 48 58 36 16 119 74 87 198 89 83 112 80 158 87 91 34 63 21 216 78 146 135 167 80 127 55 104 45 117 50 92 43 30 89 35 81 142 44 62 105 0 18 124 11 18 119 14 52 32 116 0 165 136 6 114 79 20 65 78 125 43 101 12 98 39 203 100 74 50 24 112 147 30 133 29 15 82 92 175 61 6 81 102 28 169 38 8 108 33 93 166 239 123 111 223 94 0 101 49 114 237 58 12 63 150 27 36 139 38 12 68 45 15 48
0 72 0 0 0 12 69 4 72 0 138 9 7 0 0 61 115 0 0 6 19 21 93 52 35 0 57 0 15 0 78 24 26 96 16 0 7 0 0 0 5 8 64 37 18 8 60 18 57 0 40 0 74 45 6 0 16 54 56 0 32 63 8 56 0 59 10 10 21 0 0 0 25 24 38 0 42 20 3 0 0 8 45 42 0 49 45 40 78 20 15 99 15 48 5 27 58 34 57 35 0 7 4 11 16 19 0 45 72 18 32 24 27 0 64 32 72 3 13 20 21 25 0 56 48 0 0 13 40 0 0 12 1 0 40 62 6 40 32 61 25 45 0 12 3 30 43 30 6 0 16 6 47 8 5 48 16 10 72 4 34 0 0 1 16 24 38 0 8 35 54 26 0 0 0 42 0 5 56 30 60 0 0 30 0 10 0 36 0 0 0 85 135 56 4 0 12 2 16 67 30 0 0 6 0 0 0 4 0 0 0 62 0 0 45 4 7 6 15 25 30 44 0 26 33 72 30 9 24 36 0 45 34 4 6 0 0 0 4 15 9 9 9 0 114 71 36 0 0 1 9 17 36 77 30 0
202 28 186 27 42 19 196 8 0 55 38 107 39 72 116 144 52 36 66 67 30 32 25 49 108 57 32 36 99 111 73 0 121 27 83 84 102 32 95 30 64 25 57 0 70 21 79 84 38 82 4 110 76 36 0 18 112 41 45 14 31 47 0 215 0 164 33 30 0 0 16 62 6 8 18 79 18 106 111 51 125 121 193 30 69 102 91 18 39 60 1 56 21 54 36 15 25 24 4 61 0 174 10 17 0 162 5 64 5 73 64 88 48 0 0 52 106 63 21 33 120 43 51 87 285 64 7 78 72 0 78 62 67 32 32 129 94 70 0 145 91 29 63 24 123 96 17 91 184 27 44 59 24 44 112 0 26 39 155 71 85 108 194 175 11 59 76 69 82 6 157 101 68 160 11 41 0 47 9 58 9 48 128 20 38 32 78 133 48 0 60 25 99 33 25 120 13 31 18 133 0 24 16 97 18 98 102 127 72 89 0 107 28 123 27 85 12 82 158 72 108 32 15 24 32 66 100 6 12 123 0 153 69 9 3 120 141 35 72 87 14 69 73 76 111 28 134 0 36 34 128 64 41 74 33 38
63 56 54 65 101 32 175 122 60 20 44 2 44 72 150 182 75 72 4 70 81 114 105 128 22 120 21 137 36 18 81 20 185 45 157 12 111 47 146 109 88 20 149 15 147 4 36 75 62 92 97 117 50 8 16 40 190 67 79 70 18 79 40 35 97 62 163 11 59 9 113 46 63 12 137 95 29 27 36 52 47 24 23 128 70 7 77 9 81 62 22 127 41 77 74 243 56 136 33 73 72 50 39 75 8 96 16 94 77 38 0 54 84 16 77 64 4 63 94 11 80 84 88 120 214 150 44 88 77 66 49 45 116 4 18 99 27 113 28 0 66 36 78 74 63 16 80 67 100 99 90 134 144 69 113 74 184 56 141 27 20 38 193 115 77 0 119 0 75 22 62 27 35 13 4 63 32 110 61 100 89 87 89 112 38 61 63 35 2 0 176 8 20 25 19 120 69 95 83 81 52 148 24 166 222 4 85 176 72 110 93 18 53 52 50 27 49 90 71 163 159 0 167 69 110 65 6 91 153 126 43 44 36 10 111 0 139 121 167 92 53 88 90 81 47 95 77 13 157 132 9 12 82 25 21 42
216 225 0 9 8 77 114 26 64 33 96 102 125 21 45 46 101 98 82 193 91 42 112 123 149 75 0 61 75 65 36 58 61 148 112 24 27 64 72 0 142 118 149 76 55 66 48 128 59 8 28 102 123 14 46 78 26 38 39 0 159 91 84 117 63 204 67 91 57 13 148 111 21 36 252 60 72 166 14 0 122 151 23 111 85 13 212 77 52 54 84 166 36 24 100 180 20 166 97 21 82 69 22 187 78 54 84 42 126 134 36 0 168 139 22 107 114 210 42 91 111 32 75 45 42 54 61 96 145 21 14 0 117 192 18 82 147 110 36 80 105 0 40 127 156 54 117 126 49 185 84 36 88 63 122 68 103 5 151 24 2 51 20 91 40 27 96 10 26 65 101 74 127 129 80 144 234 146 100 95 59 147 104 84 67 78 48 107 90 209 54 151 285 24 22 54 36 92 69 209 132 44 27 130 46 10 95 153 78 0 48 14 96 153 12 16 54 63 74 10 33 54 0 49 27 53 28 40 29 103 35 64 42 6 58 48 80 0 8 135 98 112 35 77 96 64 52 0 38 34 151 44 74 207 100 36
42 24 11 27 156 58 118 90 68 93 89 39 27 81 7 100 172 78 55 206 40 27 201 92 96 58 188 56 57 59 74 37 102 64 42 77 35 31 165 48 18 32 209 32 63 54 31 62 78 33 130 15 148 35 48 14 110 185 240 75 46 134 48 112 16 8 77 89 121 27 60 173 49 53 36 60 63 118 112 117 41 125 68 113 18 92 2 104 161 87 38 104 122 53 77 237 115 44 3 124 0 2 50 37 15 139 123 126 19 166 108 48 16 59 34 5 56 72 267 65 57 0 76 49 204 16 0 72 72 120 56 104 134 93 63 72 37 87 27 18 11 40 71 8 138 53 135 130 33 189 54 286 117 14 40 83 21 57 132 26 3 36 38 3 112 1 198 0 130 12 45 124 94 85 130 65 0 70 51 104 90 145 40 51 123 46 44 36 45 37 34 60 73 10 49 173 80 64 86 53 60 70 56 159 145 42 66 142 68 101 55 27 15 81 63 58 78 84 53 67 205 129 30 77 86 153 102 168 140 122 74 57 45 58 38 89 47 159 16 74 80 151 153 33 70 121 77 7 0 68 60 62 95 42 35 21
61 58 12 12 119 27 72 36 72 0 40 0 25 31 49 86 101 45 0 4 5 0 73 54 30 12 112 103 23 6 70 66 28 0 22 0 58 80 60 55 27 10 43 0 81 193 0 13 49 60 39 24 111 0 74 35 27 17 42 16 36 56 0 115 129 188 42 2 37 51 18 28 48 105 0 2 0 66 90 27 7 91 110 36 153 0 0 24 85 54 87 41 117 57 25 37 13 45 4 52 115 89 96 0 66 16 48 183 63 55 45 82 27 98 112 51 3 52 98 182 61 70 96 63 20 137 19 9 20 8 36 42 191 20 40 136 46 18 38 16 78 48 11 99 77 0 97 36 77 36 18 58 142 27 95 57 101 103 167 16 18 134 23 33 85 15 137 4 57 9 90 21 59 23 6 74 72 68 102 102 9 16 0 36 32 57 0 72 29 66 0 118 96 72 119 64 0 0 99 0 48 25 6 74 14 63 51 53 9 43 33 0 27 42 48 34 8 58 21 24 48 51 56 0 3 0 32 21 4 45 5 14 24 0 21 12 99 61 54 36 41 64 123 24 124 5 38 36 87 64 58 38 0 50 25 32
32 18 135 106 81 9 126 8 9 96 105 93 0 0 90 45 163 168 165 17 9 60 195 96 153 45 72 0 77 9 3 21 135 40 36 118 40 69 48 94 54 105 64 67 278 4 86 56 96 59 42 30 134 40 25 6 48 169 148 5 35 33 108 29 35 84 134 90 55 75 97 6 4 32 159 88 6 109 18 0 18 139 81 141 221 27 108 37 204 33 48 73 36 34 53 154 85 110 95 0 0 109 35 114 51 51 48 26 40 62 88 178 42 18 9 0 142 75 0 16 102 42 120 79 265 36 107 24 25 82 88 17 60 15 30 0 83 9 14 51 40 12 30 9 47 108 49 68 34 83 43 0 102 75 133 64 123 17 71 45 66 35 51 144 136 25 27 63 136 0 64 148 49 128 144 72 0 7 54 48 10 48 20 103 64 90 72 0 6 0 136 62 83 134 130 81 59 45 12 19 8 159 50 27 27 35 53 37 0 6 63 69 3 68 120 125 33 95 69 20 146 0 64 20 139 0 81 63 106 81 0 23 0 228 100 97 77 128 0 176 98 57 71 0 30 0 93 9 55 25 83 12 106 105 71 14
23 14 89 0 75 22 66 90 6 108 99 43 91 107 22 74 40 15 31 70 48 3 148 0 50 36 81 83 239 0 6 18 0 88 92 61 82 0 99 0 54 42 75 0 95 93 0 63 45 28 77 54 43 39 90 25 36 105 67 94 72 9 80 268 80 121 78 42 150 66 58 6 4 0 66 0 30 63 52 66 120 0 27 60 111 27 75 32 266 61 69 1 63 45 90 24 0 183 0 0 61 0 82 99 35 54 137 0 8 110 36 80 42 45 18 9 0 116 12 30 54 0 114 0 31 72 45 63 72 24 63 36 30 16 63 107 8 80 3 0 36 110 20 40 0 6 15 153 37 114 142 108 148 57 54 27 232 60 8 81 53 16 141 0 108 76 147 72 61 54 8 99 18 144 74 12 63 51 93 30 0 37 76 26 0 75 41 0 28 7 32 18 0 144 59 22 55 40 32 105 0 207 69 11 24 128 27 74 0 24 119 0 6 14 32 0 34 18 60 4 58 3 28 36 45 120 48 0 43 81 18 99 86 3 33 65 87 107 72 119 0 45 15 39 25 25 48 36 11 7 30 0 24 36 14 88
70 85 137 0 83 52 114 89 177 0 144 0 121 171 6 100 65 132 0 154 37 40 219 87 179 116 30 181 220 78 181 114 42 188 191 288 7 121 115 63 89 72 28 0 64 156 154 68 200 49 98 40 62 100 32 76 219 96 89 0 72 78 76 91 46 110 29 12 60 6 153 134 110 117 94 72 97 113 215 53 83 0 138 86 3 156 80 0 119 88 14 100 54 98 14 4 2 42 64 19 0 100 79 142 119 200 133 245 134 94 78 145 0 27 18 156 97 68 78 175 104 0 194 36 17 0 11 0 10 106 41 66 79 38 67 113 40 117 8 75 46 163 55 20 15 28 104 144 58 197 106 39 93 14 135 124 197 107 28 115 100 67 145 144 65 0 87 96 8 91 122 54 108 48 93 0 0 46 28 80 153 142 34 117 69 54 0 48 54 153 0 295 73 217 72 90 0 20 78 176 9 92 130 96 102 0 24 159 18 41 103 9 40 49 159 85 102 54 79 63 227 61 265 30 48 52 116 35 32 130 6 40 9 156 43 92 112 33 190 148 0 90 54 88 60 164 119 56 0 241 126 49 113 59 98 48
48 21 24 102 8 91 155 28 48 83 45 50 27 55 65 152 71 145 94 75 0 18 134 20 68 0 27 159 97 90 4 48 0 27 109 101 34 111 85 62 35 76 33 56 161 14 38 39 132 66 52 80 207 5 45 33 10 6 104 54 87 63 94 90 12 36 88 4 40 28 67 114 25 0 57 62 0 82 97 67 10 46 32 43 124 0 103 66 109 0 0 59 143 15 102 120 8 53 0 95 12 8 18 10 0 174 35 52 55 97 64 24 4 0 113 14 53 137 66 59 98 15 66 169 149 42 65 61 50 64 102 122 178 40 14 29 53 18 8 86 0 59 162 58 100 13 128 64 9 38 19 3 64 59 40 64 61 32 93 41 56 61 193 55 25 16 32 48 28 15 37 80 28 127 90 44 45 28 45 97 34 118 268 47 76 64 0 10 65 0 145 41 186 18 5 176 0 112 3 32 48 12 58 89 20 48 25 40 65 88 62 98 40 0 120 69 136 41 111 67 143 24 24 8 0 84 34 84 85 10 22 28 71 39 24 28 52 86 111 43 80 78 95 47 62 16 113 51 55 68 5 59 108 55 97 56
122 3 34 0 182 66 48 14 0 111 144 18 12 36 68 89 7 43 109 168 25 0 285 0 8 221 85 86 88 4 28 96 180 12 57 21 99 127 115 28 39 18 0 53 64 20 153 45 42 117 70 56 28 113 60 0 92 18 117 113 60 22 18 150 18 72 7 0 89 12 90 12 22 139 52 12 50 89 27 9 50 189 63 111 43 58 5 34 90 114 92 94 16 15 43 164 0 24 56 12 0 0 69 13 20 12 99 81 0 48 54 38 128 88 42 61 0 99 52 135 171 0 20 115 74 56 13 56 50 169 21 63 90 28 84 64 25 204 72 0 96 84 0 0 159 2 34 66 47 0 31 128 118 173 191 18 87 0 18 71 0 85 90 95 2 111 7 102 137 1 142 59 16 61 107 91 114 203 54 34 81 56 31 78 31 98 68 35 63 56 95 60 24 45 212 229 0 82 134 113 75 24 38 81 32 155 54 2 84 141 78 63 72 96 114 83 88 91 59 35 58 62 76 84 189 0 77 83 11 139 12 136 62 44 33 88 46 156 26 85 169 70 8 61 120 10 63 84 36 76 108 96 167 59 6 121
103 16 89 21 42 36 120 14 32 242 94 110 14 59 75 101 78 104 84 8 84 35 154 69 71 78 89 129 231 36 90 129 103 87 25 292 81 132 51 3 51 102 110 53 64 144 176 48 22 98 66 224 76 155 56 87 154 35 91 88 27 0 50 106 91 102 24 25 85 154 159 88 74 25 202 47 140 175 59 5 78 33 100 95 55 103 32 63 214 24 147 37 56 61 103 45 13 103 60 84 113 115 54 85 125 71 111 157 118 22 94 0 0 77 132 70 34 13 127 75 166 97 95 109 42 135 42 4 14 103 157 18 94 78 12 110 129 88 111 89 100 125 59 232 116 82 151 9 44 119 30 9 80 119 114 18 24 89 111 27 89 86 194 26 59 87 70 36 72 12 147 99 66 101 5 44 60 56 76 90 49 136 59 167 12 60 18 30 89 24 35 80 63 159 148 48 20 51 53 147 47 101 104 96 99 70 54 117 0 2 41 0 62 36 218 92 57 51 105 26 226 64 54 55 15 9 91 69 40 65 0 94 120 145 152 209 119 192 8 113 91 89 24 54 87 169 75 0 37 130 111 118 100 119 20 65
62 7 91 103 86 16 8 157 3 39 0 74 46 118 125 204 54 82 56 0 18 20 110 72 96 0 131 68 74 12 16 28 95 30 203 0 35 20 23 6 0 39 198 95 107 0 18 70 6 9 91 30 65 14 36 14 138 18 114 136 81 129 86 12 54 55 103 134 72 6 34 18 13 0 208 42 16 154 46 33 0 101 27 9 47 90 6 177 0 104 14 45 24 27 60 194 125 105 2 39 21 63 0 100 0 136 5 122 107 39 0 57 42 38 3 20 66 122 147 66 105 84 44 0 102 55 124 24 127 47 0 52 16 28 87 0 38 5 12 35 107 12 40 56 124 16 34 48 20 73 112 42 74 71 112 28 12 56 98 80 8 10 63 112 108 56 66 40 9 0 60 59 12 161 12 71 143 69 183 0 3 49 55 24 20 12 30 91 24 20 53 18 14 0 12 110 58 102 112 51 40 0 0 104 195 0 111 101 110 84 18 66 0 18 93 36 69 60 138 107 116 56 9 86 0 181 10 118 5 100 59 187 66 28 144 68 58 173 194 219 119 79 116 38 167 141 44 75 80 113 83 43 66 141 0 41
57 116 181 28 92 14 88 0 0 30 222 69 65 65 4 68 109 20 12 22 26 18 144 78 6 67 88 45 38 54 120 90 44 55 93 8 90 141 69 40 118 19 29 36 132 57 147 26 15 84 93 72 103 84 0 133 69 129 0 41 18 97 0 48 45 71 94 42 10 27 41 62 0 60 74 119 56 5 35 5 0 168 239 42 122 30 87 48 48 63 16 30 6 125 92 2 36 136 42 8 114 73 174 24 73 0 16 0 131 92 18 26 67 70 90 24 78 87 99 48 59 128 168 96 105 94 16 45 81 81 134 35 65 33 59 106 2 10 63 34 47 138 99 114 54 32 167 16 35 88 28 126 138 36 15 166 49 53 0 10 0 78 70 39 0 6 106 22 79 26 24 140 29 85 12 130 47 60 96 16 104 41 37 89 33 63 72 71 75 134 6 40 119 20 27 64 24 17 83 0 64 102 39 73 48 4 150 210 45 27 30 71 64 8 84 128 58 65 176 70 40 94 95 92 16 119 36 48 116 100 69 88 29 99 150 4 79 105 78 145 77 61 141 26 0 119 51 145 36 124 63 63 9 103 35 18
73 0 110 94 49 117 48 0 18 13 0 20 84 8 93 0 24 35 10 7 27 0 210 54 136 115 152 24 75 82 42 102 46 65 117 112 0 78 69 0 0 125 88 9 9 45 0 142 64 3 165 190 67 16 84 96 36 205 99 43 24 0 64 50 110 4 48 27 26 54 101 48 12 40 119 89 108 75 2 100 96 125 53 30 4 24 0 56 77 41 28 18 0 38 75 111 11 32 72 176 42 0 101 81 59 80 48 56 39 78 30 82 58 0 22 28 104 48 77 32 77 126 53 16 84 0 161 0 141 99 15 36 75 45 24 49 24 144 0 0 28 0 42 140 72 56 207 123 106 42 48 120 32 166 61 36 75 100 88 37 133 98 88 0 4 171 32 72 192 52 43 10 24 30 170 164 27 56 48 87 198 78 66 120 152 161 72 52 77 87 75 120 183 112 0 68 74 126 49 36 128 47 59 223 343 24 0 101 24 96 64 67 60 28 60 7 95 4 0 0 0 28 20 80 88 56 159 27 56 72 8 72 44 34 123 16 28 80 54 80 95 146 28 18 69 0 117 7 24 39 129 134 26 48 92 70
106 6 0 62 130 47 0 5 25 18 17 83 60 13 94 0 3 89 55 79 173 12 111 123 124 45 138 54 95 8 27 194 143 18 129 0 132 8 24 0 57 62 39 0 28 0 0 118 74 31 60 55 16 45 3 12 75 0 0 101 311 4 74 116 50 68 128 126 24 7 48 56 22 9 109 72 79 54 33 78 160 109 9 163 81 7 100 87 13 55 50 98 12 21 163 86 0 11 160 76 31 27 43 96 24 96 54 58 46 101 3 0 12 20 77 21 56 135 41 78 61 95 64 72 25 13 55 6 75 69 2 100 10 129 19 105 40 63 0 35 58 75 109 67 107 8 63 231 42 91 71 27 12 64 134 31 155 99 113 45 32 65 130 79 90 45 58 99 56 10 81 119 8 7 56 26 116 89 75 79 18 37 24 61 38 98 0 8 101 25 99 14 168 48 144 59 54 36 75 18 17 95 130 33 36 11 18 110 6 41 10 12 47 64 40 69 176 198 117 7 117 161 0 15 69 65 69 63 0 1 106 102 106 110 108 0 78 82 94 195 79 90 25 50 121 72 44 62 40 112 45 9 54 55 26 0
27 72 107 43 4 101 116 40 66 0 148 40 72 106 135 121 100 57 18 122 12 20 70 9 26 34 76 81 56 35 54 73 3 171 0 45 184 22 82 31 110 21 61 107 36 27 71 160 72 38 56 112 191 28 45 72 75 29 26 73 39 112 37 40 46 56 47 24 20 58 194 24 18 0 41 142 6 156 119 27 162 38 74 12 51 87 167 48 108 30 121 12 36 21 16 115 6 30 185 3 54 40 88 81 121 70 84 90 16 8 112 69 44 53 60 90 160 148 121 122 59 88 16 64 62 98 96 95 165 34 36 59 164 50 81 73 12 51 27 18 137 54 32 126 64 15 24 24 73 60 87 0 72 22 91 67 4 37 16 63 120 0 166 48 76 40 6 106 22 6 49 19 5 41 59 5 59 0 39 127 82 129 47 104 15 105 26 132 98 108 2 71 211 0 38 25 87 0 76 37 57 2 42 187 75 37 0 83 75 60 102 16 8 14 102 19 20 42 96 10 12 0 1 32 1 28 40 9 12 33 13 126 27 161 168 16 110 79 29 28 128 64 52 18 36 64 25 20 33 44 73 3 1 78 55 81
52 6 64 121 66 3 70 51 0 142 31 12 65 38 87 14 71 36 152 30 53 8 89 7 154 42 71 42 18 39 27 48 99 88 44 68 214 43 108 9 30 88 28 10 51 68 89 27 141 25 2 27 66 0 19 74 153 99 125 35 83 4 40 32 18 83 130 36 121 27 71 36 19 0 125 54 3 85 67 76 38 51 9 34 159 22 52 59 203 0 4 78 115 96 55 99 0 80 36 49 57 139 0 117 71 60 42 38 65 132 44 141 12 41 13 58 0 172 112 124 157 66 93 218 77 16 62 51 9 24 84 142 75 67 123 0 54 45 30 64 29 3 119 0 97 16 152 70 3 42 67 41 99 49 54 51 239 18 56 56 33 0 100 77 95 17 74 26 135 7 42 49 22 70 47 6 94 20 6 138 99 107 118 10 105 39 45 0 64 75 5 56 40 140 42 81 98 132 48 0 82 106 92 0 102 67 90 185 77 136 60 48 32 122 251 152 47 32 127 38 178 101 0 90 23 273 50 42 24 17 0 105 70 94 130 37 64 101 163 28 35 82 21 56 131 15 69 157 89 95 38 153 185 20 147 6
51 0 40 40 38 0 9 45 125 0 0 0 0 0 3 0 0 0 63 81 54 20 0 79 7 33 0 72 8 16 27 0 21 18 31 0 27 59 3 0 48 0 0 54 0 0 0 0 9 64 72 0 35 0 0 0 64 36 0 0 45 16 0 63 42 72 49 0 32 72 32 56 18 0 72 80 20 32 63 40 39 32 0 4 63 27 81 0 20 45 0 21 0 0 28 0 20 0 54 4 0 7 63 0 15 81 81 0 0 24 27 8 40 91 0 52 27 81 27 81 28 0 72 0 34 24 0 30 0 0 5 9 99 114 32 0 32 37 28 72 113 50 0 0 117 0 0 0 83 0 35 0 0 68 0 108 0 59 63 0 0 81 26 0 5 16 32 36 24 4 164 0 0 32 0 24 0 15 0 0 15 0 12 8 0 22 54 15 0 85 0 0 0 0 0 12 14 63 0 94 0 94 0 5 5 64 0 0 24 72 0 72 81 60 0 63 0 36 69 15 0 0 0 28 0 0 119 0 0 0 45 84 84 0 0 0 8 0 45 5 0 42 91 9 8 35 108 0 73 0 110 0 98 24 0 0
62 0 96 0 24 40 0 21 21 0 0 11 56 0 80 27 14 0 35 12 8 27 136 94 0 38 70 0 128 45 39 81 7 0 40 53 27 4 11 0 108 75 83 78 39 0 24 0 0 4 35 0 0 28 0 18 1 54 56 0 33 49 5 63 82 82 24 56 72 0 0 43 50 9 0 37 51 35 15 66 113 116 72 18 81 0 35 63 41 30 8 18 17 40 7 0 25 34 37 103 0 0 97 80 81 72 5 55 34 54 27 132 12 71 10 0 28 59 21 59 16 18 18 0 18 47 159 46 12 0 0 0 0 21 45 113 10 0 18 112 0 0 4 24 121 0 2 0 72 80 15 90 25 43 0 0 18 49 147 72 200 18 80 45 43 0 102 77 60 0 5 51 0 63 88 12 0 24 0 59 49 60 3 28 78 7 18 8 36 20 0 8 17 73 5 60 36 53 62 21 28 58 0 124 30 26 18 0 35 9 0 2 0 42 14 8 45 0 99 159 32 30 45 34 0 95 166 0 54 37 38 72 58 64 40 0 158 36 40 0 83 8 187 42 1 0 90 9 72 18 40 82 0 54 32 23
87 54 21 10 46 0 126 6 69 58 232 99 38 105 88 134 28 62 48 127 8 81 182 76 34 140 8 0 51 64 12 74 52 59 50 8 148 117 17 27 8 42 8 48 30 28 31 38 47 71 28 50 64 43 28 23 104 9 18 0 98 21 50 220 0 4 48 28 10 93 64 76 62 111 226 65 20 92 50 20 82 46 85 54 0 24 93 0 64 30 44 72 28 123 63 168 0 72 109 5 0 15 35 48 112 61 72 83 0 0 46 18 32 85 44 75 157 27 85 125 50 0 76 149 84 72 102 54 0 156 125 111 138 108 42 65 44 144 14 86 38 162 64 68 166 75 52 32 34 129 81 24 31 35 153 8 18 95 47 17 72 49 105 187 85 88 86 71 12 14 62 90 10 122 164 50 71 152 45 27 112 121 31 18 98 59 28 10 152 0 215 90 95 36 105 145 57 42 4 124 68 73 158 153 0 0 93 102 69 120 57 8 6 29 30 117 212 224 157 35 96 68 33 26 74 27 104 59 90 54 0 8 75 125 75 16 68 136 63 44 55 124 53 68 61 68 35 135 48 88 46 111 137 78 43 131
72 34 137 30 91 49 47 91 28 24 53 2 84 16 72 29 0 1 52 20 176 0 0 64 54 68 28 105 24 133 3 0 56 26 196 0 3 97 44 6 45 27 48 15 30 15 36 35 58 99 26 110 74 57 0 0 89 48 0 29 167 66 0 56 28 93 7 12 41 12 69 31 16 72 102 59 16 40 68 67 75 40 27 57 67 54 15 42 32 62 37 54 53 56 0 37 42 12 12 104 50 8 78 28 20 106 40 24 63 0 21 61 30 9 94 53 121 60 36 65 15 81 96 0 65 0 8 68 140 58 63 11 36 2 72 0 38 114 4 8 110 0 45 84 12 28 58 16 88 51 64 19 77 42 24 97 79 42 91 19 23 97 58 0 89 31 82 2 28 4 95 27 51 68 30 17 0 60 117 0 8 44 68 31 157 54 36 118 32 5 74 83 44 0 135 109 110 89 34 39 103 20 0 64 70 48 42 126 48 179 73 25 30 66 4 63 61 61 43 68 23 101 53 18 10 99 8 8 12 36 6 0 41 174 166 64 49 14 63 20 38 90 54 18 26 43 42 28 0 66 0 0 42 37 67 0
35 10 0 28 23 33 57 164 27 176 32 27 81 20 8 37 9 106 9 113 107 0 63 0 0 43 7 0 81 77 12 24 21 9 72 36 72 73 0 78 38 49 36 13 15 0 27 72 0 34 72 97 108 4 0 24 1 81 34 4 117 9 6 181 0 20 0 30 0 30 11 72 32 24 134 44 0 90 123 0 63 14 96 67 113 2 91 0 84 51 18 49 6 83 39 81 0 0 0 12 12 5 87 27 49 66 103 122 6 27 5 56 18 7 0 21 27 135 25 40 8 50 87 38 56 9 27 43 0 53 61 0 0 55 0 86 45 56 24 0 35 55 0 6 164 36 26 90 0 169 93 48 30 2 72 79 46 67 28 46 25 100 36 47 79 107 0 81 86 54 27 66 8 31 95 18 28 139 87 96 52 63 0 4 16 32 8 8 119 9 95 54 54 121 9 30 69 89 8 66 0 72 77 112 36 52 0 0 0 0 19 0 91 10 10 22 93 10 30 56 0 53 4 7 61 35 95 117 27 137 45 0 36 25 3 63 5 24 5 4 54 0 19 81 62 72 81 44 13 61 40 27 188 9 18 96
36 61 26 112 21 18 101 0 33 86 84 90 135 71 48 88 16 94 57 73 84 0 110 0 118 51 65 94 94 117 64 97 161 13 56 4 37 146 108 49 78 48 44 61 72 8 83 20 50 43 98 12 54 9 72 99 30 96 88 37 80 24 143 68 64 118 60 98 60 26 103 36 0 28 50 74 50 153 33 57 24 130 32 140 49 46 48 103 84 33 30 63 40 153 43 102 60 85 63 70 61 118 63 71 73 24 9 44 53 47 18 0 93 160 50 6 98 65 36 18 51 41 47 61 57 118 62 0 5 113 39 92 63 97 0 0 60 61 0 110 68 59 13 105 103 76 67 18 54 14 84 54 49 16 0 0 140 38 31 10 0 141 101 32 88 0 50 12 99 46 184 140 14 15 47 52 8 12 8 15 9 98 0 64 78 8 15 0 105 24 156 143 55 81 28 40 68 0 104 119 28 38 6 74 90 40 0 140 9 42 14 0 72 13 55 68 35 103 189 56 154 43 29 95 120 91 99 125 53 37 63 21 10 175 24 0 115 98 71 3 10 25 111 81 8 134 0 0 137 137 203 42 6 56 32 40
9 45 72 48 33 16 16 32 64 49 1 35 52 62 81 78 56 76 20 121 72 27 9 52 66 90 8 88 99 113 36 14 47 28 118 177 70 70 84 0 49 0 81 4 150 45 91 70 102 30 52 79 31 4 40 11 60 107 52 0 23 66 5 27 32 41 71 50 0 32 127 150 16 69 18 5 20 45 9 84 19 0 18 77 12 114 80 59 35 19 24 90 49 45 38 35 15 47 0 110 37 0 24 87 24 127 64 88 14 60 15 54 16 31 20 16 81 70 28 40 98 57 21 0 33 40 29 14 24 0 16 66 26 45 37 16 0 49 17 86 21 75 116 29 45 4 13 20 0 133 64 71 90 75 96 0 122 73 94 14 0 16 63 18 46 46 152 12 12 0 0 27 28 35 22 0 45 90 10 20 0 8 20 57 56 0 35 6 61 13 5 8 30 77 86 51 35 30 28 31 0 81 0 84 60 54 15 66 0 0 0 57 44 52 7 20 25 0 105 36 98 21 18 0 49 118 95 0 58 24 0 0 44 104 38 0 79 139 133 77 8 59 138 27 18 0 21 0 45 130 35 0 64 0 24 30
0 46 154 96 0 84 123 45 0 149 72 34 10 75 79 76 16 45 58 119 67 3 60 9 65 2 31 49 67 22 6 59 45 44 34 68 104 41 9 82 42 42 76 50 24 30 125 52 0 18 38 170 27 80 42 20 123 30 68 47 61 56 38 61 42 76 0 5 8 62 18 21 71 15 58 29 13 48 172 13 20 40 96 113 89 27 15 31 55 16 0 10 45 152 81 35 30 8 12 7 36 30 153 4 88 54 65 93 17 36 64 22 0 20 50 12 54 56 15 100 5 61 21 92 85 19 109 56 96 18 125 0 85 53 31 76 70 60 5 23 114 36 70 91 39 52 18 85 90 7 33 38 4 31 68 35 57 50 85 17 81 140 148 10 87 99 60 6 40 19 146 65 22 36 28 10 0 15 12 0 31 92 0 106 8 47 32 51 115 6 83 93 203 60 59 11 30 67 4 51 70 31 20 172 77 48 45 25 34 34 9 62 16 8 27 53 46 32 108 46 73 33 2 4 17 6 6 87 1 57 0 101 10 26 67 38 47 39 0 32 54 14 99 150 0 20 45 12 56 48 87 33 58 102 0 29
97 104 18 175 0 29 58 7 85 111 56 140 81 85 66 60 24 0 62 78 38 5 114 2 144 55 64 155 64 81 60 119 127 75 86 135 190 96 45 27 86 90 64 54 87 64 79 55 27 44 36 67 0 70 36 39 155 0 122 71 127 0 83 72 75 128 156 63 90 12 115 53 73 81 42 200 36 76 52 132 47 110 15 59 70 15 148 56 265 0 87 85 28 23 147 149 30 122 108 56 49 86 14 103 114 15 124 119 16 72 136 77 0 45 103 27 14 156 18 218 48 0 58 78 83 59 78 42 111 36 8 66 12 48 114 6 54 113 18 56 15 72 167 36 157 7 48 84 42 41 67 48 83 83 125 0 202 34 102 44 24 56 167 12 103 113 42 100 215 4 137 21 0 63 77 3 71 113 16 120 30 59 48 36 41 33 126 0 49 48 69 82 54 35 129 39 67 21 114 34 156 97 55 78 112 107 93 14 12 112 27 0 42 116 126 160 74 62 197 4 117 94 30 39 113 89 161 0 63 54 91 61 66 215 196 22 123 303 125 33 34 93 54 110 32 59 39 40 166 109 71 64 114 55 54 44
159 121 69 36 35 103 59 36 42 62 18 83 25 36 53 162 62 78 127 113 5 33 6 72 87 70 0 42 30 72 30 66 74 125 113 70 51 34 34 117 60 40 109 18 84 33 70 184 136 30 18 16 72 22 0 102 91 15 49 16 31 0 65 70 42 33 102 30 57 0 24 13 69 0 25 88 56 175 99 81 16 89 51 4 57 56 9 0 0 55 42 44 131 28 129 73 69 101 3 124 37 34 12 87 57 44 28 136 93 12 25 59 0 136 78 8 39 82 39 161 34 73 60 64 126 47 20 73 82 84 71 103 0 73 21 8 80 135 15 69 30 72 28 0 0 77 47 16 6 18 30 18 11 37 150 65 100 26 161 27 73 88 110 24 86 24 45 21 65 0 28 108 55 83 125 38 6 8 40 52 171 19 81 63 64 95 43 40 30 156 104 91 81 5 19 55 96 236 83 80 92 106 57 42 90 44 24 124 40 46 57 68 68 88 111 86 122 18 102 141 9 51 55 28 72 40 28 54 36 172 43 87 168 0 113 74 71 30 45 109 64 97 119 44 94 86 154 0 113 127 25 15 9 8 22 78
2 14 7 0 64 9 121 49 28 99 0 93 16 46 30 104 9 32 24 48 46 0 12 1 70 8 7 41 54 8 28 12 36 64 35 5 50 0 52 24 0 84 32 0 56 22 30 0 36 36 83 0 58 52 61 55 66 20 17 0 89 22 45 28 0 50 0 4 9 4 33 15 54 0 1 40 0 66 18 108 16 16 0 126 56 16 20 5 47 0 16 8 54 19 56 40 32 48 0 68 16 7 20 37 0 146 7 15 10 16 30 16 0 28 68 0 24 72 14 14 80 0 15 0 63 1 9 9 12 60 48 0 54 8 13 85 0 63 0 39 62 6 90 57 82 8 6 16 40 0 0 57 68 70 14 24 88 14 95 9 8 21 73 64 42 12 68 48 106 26 81 65 4 79 50 48 0 0 80 76 0 68 62 68 9 4 5 0 0 2 37 38 40 82 78 69 2 34 72 0 42 6 0 14 27 2 16 0 0 20 30 0 11 36 24 36 15 42 84 30 8 48 0 16 0 56 40 56 48 30 88 88 141 5 66 12 27 51 100 3 10 85 18 82 8 72 20 0 58 52 70 129 54 36 21 0
63 21 205 137 69 34 48 109 57 135 57 21 140 38 28 56 109 9 80 16 70 16 202 28 49 92 207 97 194 126 0 99 4 4 84 11 63 197 88 0 57 104 105 57 182 0 0 23 165 37 44 56 81 113 62 94 53 124 4 134 50 225 68 253 28 72 84 15 119 50 18 99 77 0 234 70 44 68 112 136 0 105 45 15 117 21 83 99 76 9 53 85 63 61 21 75 60 151 63 125 10 73 87 55 66 52 21 49 78 24 6 0 28 100 11 45 42 18 12 102 8 24 20 188 148 106 71 124 188 74 89 72 33 36 58 168 54 137 98 49 100 18 24 27 30 40 145 117 28 2 62 149 95 88 152 69 0 38 73 70 55 61 18 41 44 15 71 53 49 0 56 149 0 99 54 28 40 54 81 75 142 82 95 76 168 18 42 0 141 32 75 74 98 36 172 136 13 65 8 3 0 66 57 42 78 1 90 168 10 79 62 99 7 0 67 56 32 32 52 137 168 45 6 78 7 136 21 6 114 35 18 16 17 86 120 0 55 227 120 113 36 84 90 74 87 0 97 99 24 86 78 32 127 40 71 77
0 86 164 33 51 0 10 48 147 0 116 47 60 20 92 128 30 70 130 62 73 0 135 108 30 71 67 42 29 54 69 18 71 68 67 0 129 56 65 20 45 83 126 0 48 0 43 16 61 78 157 141 87 135 55 12 18 69 14 1 23 0 111 44 108 216 45 125 0 8 51 3 4 22 159 127 18 30 28 8 0 51 89 49 8 58 28 73 56 42 42 8 35 66 2 54 32 22 40 8 48 0 137 91 46 43 37 36 177 86 60 24 161 14 108 72 18 102 52 18 58 35 132 24 23 32 63 12 145 81 74 52 8 52 45 0 24 163 0 105 93 54 7 114 52 90 56 41 65 37 24 41 8 24 28 14 145 0 96 26 40 2 122 17 29 30 39 50 5 53 141 44 0 14 28 66 22 70 119 12 88 24 44 64 6 23 12 0 1 95 86 211 41 105 0 76 34 106 148 27 43 74 18 122 139 30 18 64 12 1 24 93 12 12 15 59 24 39 167 47 68 106 55 27 54 252 110 90 0 93 45 0 78 89 167 4 107 42 50 65 13 74 86 103 73 86 0 48 81 124 166 46 4 14 24 0
84 6 79 106 36 90 58 20 18 88 15 33 124 30 57 87 32 78 0 20 42 30 134 24 58 61 66 101 81 0 42 149 142 0 40 134 89 98 29 0 159 60 15 0 0 41 48 0 70 12 83 42 37 17 0 9 48 54 35 35 38 77 25 63 0 0 14 0 117 0 21 40 0 0 0 44 18 0 63 54 96 151 128 24 69 33 67 144 77 0 22 80 6 54 99 45 1 34 51 38 0 88 0 69 38 70 63 119 0 0 46 93 56 9 54 25 12 3 45 88 66 57 17 68 79 64 64 96 50 39 27 24 6 64 90 45 2 132 0 12 9 48 39 48 39 0 60 59 5 9 45 27 19 176 57 30 66 18 27 0 0 0 176 5 21 9 66 34 64 0 145 32 0 36 64 121 10 21 105 0 100 0 62 28 6 104 88 40 55 48 10 76 6 54 52 149 57 62 18 1 92 42 24 60 87 36 81 36 84 124 0 65 64 24 55 94 10 71 130 56 10 18 0 13 27 0 14 0 70 27 34 59 29 85 45 0 24 74 52 48 28 57 0 51 3 14 34 58 28 26 66 161 82 93 0 56
51 41 21 35 66 0 72 70 16 37 87 24 36 84 55 0 84 23 16 20 0 80 48 154 62 9 10 111 105 28 0 25 7 42 128 0 13 80 19 97 67 8 16 31 83 12 46 10 8 63 19 83 40 0 8 4 40 42 42 2 6 78 59 28 66 5 42 54 61 18 63 109 0 56 0 16 6 80 33 67 60 90 64 7 67 4 92 39 52 0 92 38 0 75 24 22 23 29 30 63 28 15 2 66 25 0 41 24 5 10 32 0 11 79 9 12 51 11 93 81 49 6 17 87 62 94 12 47 20 106 121 3 117 24 28 7 104 60 26 18 47 56 7 64 17 16 156 12 53 78 74 92 56 98 0 28 36 25 8 9 50 19 32 3 31 61 96 58 84 47 12 12 52 21 29 42 0 26 36 0 3 128 51 14 127 37 21 17 32 15 43 12 0 80 0 74 107 10 0 52 13 61 8 28 44 17 65 50 102 96 9 9 0 52 31 0 89 63 5 18 162 53 42 79 10 54 8 65 96 78 47 39 2 52 108 61 54 63 0 24 20 118 20 16 11 62 0 15 42 60 26 0 7 61 2 70
14 7 95 45 12 18 52 132 29 154 57 20 0 18 61 96 205 63 99 29 2 0 72 34 20 35 47 2 11 129 0 97 50 60 33 34 93 46 7 102 18 0 26 8 94 58 56 24 28 37 65 0 116 107 111 121 61 36 26 36 21 43 85 56 96 73 81 50 10 11 148 24 108 91 41 24 2 0 96 86 16 10 40 0 92 0 81 72 0 54 81 54 2 37 21 36 6 17 59 0 0 72 41 48 6 0 37 111 54 35 45 136 0 97 2 90 72 61 67 116 5 8 79 18 0 99 0 0 16 40 0 75 29 58 18 0 0 90 0 27 9 81 0 97 58 0 82 2 55 16 84 137 23 0 60 18 54 0 170 0 72 15 98 0 20 8 34 47 18 4 63 0 17 9 0 0 20 30 168 98 118 25 95 48 75 54 14 72 35 40 53 0 125 26 40 28 74 37 2 40 108 0 37 68 74 32 68 38 20 44 140 8 16 0 0 32 10 54 9 40 57 34 10 32 24 18 10 20 0 161 6 63 9 6 2 63 137 50 69 105 60 18 193 74 7 50 74 135 107 42 37 37 52 38 68 0
27 64 105 24 0 55 153 32 36 55 89 104 5 160 20 79 85 29 5 53 88 0 102 76 51 69 64 18 103 9 3 32 52 50 12 30 34 201 81 114 24 64 30 44 24 2 32 39 84 6 28 166 140 1 35 52 0 84 45 67 36 101 50 74 0 71 6 41 0 0 75 28 6 73 13 33 8 201 6 83 69 71 28 32 31 96 116 66 30 6 97 6 111 48 68 56 70 16 124 7 92 36 86 27 8 82 0 139 5 85 7 47 62 9 85 89 105 0 78 128 94 157 59 126 45 71 30 0 49 169 55 63 155 52 60 26 103 129 2 67 35 50 19 54 121 0 34 40 51 3 3 12 75 100 18 109 56 6 65 36 115 29 115 71 50 148 0 18 0 14 0 93 44 65 83 0 4 130 35 162 34 123 146 23 63 77 14 68 132 3 74 9 154 10 16 68 24 96 48 62 62 6 26 213 122 82 29 36 77 16 91 45 36 56 65 0 29 10 34 10 80 40 0 49 25 154 94 45 115 14 46 159 25 78 128 25 210 162 4 24 76 141 49 33 37 84 67 40 0 58 63 0 34 115 84 107
48 0 112 0 34 87 16 6 59 62 0 101 0 0 0 130 19 0 73 6 98 0 7 120 0 79 69 130 32 110 34 38 64 28 35 71 154 87 2 90 90 26 55 58 0 161 38 97 80 86 71 40 100 77 94 53 95 0 63 0 56 109 0 47 15 101 34 106 91 88 76 81 25 6 16 49 47 185 83 61 82 48 6 21 27 43 0 40 91 0 14 0 189 90 74 126 52 0 9 0 8 38 65 59 72 25 53 54 63 55 24 134 0 158 57 39 0 9 89 137 0 30 0 78 63 64 0 214 61 56 20 61 87 6 4 0 114 9 55 64 79 96 44 16 78 36 45 41 38 0 88 109 72 59 95 42 9 21 167 72 0 8 16 0 177 16 149 34 70 10 35 17 16 117 40 53 60 91 20 120 82 86 56 54 144 30 112 3 0 82 28 0 42 99 66 54 58 71 2 33 0 62 28 64 45 64 102 64 6 47 54 50 48 99 104 116 10 9 76 46 63 156 3 56 0 45 0 108 50 76 63 171 117 17 39 105 4 39 12 69 81 58 195 112 111 47 22 19 0 0 74 40 38 0 43 47
6 63 9 37 57 16 35 0 16 0 6 23 28 0 72 111 90 41 122 209 85 95 111 32 152 76 179 33 36 36 80 42 79 93 26 0 34 5 25 52 36 28 136 18 35 65 121 75 0 43 73 5 84 0 79 93 0 47 63 98 0 0 4 108 38 100 32 16 49 63 0 84 5 59 24 5 47 51 74 114 3 239 77 4 0 28 56 65 35 78 118 44 101 45 71 99 1 21 37 126 28 36 0 172 52 0 41 14 12 96 2 58 13 115 9 84 14 41 87 25 131 4 73 56 64 16 45 8 82 63 45 66 0 84 8 0 7 167 54 43 12 56 101 2 9 9 80 120 52 28 61 23 33 56 119 78 144 6 22 7 0 178 42 16 0 0 92 35 73 0 0 133 0 45 36 7 58 0 146 0 44 123 13 134 30 37 7 12 57 57 0 16 15 35 0 107 107 119 28 36 90 99 27 109 50 6 90 57 55 28 100 7 1 23 78 0 94 108 46 8 42 131 12 56 94 8 14 6 91 42 108 13 56 20 21 30 74 54 36 51 28 0 0 118 0 56 69 22 63 183 10 8 99 42 4 71
69 35 0 126 62 0 25 12 18 0 17 2 0 47 46 54 116 54 30 42 9 6 215 138 81 57 51 29 11 27 0 16 50 35 18 27 195 149 63 65 36 31 68 74 54 93 68 12 99 47 6 56 82 54 0 80 18 177 93 38 9 42 83 57 18 7 114 0 117 56 121 0 0 75 0 207 9 98 55 107 91 84 18 78 176 63 68 67 40 30 25 0 137 70 134 191 0 1 119 137 20 27 21 107 83 81 84 45 91 52 63 27 58 6 9 49 209 75 132 24 81 0 27 56 57 0 189 114 112 105 18 68 56 36 42 0 9 20 14 128 77 10 67 140 0 6 91 2 12 74 97 156 87 14 108 118 89 0 27 35 27 72 63 39 9 19 84 23 96 14 170 79 59 31 101 0 90 1 36 0 25 0 0 18 175 59 30 35 9 138 60 40 49 87 45 24 147 81 69 42 99 75 95 241 45 27 134 66 58 50 89 74 3 36 86 4 31 19 94 0 41 47 0 224 81 208 149 0 145 36 49 0 75 170 108 19 60 129 5 73 123 128 236 18 0 150 81 6 8 91 171 135 83 18 100 7
39 25 76 117 86 3 63 24 37 67 162 79 16 95 48 43 12 65 141 168 63 56 42 51 177 92 185 54 63 162 68 52 76 0 8 138 164 112 112 192 16 63 85 0 108 55 56 85 153 62 209 29 16 89 58 0 39 18 124 35 80 47 70 25 32 118 99 44 18 45 0 28 168 45 114 30 66 90 96 115 32 142 74 0 48 13 43 0 106 36 0 4 103 92 129 18 87 46 0 53 54 74 128 57 65 67 191 54 12 146 47 143 32 72 20 26 29 169 10 79 66 39 57 48 90 0 29 14 106 88 50 123 120 92 147 51 59 131 73 67 88 55 66 16 56 18 66 55 183 50 88 86 0 100 168 83 75 7 105 12 28 67 9 72 142 85 40 31 34 18 51 59 3 99 125 49 0 92 68 159 169 72 63 3 30 39 144 0 65 130 49 0 74 38 97 83 125 91 22 16 84 48 14 49 85 78 97 20 17 71 112 7 29 64 48 9 76 36 54 107 160 12 52 101 21 63 86 90 134 107 43 87 21 132 30 61 0 127 56 140 77 86 67 63 79 44 76 14 0 108 36 26 188 57 89 8
90 118 82 91 119 97 80 40 51 58 0 54 29 0 6 12 184 61 53 15 18 32 30 0 18 30 85 23 78 12 0 96 85 36 87 53 0 49 102 9 59 11 14 6 22 6 0 32 56 3 32 21 37 30 74 0 64 12 16 20 42 12 73 54 1 76 56 0 24 58 12 48 50 0 144 15 18 7 21 93 45 62 30 0 0 0 40 70 73 18 6 42 61 100 113 114 37 64 81 108 0 0 61 0 37 0 56 42 63 35 10 0 0 63 23 0 27 3 30 83 18 0 85 77 36 48 119 67 56 45 0 187 36 118 0 36 74 42 40 29 50 0 12 36 56 5 106 81 0 8 23 124 4 21 0 16 40 0 86 5 74 56 204 0 74 5 83 16 90 0 75 45 36 94 112 2 0 91 63 48 139 128 40 5 107 175 47 30 12 54 143 36 105 76 34 171 62 41 7 40 0 48 72 108 25 6 130 1 89 117 24 0 40 12 90 33 62 63 96 136 100 70 40 54 74 45 0 27 76 84 29 129 43 65 40 0 40 147 15 13 29 39 23 151 96 4 125 9 82 157 20 16 74 0 8 0
18 0 45 16 40 49 24 53 56 124 22 141 4 127 78 54 68 4 45 29 58 76 35 55 105 15 32 80 49 79 0 48 33 70 164 0 81 156 11 24 33 56 64 106 8 33 104 134 0 47 94 88 17 99 72 30 48 48 79 24 62 37 47 67 9 195 24 159 0 19 51 78 35 91 52 41 34 112 17 37 26 55 26 9 65 47 105 17 58 61 63 78 30 4 113 71 0 125 44 45 4 39 26 86 66 30 0 108 68 46 67 9 22 30 80 82 86 74 99 48 27 10 44 5 45 56 18 6 41 155 61 46 9 6 33 11 24 113 29 44 118 74 147 164 257 25 176 52 39 70 45 94 91 101 156 28 40 2 112 43 42 18 32 85 0 24 64 77 112 63 27 14 55 46 5 7 41 193 2 29 104 30 45 89 17 62 46 22 41 40 42 36 120 61 70 204 61 53 141 113 133 69 51 49 19 16 90 107 0 65 59 17 23 26 90 78 99 69 133 74 57 61 9 68 60 139 26 42 66 35 15 58 17 33 168 84 46 61 88 37 114 179 91 40 130 80 60 73 133 76 159 62 84 58 116 43
131 0 112 15 128 9 147 75 70 36 111 33 0 78 81 0 75 0 7 109 79 14 123 105 9 30 15 182 75 167 3 103 42 82 72 111 79 221 10 36 53 56 52 90 18 78 111 14 144 97 12 179 45 100 61 7 187 27 0 64 33 64 71 213 75 102 82 10 67 76 77 110 44 40 90 98 38 99 76 32 106 47 37 20 18 8 0 0 21 30 79 69 0 91 63 78 24 78 59 33 10 27 131 121 99 149 256 11 0 12 67 141 41 37 0 130 121 54 45 49 93 0 128 0 107 87 84 42 0 31 20 18 112 27 70 63 38 133 87 62 31 82 4 63 75 32 33 16 178 106 121 69 36 16 64 29 0 40 13 99 56 9 149 21 167 35 60 41 93 4 80 51 36 9 24 10 35 162 36 63 28 24 53 42 52 27 50 79 28 35 117 66 66 65 75 57 63 8 31 149 12 35 24 85 20 0 32 98 48 93 136 30 28 53 45 35 54 41 95 60 86 49 0 50 7 84 126 0 57 46 0 24 0 126 62 96 45 54 0 107 52 18 137 23 73 0 36 54 80 119 112 57 67 77 59 2
85 42 72 0 112 0 0 32 66 0 97 0 0 32 36 45 14 88 0 62 108 0 63 0 60 62 9 0 64 0 0 48 36 0 24 72 99 144 0 48 24 2 0 8 0 108 72 108 0 0 48 0 20 40 0 72 0 36 108 30 64 43 0 86 0 72 0 0 8 12 64 0 18 24 36 0 48 0 0 0 48 104 3 56 64 0 32 10 90 18 48 56 65 30 56 72 0 24 64 14 28 0 56 0 16 112 0 104 30 24 48 16 40 0 0 0 45 0 19 6 0 8 128 14 104 22 0 0 0 72 24 112 89 84 28 9 0 84 0 62 18 81 0 56 72 0 64 88 0 56 69 0 18 16 104 56 48 0 12 24 12 0 43 0 0 8 0 2 24 0 40 16 0 98 56 0 50 144 54 40 2 102 0 0 25 48 0 0 63 72 88 36 32 142 82 30 57 154 25 0 36 64 140 171 0 8 108 74 13 128 32 0 16 0 18 64 99 104 84 16 36 144 0 56 0 0 16 0 0 3 0 0 0 40 88 16 50 44 72 0 58 0 0 88 114 16 1 81 36 240 54 0 26 16 36 0
72 12 102 30 87 72 111 80 98 137 92 59 20 6 8 88 75 0 8 53 57 18 96 167 24 94 112 90 36 57 194 0 119 0 137 32 47 47 83 0 94 96 44 15 70 14 48 69 64 16 158 63 66 0 0 51 18 4 30 64 100 30 52 22 33 93 12 52 0 8 24 60 39 45 90 111 16 58 156 0 48 56 91 44 76 39 136 190 72 2 0 56 52 67 83 129 36 26 31 8 48 48 0 24 88 44 36 56 115 6 128 50 24 3 91 0 48 88 114 140 48 129 84 24 72 73 20 125 116 21 51 24 0 6 46 128 0 84 6 74 64 24 33 68 84 48 78 48 32 49 18 1 50 74 78 49 46 2 205 6 150 104 132 63 24 62 36 56 128 0 118 144 44 33 30 111 8 79 275 54 38 48 46 0 33 46 107 85 0 53 42 56 68 119 71 65 18 74 16 27 172 29 25 41 24 12 72 55 68 96 61 56 0 64 24 106 9 47 191 76 4 126 47 35 35 126 130 18 28 76 0 74 24 64 63 30 34 48 55 103 122 32 74 127 106 30 66 16 0 12 22 43 63 52 12 24
68 28 174 0 48 3 24 70 39 63 100 78 112 125 133 90 14 60 108 66 16 0 98 0 14 109 0 74 130 58 27 50 97 63 191 0 56 76 45 67 61 10 135 25 32 75 49 40 18 48 96 36 164 13 21 0 23 153 81 2 47 26 81 95 95 62 27 0 16 30 72 38 71 4 67 64 20 58 91 48 32 69 143 99 0 24 80 37 151 104 88 51 197 90 36 44 8 62 9 82 78 0 184 24 104 27 118 1 17 158 37 39 37 72 0 9 18 42 26 24 0 13 116 14 82 48 83 62 48 0 28 97 60 85 42 38 6 42 0 36 81 87 80 41 12 28 26 32 97 128 146 24 16 27 48 69 255 69 33 2 42 131 59 115 71 48 101 40 63 117 58 163 8 91 117 24 18 4 111 36 79 27 73 38 0 111 113 34 95 71 0 89 54 121 38 111 112 70 38 0 27 54 36 171 117 49 27 24 58 60 96 0 52 32 18 50 18 0 139 94 124 36 75 27 5 40 0 37 0 113 0 102 0 154 0 12 25 78 72 73 15 42 18 88 16 0 67 0 63 45 53 18 14 22 9 85
99 18 0 34 108 18 103 56 28 27 0 8 30 107 32 62 14 4 73 32 58 0 52 0 97 58 103 94 83 16 47 33 102 8 86 0 12 23 44 0 69 11 120 164 54 5 139 4 24 46 118 69 4 44 141 107 0 55 73 93 69 0 36 115 95 166 0 10 12 97 74 53 8 55 0 72 4 18 32 50 12 83 74 97 92 68 36 44 0 42 83 68 16 76 16 36 9 7 30 79 0 8 12 82 48 108 52 86 0 48 12 16 0 81 240 45 18 46 48 57 97 10 54 8 126 100 0 60 36 60 93 24 0 24 23 88 0 193 36 50 148 46 91 81 33 10 68 94 86 0 18 73 69 12 67 41 30 16 77 42 0 33 112 133 0 5 14 22 178 9 163 171 35 67 50 36 74 54 24 30 29 15 32 86 0 61 56 40 48 20 15 6 18 64 36 132 39 0 32 1 90 94 7 4 6 14 147 88 70 85 3 0 40 71 54 90 47 19 106 77 45 58 0 62 50 0 13 110 52 26 49 104 49 24 55 52 94 137 32 37 50 103 71 45 54 80 0 29 0 63 38 54 24 42 24 63
36 70 40 133 22 65 44 21 0 77 61 21 43 20 304 119 8 48 34 63 144 35 181 42 40 111 124 21 0 0 44 75 123 30 101 0 131 86 29 107 0 23 99 15 72 8 40 82 1 39 47 36 47 0 28 24 18 105 12 26 118 148 72 58 21 16 28 2 91 0 0 14 0 0 45 51 37 0 4 92 122 10 93 29 131 10 0 5 14 84 25 91 14 60 132 100 9 0 85 93 35 23 60 113 54 65 29 30 0 8 28 60 50 78 61 72 1 47 111 0 116 97 30 40 54 140 156 54 55 21 28 68 12 0 37 111 17 48 99 8 120 0 65 84 30 77 18 0 66 55 67 96 8 71 152 3 60 0 46 11 54 132 145 71 4 1 80 16 152 0 40 35 43 1 56 26 117 148 42 27 0 6 43 24 64 0 40 6 21 72 43 12 9 87 86 44 181 86 8 63 57 36 23 129 38 15 21 150 24 64 0 11 0 59 3 55 11 10 0 0 99 0 69 66 73 145 140 24 188 45 0 0 102 70 15 0 111 80 60 0 48 132 68 78 15 31 53 0 8 6 10 88 182 0 0 0
39 114 176 54 31 118 37 4 61 87 8 93 20 81 90 159 20 28 56 143 10 108 0 3 142 30 28 110 20 63 27 16 143 207 98 80 26 159 45 137 62 58 78 0 88 25 54 132 72 53 0 65 158 27 27 0 108 72 30 0 44 175 0 122 12 61 27 0 24 50 24 9 42 18 101 50 36 18 45 20 47 100 90 18 0 42 20 0 0 14 0 81 0 55 125 32 3 40 12 90 25 102 31 10 113 140 18 48 25 24 36 53 9 48 34 157 120 54 9 31 45 0 62 64 117 32 10 24 77 42 9 0 54 70 49 90 77 122 0 26 132 0 77 0 2 14 43 40 0 96 111 45 81 0 14 110 45 40 82 45 22 100 166 0 0 28 63 0 56 0 2 43 67 125 0 46 8 63 99 88 10 149 300 21 7 78 0 0 70 0 139 57 15 21 107 126 0 90 0 135 32 44 30 155 48 44 84 100 0 55 85 0 0 12 50 88 38 4 57 83 162 52 106 42 25 108 16 6 100 26 14 16 47 15 21 60 9 37 78 58 105 48 49 54 0 0 63 10 20 36 0 10 24 12 63 67
5 46 36 21 25 2 7 32 117 88 81 48 0 16 21 92 140 52 65 67 0 48 49 0 48 73 40 34 8 0 45 99 24 14 103 0 36 20 33 64 12 36 40 72 0 70 52 58 24 32 18 43 72 45 20 0 38 36 9 8 0 0 56 46 88 0 12 51 72 16 61 0 14 0 163 7 64 62 28 56 18 0 44 56 0 0 49 71 78 158 92 17 0 48 72 144 28 0 32 45 0 40 65 59 30 27 23 30 0 72 79 64 36 126 32 98 54 32 28 95 28 40 32 24 29 72 0 45 28 97 0 28 32 30 0 0 68 0 36 56 106 81 52 70 26 36 69 12 49 56 15 48 0 49 0 0 22 56 49 36 44 0 28 73 86 37 33 0 56 0 32 62 14 20 63 0 0 3 98 0 43 18 18 110 34 0 0 64 0 71 30 73 63 0 41 52 23 0 0 39 0 40 25 28 24 20 40 47 28 36 26 112 42 77 28 49 75 35 57 0 10 0 45 32 40 68 108 24 42 0 0 0 57 108 105 8 81 12 60 43 0 66 164 7 0 35 8 32 124 0 44 20 64 57 22 0
182 38 0 84 16 30 42 92 77 92 66 45 131 58 89 80 67 38 0 67 16 12 185 20 93 118 56 35 111 30 24 20 131 119 220 36 104 108 34 33 71 18 92 86 80 48 10 38 60 17 40 70 30 28 20 53 58 90 24 0 26 20 125 252 35 59 57 0 120 10 69 0 0 26 52 67 29 179 55 69 111 42 76 22 0 48 91 91 220 106 68 58 0 46 67 108 88 81 101 0 92 36 75 76 85 48 78 18 0 30 16 110 16 15 80 110 182 66 0 92 16 94 6 227 175 149 203 62 124 96 0 18 58 0 60 0 48 167 18 104 35 15 2 0 6 0 54 56 82 104 129 0 27 107 0 29 45 30 24 72 27 70 120 121 36 233 74 40 48 72 192 21 34 14 63 68 40 72 131 0 141 89 80 2 13 20 48 140 104 10 143 76 35 73 45 47 138 157 33 84 10 21 22 101 156 28 6 72 134 137 71 0 23 59 202 123 27 74 96 66 18 32 40 15 157 24 47 14 107 139 12 64 88 193 94 68 164 71 127 32 30 109 72 55 16 112 84 0 32 47 64 10 184 30 54 291
0 0 0 52 67 0 78 12 24 20 92 52 0 64 148 41 27 117 74 143 0 28 147 30 78 93 147 16 112 27 128 58 81 81 67 87 80 56 150 74 14 18 34 75 75 63 54 38 6 120 218 24 117 0 0 21 18 0 109 0 27 0 80 22 17 73 1 65 60 42 109 24 76 57 79 15 74 8 0 16 8 56 41 37 176 32 0 115 203 26 112 72 83 63 6 138 0 114 126 0 197 33 72 122 6 104 23 188 30 75 79 24 41 21 64 3 5 24 35 12 110 21 83 62 102 148 12 39 14 89 21 0 200 6 123 16 30 101 12 48 0 75 54 16 98 14 77 42 42 0 35 62 14 56 63 0 51 0 160 53 30 10 170 72 91 71 84 91 68 56 130 67 93 0 10 0 72 87 108 104 69 65 51 207 58 169 0 24 13 36 63 28 138 96 143 117 131 145 28 45 48 57 19 106 54 28 54 79 91 70 2 14 71 167 42 49 50 62 118 76 115 56 35 24 45 129 72 18 108 19 0 12 44 98 72 14 272 92 47 92 82 56 45 33 6 160 62 77 78 125 28 73 35 34 112 0
50 74 114 76 25 146 119 43 8 222 120 63 0 45 164 0 97 9 58 49 52 0 135 49 30 47 25 91 14 0 27 77 7 55 116 48 6 124 45 37 35 7 83 34 17 77 45 34 0 52 31 65 175 62 11 0 0 63 27 44 135 12 53 88 24 50 22 0 58 0 11 32 33 9 35 20 30 42 113 8 0 167 129 12 104 42 62 76 53 62 81 19 98 153 136 56 38 34 18 28 14 111 138 35 120 111 0 75 52 89 0 84 49 26 65 35 12 40 53 126 0 0 250 117 35 25 143 63 20 30 32 0 11 32 24 60 20 59 0 43 24 82 79 103 57 0 111 50 8 48 44 90 20 24 119 42 65 0 126 33 144 96 176 93 118 2 108 26 51 24 81 136 13 0 0 36 95 104 63 107 90 76 81 18 40 0 12 0 41 73 30 47 98 21 72 34 64 26 27 24 26 98 106 95 24 116 66 64 24 2 78 50 12 25 23 106 54 54 55 59 119 107 63 8 42 32 48 127 8 75 62 106 28 157 56 65 89 144 118 74 178 88 219 115 115 16 21 39 64 40 66 36 87 78 0 3
45 3 116 8 10 6 6 37 51 24 89 32 0 16 2 88 65 8 35 149 116 0 63 79 84 38 24 58 108 0 24 0 16 78 0 44 79 74 46 0 69 48 0 19 16 0 72 64 36 25 88 24 20 112 0 40 21 52 72 99 199 18 55 186 1 117 7 0 9 0 2 3 66 33 85 48 58 16 23 9 15 109 36 54 6 65 39 40 77 59 18 120 18 48 92 83 6 37 30 12 60 9 113 20 40 34 0 85 13 36 57 32 16 0 5 0 72 99 51 96 3 76 69 26 64 17 45 128 113 0 0 8 85 58 49 43 0 164 26 17 38 247 15 24 37 48 87 40 30 0 62 62 24 51 8 91 8 25 23 27 14 72 41 0 9 66 24 22 66 42 10 0 24 115 32 36 72 90 11 82 54 125 16 41 26 32 40 30 109 8 84 38 60 0 58 20 62 145 6 88 96 9 7 193 48 8 76 5 88 96 6 30 15 34 116 36 48 6 77 75 23 81 0 0 54 20 75 0 0 32 25 111 99 37 31 79 42 2 0 80 8 5 24 124 60 112 24 90 0 122 36 8 70 46 36 0
121 16 151 114 90 50 58 95 38 140 32 148 42 63 119 120 89 10 22 0 87 8 72 113 53 93 75 23 247 161 28 30 185 12 130 80 21 195 35 27 158 26 167 98 95 2 50 151 5 49 94 59 14 70 84 10 150 108 58 16 49 94 84 59 114 63 188 40 56 72 80 121 4 56 68 66 29 113 2 86 88 172 4 72 49 164 8 191 104 147 79 27 39 139 151 162 90 73 0 142 40 81 105 125 11 68 70 67 9 74 34 196 83 72 92 26 85 72 35 90 75 93 14 127 78 82 181 28 8 72 74 68 109 5 16 61 182 39 93 111 109 45 65 37 74 14 100 85 138 86 35 195 79 161 112 8 42 48 153 150 85 34 84 70 111 75 154 57 90 57 81 167 79 144 102 71 88 73 24 112 47 42 48 166 105 61 89 0 15 62 60 82 0 40 126 22 130 63 79 48 3 60 12 259 285 55 53 47 0 102 8 104 26 15 34 82 68 0 16 80 125 77 84 210 14 82 75 87 107 152 0 224 51 185 42 132 139 210 47 127 72 116 142 138 35 42 183 81 56 17 0 178 96 30 118 70
0 19 102 128 133 91 151 81 10 102 40 18 0 45 6 86 29 73 88 120 48 24 142 0 63 18 134 71 96 7 110 152 118 10 60 132 15 0 93 33 64 102 57 63 44 63 84 79 8 15 183 69 28 0 22 64 54 54 123 130 84 28 8 100 12 42 16 45 33 102 42 14 108 4 33 32 36 63 31 12 14 187 99 44 262 6 58 123 42 21 41 2 55 135 151 204 105 50 0 70 10 125 0 0 64 65 44 102 48 47 85 79 62 28 41 18 13 53 15 60 78 78 74 120 4 0 39 54 39 87 73 54 30 89 0 79 9 73 0 36 40 5 44 124 62 3 30 65 73 57 32 74 37 85 58 73 181 18 130 20 58 53 141 97 128 91 121 45 76 0 172 65 33 40 81 75 0 63 192 0 63 109 39 103 26 102 12 2 56 68 33 63 54 151 126 92 71 110 0 21 82 122 97 120 138 64 96 139 53 12 28 82 74 34 37 112 92 90 0 53 69 69 6 62 154 29 14 80 15 116 70 60 36 21 65 0 68 130 24 73 90 36 99 5 92 0 63 39 40 47 109 15 18 204 24 69
51 36 82 7 65 39 60 24 6 5 82 32 40 82 75 167 55 82 48 117 19 16 66 25 100 29 53 54 117 16 22 26 32 64 64 53 60 9 24 0 31 14 55 40 32 27 8 86 35 0 66 4 70 38 12 85 119 75 89 12 51 32 177 101 27 73 59 18 35 41 119 36 0 0 90 83 1 59 34 51 56 21 26 56 109 60 39 55 85 20 0 16 156 51 23 48 25 138 44 128 50 15 118 0 57 68 152 52 15 53 42 47 0 13 133 20 26 18 103 102 0 87 44 93 72 20 72 105 8 32 75 93 43 111 28 141 0 33 12 0 100 60 8 36 10 20 80 8 32 9 54 71 0 52 25 37 41 44 39 85 38 82 168 104 89 26 14 58 81 91 125 74 62 62 118 62 12 20 56 38 45 74 16 16 80 53 34 12 30 22 17 96 28 129 48 15 36 62 12 168 38 8 29 35 201 0 3 66 29 119 95 28 42 8 102 100 50 2 97 20 86 33 46 28 25 15 46 40 4 17 12 54 79 81 6 62 80 136 43 69 29 87 18 106 10 54 58 61 148 18 45 68 60 38 54 92
54 114 149 32 12 0 132 32 28 73 67 62 66 32 63 76 108 5 0 101 22 57 94 72 4 28 0 0 115 18 45 12 3 68 46 9 72 93 18 8 34 110 30 42 163 2 148 18 30 34 16 0 104 42 0 0 72 72 0 0 6 60 36 16 30 48 3 89 0 12 58 0 12 74 46 46 51 65 64 30 32 0 125 18 0 18 132 0 120 39 78 30 8 12 12 55 16 93 24 9 30 0 44 12 38 18 32 39 132 32 6 18 32 3 46 2 79 24 36 128 0 0 52 5 93 0 18 67 20 79 60 0 41 51 0 0 129 0 0 16 54 49 45 0 81 42 0 12 0 36 69 0 46 72 36 24 54 40 42 5 72 22 34 24 46 34 12 163 88 45 58 60 71 17 24 0 4 34 50 18 169 30 14 45 85 0 34 53 16 104 2 54 138 41 138 30 90 63 81 0 63 104 72 14 6 12 6 39 92 16 6 42 40 14 9 102 38 4 165 6 70 35 24 8 6 22 33 0 56 144 40 96 27 74 202 8 46 18 36 84 0 106 38 26 64 154 0 15 57 127 45 74 18 32 12 67
36 0 0 12 118 3 47 12 0 0 0 0 31 3 36 86 102 19 104 27 0 30 147 81 18 20 99 81 5 0 0 48 60 12 25 0 94 38 29 48 25 25 0 92 0 77 0 33 18 76 93 24 18 72 74 66 21 78 149 32 0 32 40 65 16 91 80 0 12 24 8 24 0 14 79 36 38 146 30 150 41 95 67 0 140 0 8 93 101 24 7 28 187 68 63 149 0 111 72 204 93 12 20 72 0 3 21 0 0 145 0 0 40 35 53 24 36 66 58 36 84 38 0 63 32 88 103 35 60 8 89 84 20 0 15 107 22 115 0 50 125 48 0 0 0 0 103 38 70 75 54 121 48 72 141 32 54 60 16 33 16 24 126 107 21 49 178 10 144 44 177 42 14 21 67 70 49 59 84 18 33 7 16 120 72 71 28 44 2 95 50 56 87 185 103 75 44 168 0 24 101 39 51 80 40 56 45 37 110 130 24 0 1 43 93 37 21 63 52 20 43 0 0 110 48 83 99 0 88 5 0 31 157 48 125 28 54 60 12 85 70 8 30 20 0 0 92 25 0 19 18 107 93 112 36 0
0 0 74 52 38 52 56 49 12 146 39 0 0 20 0 80 96 47 8 15 35 0 50 31 72 42 70 41 142 21 0 54 10 83 12 13 57 29 144 42 56 14 52 97 65 25 77 36 129 22 54 63 134 42 18 86 70 59 96 15 0 18 0 37 36 30 19 0 84 64 63 0 43 26 4 103 32 49 40 88 0 132 46 47 21 47 14 63 56 42 81 42 4 63 0 82 72 15 21 48 40 107 17 63 121 10 21 2 44 0 51 214 0 69 4 65 55 32 2 55 90 0 30 65 46 83 86 107 79 27 0 45 57 0 10 10 27 48 0 96 44 50 6 60 27 32 85 57 197 0 58 9 67 34 16 24 0 135 16 60 8 12 75 0 72 24 83 18 50 13 52 46 22 37 55 21 0 0 54 68 26 58 22 37 129 0 59 56 96 1 8 59 19 74 29 14 8 0 27 0 9 18 6 10 0 24 72 162 36 0 24 0 3 26 28 32 0 6 113 151 61 97 0 59 10 97 18 63 70 54 15 36 68 32 49 19 61 100 85 77 10 20 148 33 42 5 36 77 35 16 24 109 12 34 65 32
99 122 146 104 145 35 32 48 62 99 84 49 28 22 138 105 82 42 140 119 28 61 76 0 56 68 16 43 195 34 46 111 120 89 172 88 127 130 101 0 63 9 61 47 38 7 40 86 30 38 38 0 30 45 24 95 161 48 56 80 78 85 15 143 68 68 187 25 66 16 10 79 68 9 72 49 67 82 71 12 2 95 62 76 24 150 8 108 18 77 61 60 52 124 142 52 64 36 58 53 42 0 57 20 97 20 23 81 50 138 15 72 58 123 135 1 70 86 25 120 64 20 48 16 15 106 75 15 86 8 8 75 100 109 22 20 89 22 0 43 174 139 57 0 50 70 16 88 8 54 0 133 71 130 101 24 72 35 104 18 91 58 93 96 117 11 73 14 75 40 36 20 26 163 29 86 112 127 122 27 80 157 10 158 108 103 49 0 124 60 87 36 36 59 163 102 63 104 53 56 8 166 9 191 88 75 146 104 58 114 1 20 48 133 62 70 162 120 73 68 18 214 66 36 63 143 50 32 87 122 154 122 84 65 152 38 91 208 47 115 104 25 136 110 33 71 75 154 0 168 54 48 98 24 56 100
0 58 132 146 28 30 62 72 91 93 124 26 54 96 99 6 63 69 130 89 18 28 180 30 234 54 93 76 174 0 24 163 24 183 320 64 80 84 35 0 0 98 170 0 68 46 49 10 88 52 76 99 0 202 28 42 158 54 12 20 72 26 81 98 35 213 91 104 98 48 62 24 178 0 141 84 100 92 105 144 143 161 18 12 83 60 132 119 243 112 99 113 0 72 9 120 48 135 15 4 13 69 86 135 78 72 194 63 148 13 144 0 35 138 40 28 107 214 0 96 59 63 41 191 52 79 133 70 65 36 5 64 64 32 0 95 135 146 9 146 129 24 40 85 162 104 63 146 22 69 193 140 36 13 0 20 42 117 128 100 65 166 117 16 69 114 0 102 0 123 135 91 44 81 24 103 56 66 181 0 142 56 143 117 179 10 25 0 108 84 74 115 84 139 54 85 54 0 91 212 131 64 86 115 33 64 27 47 0 88 72 58 56 48 43 178 166 58 176 94 164 63 32 36 54 141 58 52 60 81 70 49 50 32 150 0 8 62 117 245 84 81 132 32 33 145 73 66 88 24 91 64 155 169 54 48
14 49 90 0 29 41 108 95 84 62 0 14 42 76 83 8 194 94 72 82 69 43 275 0 72 0 16 0 135 0 16 54 43 41 109 117 64 213 68 2 108 21 16 66 113 12 7 45 124 0 52 92 72 28 54 80 111 54 78 133 81 97 15 0 0 106 81 24 10 4 102 18 6 84 57 4 10 24 12 0 0 36 36 45 91 36 12 159 140 27 6 117 131 81 61 22 0 68 65 78 73 36 17 72 59 84 67 143 0 78 51 153 160 0 27 30 9 6 54 86 154 33 56 104 40 138 62 88 16 58 0 129 75 121 16 66 99 15 0 73 54 30 66 6 54 0 186 2 17 35 0 0 111 150 127 78 30 0 84 28 63 31 220 141 0 42 22 24 41 36 122 19 11 14 40 49 134 33 57 82 47 35 153 150 7 121 92 49 44 75 18 76 12 45 164 62 53 144 5 45 65 72 0 0 77 125 99 55 30 71 0 56 53 63 159 112 35 45 37 40 129 61 28 44 10 154 37 27 52 16 42 21 30 58 8 69 86 141 166 60 153 50 36 61 79 5 115 54 37 86 25 130 54 52 202 151
117 48 115 26 23 18 16 40 32 113 96 33 75 76 86 15 0 0 64 101 44 0 85 4 85 83 32 58 124 0 0 35 35 127 162 56 99 22 24 0 18 24 48 18 99 111 16 93 63 80 8 104 40 95 36 42 85 178 0 42 49 17 0 162 124 102 43 0 9 16 53 0 41 0 83 35 0 25 5 24 46 0 57 8 26 3 47 48 126 36 100 77 21 52 50 0 59 66 52 0 81 33 88 23 10 0 73 0 69 35 0 8 57 6 78 62 24 66 12 45 32 84 22 128 69 126 41 26 0 8 10 89 68 92 84 0 60 138 2 48 15 54 0 103 72 0 18 39 45 57 40 42 12 109 20 30 118 18 18 42 16 16 60 48 4 123 42 25 24 30 100 18 106 30 4 0 56 88 59 0 8 6 44 60 6 104 45 39 42 54 9 72 233 40 43 16 88 16 32 99 89 37 92 38 88 152 16 12 89 104 144 77 68 41 45 138 1 68 79 27 60 36 0 16 39 8 110 28 12 129 0 156 89 56 28 2 54 70 102 132 113 47 6 88 30 86 88 0 105 14 78 14 123 30 93 94
18 41 76 88 12 97 105 30 0 63 68 121 72 18 0 47 121 100 0 76 42 24 95 3 90 73 123 298 23 27 48 36 57 16 9 126 2 104 147 71 32 58 106 0 74 42 48 48 10 155 0 99 149 37 0 50 152 93 24 0 90 28 22 30 50 82 64 78 18 42 16 60 0 0 89 111 0 31 64 0 99 0 22 60 121 69 30 56 0 30 87 8 0 131 174 187 12 140 9 0 70 75 4 45 35 111 88 123 46 63 88 101 57 101 112 30 0 156 73 64 57 75 136 97 64 45 92 42 141 36 141 6 14 119 26 76 25 58 24 0 9 65 88 63 49 30 212 0 0 79 12 16 117 100 0 45 68 8 78 75 39 0 135 0 78 73 155 42 56 0 48 81 16 129 7 35 15 56 30 60 32 44 111 64 5 32 33 91 0 32 49 58 63 10 30 72 0 56 4 148 48 103 69 113 50 85 67 81 14 11 59 61 42 72 23 72 50 21 16 56 84 96 44 50 107 14 122 12 24 101 54 153 102 9 0 30 68 151 34 120 24 81 83 162 39 0 57 155 103 7 110 36 122 8 0 16
117 173 56 79 14 21 107 41 55 90 84 78 45 31 4 91 78 84 36 102 108 23 93 126 99 59 7 114 30 62 6 58 163 146 30 0 165 25 49 22 31 0 68 33 72 4 129 0 139 48 93 218 76 0 8 0 42 138 20 24 60 108 7 116 37 20 89 0 16 40 53 0 18 14 118 125 53 40 104 0 99 28 26 62 49 28 134 63 98 5 71 29 51 66 59 119 54 28 21 35 49 67 83 0 214 75 103 89 169 32 90 0 21 45 24 64 139 90 51 122 59 62 32 203 136 93 25 66 177 81 112 25 20 55 8 0 140 98 6 24 27 91 2 143 41 109 34 89 12 134 45 27 70 82 1 43 229 67 51 48 6 50 132 45 88 4 60 78 41 18 97 103 98 0 54 83 3 22 27 63 4 0 40 4 7 113 59 48 30 85 12 192 211 0 12 31 97 13 120 41 33 81 38 238 136 21 38 13 53 20 61 4 15 8 135 88 15 49 59 83 55 9 27 52 0 79 23 9 1 144 50 71 46 105 71 2 9 97 25 68 28 0 45 109 0 160 31 0 45 48 53 21 44 28 41 36
47 24 54 59 51 6 56 111 20 43 127 18 0 64 0 42 77 30 63 90 6 114 32 23 150 20 72 0 81 15 36 75 47 141 162 0 51 8 11 24 24 96 143 12 165 5 105 60 69 21 54 20 69 45 18 30 99 36 92 35 56 21 9 93 46 54 16 63 67 30 86 0 18 0 168 96 88 0 42 45 18 136 90 6 48 24 15 67 108 95 70 21 30 27 158 225 81 53 57 0 71 28 11 84 94 27 6 111 34 6 15 105 9 76 69 130 77 6 99 100 61 145 52 156 188 40 15 81 65 101 42 0 24 55 0 81 11 44 54 171 0 35 80 54 33 54 173 33 0 91 129 114 71 37 0 0 49 0 0 71 59 84 69 97 97 90 136 111 0 5 117 125 102 25 0 63 61 32 54 33 87 56 118 5 68 15 0 12 30 114 39 49 27 68 142 30 177 94 60 138 1 18 65 55 81 0 82 63 0 93 86 64 24 0 157 135 62 69 47 26 155 0 36 107 36 146 130 59 45 80 0 41 151 112 39 72 97 66 72 58 95 160 45 15 56 138 67 44 132 56 20 30 90 27 100 42
87 0 90 84 93 26 110 74 33 0 16 18 61 48 12 76 45 14 87 0 70 0 127 115 167 103 23 97 96 103 55 28 56 30 55 22 24 81 62 0 85 27 58 63 89 20 146 25 13 56 50 0 0 63 56 77 110 14 7 0 19 63 48 35 24 117 84 6 20 0 43 69 50 62 36 95 0 84 36 30 34 99 20 10 77 0 21 112 12 75 33 28 0 98 103 81 45 23 87 0 15 108 83 35 53 0 0 28 44 21 4 18 50 18 39 42 117 81 6 0 168 43 24 104 14 36 104 5 0 0 0 35 52 70 33 69 4 18 68 183 0 0 42 36 63 0 0 54 46 73 137 130 46 83 42 0 150 53 39 15 34 0 75 36 7 35 57 60 0 0 203 93 44 49 7 28 34 97 7 0 63 46 130 70 51 14 7 48 8 21 90 75 126 63 0 9 60 0 35 141 73 23 5 51 48 80 108 4 1 7 30 106 12 42 20 27 0 30 34 43 25 80 63 70 0 73 127 0 100 56 0 63 101 69 24 0 15 125 139 28 54 91 182 145 66 58 126 0 21 36 131 81 32 18 72 6
18 24 24 48 1 63 4 29 81 33 102 156 0 95 1 9 35 77 60 47 11 89 65 68 102 23 81 27 92 15 4 50 25 119 68 18 48 66 11 39 16 0 24 54 62 29 40 79 134 21 104 24 58 25 0 29 12 16 6 0 0 9 9 20 70 60 48 18 63 0 82 4 40 30 23 49 50 123 64 63 18 129 51 24 0 0 2 48 105 11 48 37 155 15 6 14 112 36 0 28 66 27 0 94 27 57 53 30 32 3 40 71 0 51 69 60 70 18 15 174 12 0 4 154 36 122 69 35 71 136 27 51 0 84 22 84 36 102 27 68 41 45 66 50 42 1 24 114 36 49 0 5 52 75 39 66 41 100 30 45 54 7 31 6 92 78 83 129 99 18 10 76 9 98 21 49 27 40 81 65 104 75 49 69 6 145 96 5 15 67 0 113 15 10 60 85 0 70 84 81 15 28 21 99 147 3 0 62 28 11 66 0 2 56 128 129 43 0 88 140 80 41 13 36 3 50 30 117 30 18 76 16 6 158 90 15 74 135 89 40 124 47 78 38 0 58 68 15 88 102 30 0 24 0 54 39
30 46 93 59 64 102 78 108 66 80 26 82 40 7 20 43 56 0 163 9 78 32 37 165 89 0 43 69 35 34 27 8 30 38 140 72 32 105 74 28 80 19 106 27 24 46 26 63 22 36 63 91 103 121 18 0 23 18 0 14 70 67 36 41 48 80 95 9 61 1 40 116 18 4 16 44 0 132 28 69 21 47 0 84 28 1 158 29 30 3 20 0 91 81 120 61 9 18 21 16 36 62 99 64 42 54 0 24 0 21 79 84 29 98 40 5 64 18 21 91 95 35 33 10 159 0 8 49 7 36 54 18 255 6 31 36 45 71 36 136 25 0 6 35 22 30 0 13 117 0 0 81 41 7 67 0 9 18 266 15 36 19 40 95 110 54 20 4 5 5 47 19 14 7 6 30 4 35 0 0 52 13 0 63 24 0 10 20 10 45 61 8 45 8 65 0 47 14 28 15 25 34 12 72 40 96 72 41 0 74 0 4 59 84 7 123 19 85 124 33 63 84 5 79 8 64 0 135 5 16 87 97 72 35 70 0 79 30 46 36 135 107 159 65 64 65 0 5 56 4 101 64 75 54 32 0
136 8 0 0 56 4 42 59 59 0 159 15 45 24 44 4 0 24 30 48 36 42 151 81 100 63 3 33 56 46 63 0 93 42 36 36 97 118 0 0 85 99 87 41 81 9 40 36 12 56 90 48 19 76 106 159 92 54 42 0 35 44 24 64 9 195 60 63 124 71 111 21 92 49 42 2 27 122 14 12 70 48 54 84 116 60 7 130 26 34 1 36 112 99 53 117 0 0 18 51 42 7 116 88 137 8 8 92 10 25 40 34 36 112 24 19 106 0 21 0 84 6 30 30 23 54 84 55 0 110 64 2 192 48 38 114 104 38 4 4 118 72 40 48 36 14 63 27 58 130 26 0 92 93 31 30 92 2 111 0 209 52 99 90 72 27 84 26 113 41 59 92 49 69 0 48 0 0 9 72 66 81 9 152 55 4 20 0 80 75 61 20 36 104 122 5 5 84 0 78 36 150 40 81 0 70 18 36 6 66 67 28 0 71 92 0 24 30 71 0 79 86 27 154 44 48 208 18 14 74 24 18 101 58 57 0 124 45 6 48 72 12 141 0 8 116 18 132 30 79 14 15 24 52 33 20
118 24 65 80 40 33 54 0 4 31 81 6 58 105 85 24 29 89 10 48 99 0 149 0 114 53 56 99 0 0 0 39 94 87 75 11 64 26 40 76 30 2 85 32 184 35 161 43 74 68 56 16 24 0 0 68 115 88 61 27 0 21 56 119 0 6 0 0 51 18 69 0 57 22 48 80 36 0 9 0 6 59 38 59 143 0 33 51 99 99 26 67 43 91 83 62 63 54 72 14 28 48 12 94 51 0 54 29 0 32 24 0 21 16 56 9 140 60 17 24 52 44 15 221 108 95 24 42 65 0 87 36 36 69 3 20 7 40 11 102 1 15 4 0 14 10 71 10 50 0 0 24 52 36 35 20 150 24 0 73 9 55 54 8 11 83 3 30 120 6 120 105 88 5 20 32 49 28 27 99 26 80 109 22 116 36 0 12 67 2 23 86 71 106 82 26 126 0 18 27 93 0 9 21 84 79 45 139 14 112 42 54 8 74 25 168 5 99 0 15 29 111 61 16 82 43 69 71 115 63 21 35 66 53 0 7 120 176 56 41 20 77 35 15 30 105 25 77 0 0 0 41 37 35 74 0
194 57 0 175 33 115 89 0 36 61 75 93 0 44 128 167 56 43 81 84 60 65 103 92 133 150 111 104 70 61 31 66 156 30 82 27 160 124 137 41 42 56 72 60 111 47 88 86 0 28 106 95 88 94 42 0 45 0 65 97 124 61 105 268 54 102 16 42 16 24 0 127 42 75 34 29 28 82 49 30 103 8 114 44 48 40 79 24 10 128 16 30 6 84 155 103 0 98 36 60 54 28 0 77 80 129 39 22 6 58 8 42 16 60 90 17 152 58 53 37 9 46 115 180 70 36 43 86 60 56 0 45 82 52 89 61 42 154 16 35 24 69 95 84 36 0 70 0 101 8 52 59 0 40 48 51 104 5 228 104 6 56 58 166 81 126 77 120 66 18 44 87 23 115 81 65 32 116 88 50 125 37 97 26 74 83 0 120 101 54 120 62 69 61 57 55 74 127 70 54 15 7 36 63 48 44 48 153 96 147 28 99 43 109 92 10 149 23 17 37 59 127 73 36 102 33 8 47 75 16 185 186 133 73 48 120 116 137 39 104 34 148 54 76 178 101 82 145 64 119 90 32 92 65 25 177
12 15 0 115 39 62 72 9 9 65 25 32 30 7 125 92 2 24 2 24 83 0 152 6 175 51 93 176 10 0 0 156 87 12 111 30 18 66 83 6 20 50 6 0 12 15 128 5 21 72 0 0 0 36 10 0 63 42 28 0 215 21 1 26 18 5 4 30 67 6 41 3 38 0 0 93 0 24 38 72 102 4 7 84 140 45 84 64 21 18 0 18 68 75 8 118 8 24 12 20 117 66 81 18 55 59 40 69 45 30 81 0 0 79 48 0 76 184 34 5 38 147 54 75 18 4 78 72 99 9 20 58 93 42 91 10 0 91 9 0 9 24 6 125 57 8 0 28 0 7 8 9 48 117 64 116 152 6 81 64 0 40 146 108 72 87 18 60 59 0 156 18 25 45 76 5 72 56 30 0 36 62 45 6 44 52 32 36 40 0 44 82 15 0 101 20 15 22 27 6 183 9 42 111 18 0 0 6 0 40 23 0 53 8 14 86 64 98 8 16 0 0 35 0 0 8 112 18 10 5 4 54 90 69 87 0 59 169 105 5 56 126 65 32 42 35 40 0 15 18 15 54 24 49 0 0
36 0 23 121 2 24 41 47 1 94 49 0 70 173 30 43 73 141 17 54 21 41 54 11 46 24 76 103 72 40 123 36 29 51 99 14 16 5 116 37 14 30 47 93 14 8 57 14 47 63 89 70 32 14 15 84 131 0 88 18 63 16 38 16 0 54 33 30 32 65 3 0 50 153 96 18 20 100 66 53 0 97 4 97 21 24 56 133 73 10 14 16 6 163 15 51 9 25 0 0 30 0 18 95 79 73 75 136 5 67 58 33 27 69 18 44 72 7 68 122 66 18 67 84 166 21 123 74 64 41 144 21 23 60 26 21 1 10 38 26 61 50 42 37 21 38 197 36 85 111 115 72 186 53 30 110 38 104 19 97 54 52 33 75 29 120 171 5 30 5 134 80 107 106 10 21 2 82 82 74 26 158 58 36 53 3 16 64 60 39 18 105 39 0 126 136 88 36 27 42 11 30 27 66 11 10 26 191 92 139 20 8 64 38 83 135 3 35 129 128 159 149 42 45 7 89 69 84 22 111 4 121 47 60 72 63 99 29 16 49 41 128 17 69 30 64 85 27 0 64 57 23 7 87 114 45
12 30 82 78 125 24 85 122 77 85 104 86 52 96 70 104 68 91 114 130 54 115 248 72 110 109 80 42 105 125 85 176 159 72 133 203 99 16 86 66 69 81 41 28 293 70 123 12 225 58 346 18 45 107 97 84 80 159 166 81 95 59 43 94 115 186 28 48 50 41 184 81 99 45 208 20 52 55 87 115 112 149 84 62 21 39 69 126 70 30 42 193 4 70 60 170 110 96 77 65 49 34 74 66 58 118 43 157 50 116 44 14 36 201 93 86 190 152 94 85 184 94 134 32 104 123 20 9 104 174 24 117 51 105 52 161 39 288 35 62 140 53 41 244 124 88 112 92 58 16 35 30 17 65 70 46 113 46 209 61 79 113 84 88 45 107 38 118 101 25 84 157 21 34 49 27 56 133 155 75 164 254 57 98 93 41 117 32 25 10 98 22 18 81 47 129 148 116 0 167 149 103 7 7 189 42 42 164 37 58 85 30 42 82 76 3 121 96 76 118 68 96 75 120 134 206 229 18 48 193 86 10 45 115 77 0 172 88 59 95 75 0 155 32 122 75 28 54 31 264 51 70 138 58 75 93
64 177 126 52 167 15 40 115 0 5 85 39 33 101 12 209 133 86 83 107 0 32 262 128 57 91 333 151 172 54 28 54 53 36 49 53 73 75 59 124 55 84 71 49 194 91 0 46 88 53 14 0 206 59 56 113 162 151 136 39 60 103 120 166 152 156 137 131 75 24 116 58 70 20 145 112 10 146 90 88 181 69 98 18 198 84 25 0 114 78 82 63 162 48 131 116 116 54 32 129 33 118 8 90 99 88 67 101 17 98 51 170 81 163 100 72 69 114 69 109 40 104 73 91 39 143 122 23 146 59 36 42 101 48 127 64 42 88 30 179 23 61 57 108 97 42 36 175 120 79 98 240 72 126 83 26 54 35 103 174 58 57 78 30 108 155 132 81 186 53 47 131 62 96 115 32 77 187 99 118 95 91 47 37 138 102 1 170 99 106 45 54 0 183 59 132 98 139 0 94 81 119 49 164 67 119 66 61 58 121 200 51 72 42 88 60 53 121 44 110 128 24 48 107 21 74 216 49 209 175 67 86 59 66 112 60 200 127 160 134 0 137 97 6 105 31 125 127 100 156 84 108 140 125 5 53
127 128 101 30 7 29 0 54 28 25 56 45 52 44 34 115 122 58 250 86 14 41 126 131 140 0 47 45 9 24 102 66 54 21 70 70 97 48 101 0 57 76 86 0 134 60 16 0 110 102 56 105 34 157 20 0 0 129 20 97 80 63 220 35 30 30 79 32 85 0 55 76 16 79 193 29 1 112 63 48 47 90 91 63 56 49 4 119 84 39 101 20 0 54 4 60 13 75 30 54 56 74 35 54 56 4 78 133 100 79 0 49 12 42 0 71 48 94 69 240 152 0 41 142 61 56 79 0 16 51 63 9 84 117 60 44 155 137 80 14 93 25 63 8 30 0 73 65 83 108 37 97 83 31 5 36 117 0 51 12 20 87 97 1 0 102 126 44 54 48 180 21 91 92 57 72 119 67 0 32 49 130 18 91 51 4 0 0 83 123 42 255 81 0 58 100 89 151 34 72 77 0 22 205 157 41 81 23 28 0 46 46 0 25 199 27 136 7 61 62 100 44 63 75 26 42 100 8 53 85 32 9 105 158 77 42 45 120 57 178 40 72 30 120 81 166 0 125 0 133 161 98 143 65 18 62
38 32 59 95 0 2 55 87 24 45 86 73 32 68 78 64 0 133 72 122 113 28 52 17 29 163 66 117 86 81 71 86 143 21 51 0 66 86 0 21 0 73 162 103 76 41 11 60 62 36 69 45 50 20 39 86 8 141 6 63 100 123 42 26 35 63 107 36 23 68 65 4 24 17 121 101 16 7 74 0 10 21 42 22 43 29 45 49 0 46 29 47 34 104 18 162 62 72 68 64 55 46 30 68 12 96 222 5 65 65 4 18 16 104 51 21 33 29 147 90 60 91 32 154 0 129 173 34 98 22 5 39 18 164 148 48 50 154 30 84 126 17 71 32 36 0 44 84 97 105 28 72 66 96 90 47 129 1 106 106 61 76 68 157 107 49 101 17 78 60 70 141 68 32 52 64 100 90 8 12 63 41 89 71 78 64 53 31 59 94 38 39 95 28 22 147 123 148 8 122 86 35 17 242 216 0 16 75 10 64 154 81 16 13 95 96 27 99 110 121 123 35 60 28 74 6 14 19 41 44 14 9 114 52 12 0 84 172 73 55 69 82 69 47 67 110 63 49 12 65 102 88 77 45 54 137
9 49 48 46 42 12 41 48 7 55 36 0 72 10 118 54 37 0 31 24 16 0 51 0 48 72 10 28 6 16 3 18 44 67 86 42 90 84 81 64 35 37 108 17 72 48 14 20 21 97 42 0 64 123 62 0 6 12 14 54 37 54 72 21 0 0 24 42 0 40 59 48 2 24 54 24 4 51 46 4 48 56 32 0 103 65 27 36 7 60 43 40 46 10 40 32 36 28 95 0 0 0 50 28 59 27 27 91 31 8 28 0 56 7 1 36 52 34 87 57 22 2 0 24 51 28 50 66 42 110 8 81 36 65 24 0 8 5 0 26 108 44 112 102 93 6 56 18 15 35 30 54 13 12 47 50 76 2 34 0 16 116 107 45 0 32 0 72 35 0 27 119 21 36 0 24 77 0 81 48 10 0 44 0 33 52 42 49 24 68 83 56 66 32 70 45 140 0 103 25 87 58 28 91 36 2 108 33 18 57 100 104 22 46 12 77 59 21 82 83 14 62 0 40 18 126 0 6 60 18 16 16 0 70 59 30 175 0 64 99 110 101 185 1 42 63 24 0 37 18 65 35 98 39 49 0
36 113 66 152 49 48 66 33 76 66 3 27 21 90 32 0 107 15 60 56 81 0 145 253 48 116 107 61 73 0 0 63 71 58 20 52 0 79 87 24 33 9 9 24 36 70 72 88 15 42 12 27 27 7 24 60 18 89 35 42 81 0 0 107 14 0 126 32 0 63 0 7 42 159 85 128 80 23 32 25 71 105 0 70 76 15 104 13 57 71 78 8 14 110 72 72 13 82 2 49 64 0 20 146 51 42 24 128 15 16 7 16 32 118 92 82 86 41 96 91 48 106 28 9 79 16 116 54 88 101 72 33 18 101 0 41 65 21 6 69 82 45 40 90 27 38 64 52 8 178 70 87 38 145 118 59 2 17 9 18 64 34 0 0 152 81 69 15 49 12 54 128 46 119 105 0 38 75 48 69 84 140 27 36 185 104 0 126 62 30 45 84 39 32 81 140 161 75 0 50 4 143 27 108 48 73 143 27 140 85 3 18 54 46 41 81 8 16 7 166 112 75 3 21 8 56 87 47 79 20 0 32 49 161 129 61 62 135 3 98 8 209 52 102 48 35 70 27 16 90 21 15 69 54 6 21
73 90 32 24 0 24 56 48 24 107 37 18 43 66 45 4 24 35 30 46 33 0 192 30 107 12 65 66 75 0 45 36 29 69 30 63 51 125 0 42 0 70 20 40 86 36 0 71 57 6 0 5 0 7 47 0 0 105 0 42 53 32 66 70 73 24 95 0 28 0 0 0 0 6 127 61 53 84 48 56 24 54 51 32 18 0 61 0 91 26 35 56 48 24 106 99 0 146 36 63 72 0 45 22 71 0 18 0 111 17 51 52 46 36 30 24 33 75 0 68 4 48 40 48 60 0 88 6 120 60 42 63 11 90 0 87 44 23 24 74 74 47 46 35 0 0 110 12 109 42 48 47 5 7 56 65 63 65 24 24 54 47 80 45 0 8 75 30 121 0 20 0 92 49 67 36 0 30 18 27 0 65 51 6 40 63 28 0 29 73 78 77 145 67 46 15 70 36 42 107 0 9 5 69 63 49 57 54 12 0 0 28 38 22 115 74 34 0 25 20 122 0 62 11 24 44 66 0 101 45 4 37 28 46 55 98 128 0 37 46 46 0 20 51 0 5 71 0 16 16 12 49 118 18 16 28
36 72 108 54 47 29 56 65 40 61 96 54 33 56 30 145 59 59 48 56 70 30 72 33 128 137 47 18 45 81 42 118 156 10 77 18 101 159 51 95 28 92 0 60 179 101 54 36 16 134 91 4 60 165 126 72 42 79 69 14 83 196 0 28 33 165 0 231 16 159 24 132 8 9 12 81 31 20 39 59 152 138 37 70 123 72 81 93 51 34 40 27 35 112 9 130 27 4 105 36 4 26 172 70 46 153 83 51 62 47 9 64 31 160 8 25 33 102 132 31 82 78 116 134 7 89 73 11 3 113 18 4 72 76 48 105 15 114 81 92 69 96 70 86 84 2 85 67 28 58 130 145 156 57 111 76 102 37 76 69 40 45 55 12 50 75 246 144 118 6 79 123 53 161 24 54 36 97 151 28 21 90 42 123 23 54 63 0 24 20 153 4 91 75 136 108 108 42 46 27 4 106 71 178 0 34 120 19 21 33 97 8 0 28 32 28 113 130 58 89 163 116 21 131 59 85 88 76 67 111 0 26 32 89 142 81 32 52 18 103 118 87 120 0 30 104 53 42 32 66 39 36 68 73 0 17
53 0 103 114 2 106 139 47 12 69 36 0 50 88 60 103 16 15 88 36 61 0 53 74 101 16 8 55 0 142 34 6 17 54 93 179 20 113 54 36 26 19 69 120 26 16 167 34 160 82 203 114 38 99 101 56 81 5 150 97 108 0 29 147 32 104 24 7 51 72 64 92 8 130 57 129 18 42 132 37 3 53 40 112 42 16 67 87 112 25 14 88 87 245 57 18 9 1 28 3 6 0 104 226 2 110 54 128 18 115 0 216 0 16 76 126 28 21 58 97 64 18 103 2 232 1 47 119 18 72 41 34 44 19 58 7 8 232 12 64 12 124 76 9 234 26 72 138 79 34 77 71 31 68 113 48 70 36 107 86 66 12 94 35 101 90 6 18 66 27 108 59 44 79 28 37 58 184 7 107 223 95 62 59 95 38 83 0 64 37 76 56 78 85 93 111 186 40 0 54 112 51 34 161 100 59 76 63 8 100 8 35 25 1 18 108 30 8 84 34 55 44 0 54 4 53 45 87 36 142 35 155 25 23 54 70 130 37 36 60 123 70 168 71 66 53 66 118 3 53 35 33 96 47 214 18
72 75 15 36 76 45 88 0 0 99 4 6 44 40 28 180 96 32 108 67 28 75 22 2 102 18 10 52 28 72 59 114 142 4 16 48 18 38 215 45 50 5 18 4 72 12 139 135 40 68 25 8 70 8 46 114 166 56 75 134 23 28 107 70 83 105 73 32 116 8 102 104 55 69 189 13 53 90 117 9 28 108 43 28 182 39 62 0 6 32 28 10 74 34 124 253 58 20 49 41 0 4 40 82 14 40 13 102 87 47 9 32 43 38 8 114 8 52 67 103 61 4 204 67 76 29 39 22 12 0 0 78 58 106 99 30 66 168 55 42 46 0 0 36 167 0 68 36 42 96 103 86 32 137 0 81 236 62 157 87 84 44 122 10 96 25 109 30 62 0 93 22 72 63 0 47 6 18 53 172 5 199 96 30 33 106 8 10 0 153 21 72 217 81 77 46 54 107 2 145 64 125 110 91 30 102 106 19 24 39 174 90 0 0 20 12 112 89 0 57 44 78 84 121 50 72 192 0 40 213 72 167 76 10 45 71 106 89 20 95 45 69 24 172 100 32 171 27 51 52 83 29 31 22 27 0
4 17 39 63 168 44 130 102 63 0 70 28 16 76 5 124 42 72 21 155 28 36 149 17 89 222 98 47 137 81 16 52 76 48 48 166 90 60 91 16 68 23 99 28 50 90 70 28 116 27 199 52 12 36 0 36 132 102 162 37 49 52 14 109 12 67 79 42 60 60 117 9 68 75 124 83 81 56 60 70 78 21 9 53 92 55 61 0 216 126 20 34 14 67 56 148 0 60 20 83 0 33 74 62 83 115 124 81 18 81 111 116 35 8 54 28 86 34 48 6 90 180 59 121 149 23 61 15 24 119 44 20 112 10 47 51 96 140 16 20 72 18 17 120 111 89 52 28 57 8 0 132 86 94 171 63 36 129 239 57 20 95 52 246 58 135 14 32 83 32 142 133 6 78 130 0 6 177 0 32 159 103 0 70 52 0 72 60 73 0 109 27 44 179 0 92 145 49 57 99 72 136 10 143 169 31 0 50 12 51 8 10 73 13 14 53 39 32 49 84 27 0 60 60 120 37 132 0 13 150 5 18 64 45 4 0 78 216 58 41 0 64 120 73 102 10 32 20 24 82 61 59 137 18 134 101
46 0 49 16 42 23 3 18 32 124 155 108 0 45 36 0 4 41 86 76 2 16 76 18 12 0 8 2 160 36 0 78 54 24 8 81 33 29 0 0 11 8 32 2 60 0 0 114 45 8 40 49 44 104 36 0 137 30 52 44 12 0 63 0 0 13 12 0 45 0 131 44 90 0 70 16 6 0 14 74 138 120 4 14 46 79 16 100 84 36 68 12 18 7 50 36 41 62 72 16 76 78 32 10 24 5 52 36 40 21 0 53 33 16 0 6 84 0 6 7 0 0 78 74 42 88 0 55 0 20 5 84 20 36 4 91 76 64 36 0 0 0 32 72 36 0 21 40 35 0 66 0 27 41 0 0 0 12 28 81 42 24 152 32 71 31 4 54 12 0 77 64 0 132 62 38 48 28 0 18 39 56 70 1 48 46 62 0 6 0 0 0 6 0 77 0 0 74 42 71 13 10 64 93 113 56 0 12 26 1 90 14 8 0 59 13 67 96 46 72 26 54 0 114 39 0 39 66 0 95 0 63 52 108 0 96 10 172 25 105 60 2 70 31 31 64 33 0 33 54 16 27 2 74 20 32
5 0 57 49 93 45 161 20 32 105 227 149 0 277 64 41 8 0 0 20 12 88 96 78 112 55 113 29 167 69 24 123 43 8 87 32 43 102 43 117 28 40 43 24 80 45 5 41 127 56 104 150 0 51 24 6 159 30 48 10 24 48 71 21 70 87 0 3 105 60 39 66 38 56 84 21 70 88 64 42 79 79 93 18 169 50 82 6 0 8 61 73 107 73 0 60 101 173 8 108 137 90 189 5 26 119 76 115 7 18 48 22 0 92 4 12 77 59 94 156 68 32 190 10 118 83 20 4 24 178 150 18 109 67 122 139 3 182 18 118 48 9 63 191 85 24 170 84 53 54 91 146 8 107 16 29 15 22 104 105 154 24 84 40 100 119 72 75 48 16 51 128 24 50 24 15 0 46 0 74 20 229 54 0 142 73 9 18 106 30 86 48 42 46 78 46 35 126 42 155 123 62 24 194 40 0 112 103 82 93 114 115 48 64 39 10 140 126 30 83 284 0 63 52 21 48 44 12 71 0 32 53 10 0 126 0 228 35 33 88 39 113 53 61 0 55 115 33 93 118 158 102 0 103 0 50
40 44 207 36 92 45 65 27 66 36 130 4 61 117 96 31 68 141 24 232 0 51 165 5 43 129 18 91 109 15 62 78 14 78 78 45 28 32 121 108 81 24 20 81 72 111 140 80 65 8 78 131 92 0 0 15 119 72 161 60 82 10 69 68 57 0 118 81 37 9 73 42 12 65 134 107 70 48 55 15 94 32 65 98 101 12 116 65 235 136 36 27 48 124 0 86 0 81 104 51 0 10 80 162 6 92 76 161 35 114 124 151 63 32 0 88 0 181 74 119 41 8 119 63 165 112 54 131 20 53 63 150 52 63 0 0 0 30 50 3 36 58 40 0 80 11 84 80 117 98 30 48 152 0 158 21 96 97 26 8 0 75 99 72 27 0 102 0 48 5 137 91 14 40 155 0 0 32 48 16 16 27 30 44 59 51 14 26 18 82 63 64 24 225 48 189 60 72 18 0 41 124 69 96 63 0 27 103 79 122 4 18 53 145 165 48 48 64 112 111 72 78 208 18 4 95 48 0 102 9 0 143 66 81 54 6 74 72 10 14 8 152 68 55 75 0 34 43 19 141 56 115 42 114 55 49
81 32 41 36 3 0 0 127 81 31 35 39 30 3 40 100 184 74 72 143 144 55 11 0 66 2 117 42 108 0 0 47 43 52 61 0 18 53 54 90 10 0 0 20 64 62 31 2 84 0 91 108 84 15 6 0 15 41 9 18 113 62 90 117 53 99 16 13 56 0 29 6 113 1 137 7 44 112 79 26 27 80 73 40 27 9 74 0 48 109 87 118 111 54 22 9 12 56 48 75 27 83 63 41 0 12 0 100 58 15 139 86 42 119 33 0 69 81 36 142 74 5 74 47 100 108 102 22 12 0 73 7 42 52 51 65 113 45 30 81 8 71 7 41 105 35 34 63 17 7 4 66 4 37 0 79 62 109 0 14 0 112 22 71 55 20 83 138 18 6 21 34 60 112 9 71 72 124 54 113 48 125 27 53 14 13 0 76 50 73 20 100 108 24 33 32 21 111 103 66 51 9 22 12 18 85 45 25 66 57 6 6 27 53 23 47 61 56 38 88 60 66 34 9 10 89 75 51 24 45 73 9 69 58 80 7 129 8 49 63 38 18 83 66 4 13 66 84 109 144 75 63 72 10 29 43
0 27 126 20 53 100 14 61 15 105 156 23 62 24 154 127 77 78 51 40 128 21 35 7 163 72 32 94 18 135 100 18 171 82 293 92 210 125 0 62 69 36 141 18 42 208 88 80 82 110 186 194 114 86 28 0 130 263 136 18 72 26 27 64 51 101 124 39 41 6 50 42 43 123 140 12 15 47 62 10 0 47 109 138 56 89 64 0 131 48 51 70 165 283 93 191 138 102 60 96 51 46 191 12 125 71 151 78 90 150 6 4 65 0 24 58 74 91 42 50 165 18 233 161 234 0 30 64 0 27 103 84 107 12 54 81 65 116 73 0 74 56 12 82 67 0 211 65 14 85 55 34 20 178 61 238 105 5 135 99 76 54 0 77 191 168 116 0 49 18 205 75 0 64 75 118 16 79 27 152 81 186 48 55 100 106 83 0 24 82 80 58 92 58 143 17 274 9 60 27 209 36 89 159 186 142 96 84 9 239 198 15 112 105 98 225 137 63 122 8 123 128 131 106 24 177 90 34 46 151 6 123 9 153 120 0 112 18 82 96 154 46 0 56 160 101 166 0 81 37 0 111 137 111 216 7
63 31 170 48 25 29 99 46 31 5 108 34 0 118 80 61 63 43 25 108 58 28 132 63 40 141 0 0 137 127 0 74 139 3 74 54 151 188 63 6 55 217 60 8 105 55 49 74 126 99 30 139 59 21 54 0 103 92 62 33 50 0 138 152 0 71 56 55 40 36 111 5 30 27 122 39 69 99 35 6 131 47 64 76 107 31 42 89 89 2 52 49 57 76 6 101 35 133 27 145 52 18 89 7 37 18 52 31 13 36 8 40 73 75 12 75 159 62 0 31 14 36 68 103 166 112 12 86 79 149 32 39 9 21 21 213 26 179 10 109 61 30 97 24 54 4 56 61 144 15 72 78 179 30 210 108 70 92 135 131 153 41 160 101 91 156 66 49 219 0 42 28 21 122 51 64 65 119 72 6 92 72 112 0 101 91 101 58 158 27 145 26 138 93 12 138 19 115 16 92 111 105 2 156 57 48 3 30 68 44 145 44 64 85 85 0 135 64 129 115 93 0 27 86 137 0 174 11 110 45 18 36 30 72 36 18 81 131 18 155 168 28 184 42 53 20 19 84 0 77 98 72 165 68 102 40
12 14 95 24 20 0 14 32 51 61 72 0 43 53 72 33 49 69 55 42 7 35 60 44 12 81 28 46 9 9 21 18 54 39 104 99 0 79 0 56 49 10 28 14 122 0 45 101 27 42 16 33 59 64 46 41 89 24 33 25 128 48 0 25 89 96 53 3 21 51 32 88 6 35 51 17 0 0 9 18 0 24 0 15 69 3 36 19 0 0 15 26 9 58 48 72 22 24 24 0 0 4 56 76 28 87 40 77 4 35 36 79 5 8 69 41 0 70 16 13 49 10 0 60 44 5 72 0 0 16 20 43 120 12 87 0 35 0 60 37 0 5 18 83 30 14 5 15 54 21 24 0 8 21 112 0 27 39 45 49 21 0 59 92 0 22 24 14 9 7 30 5 20 3 35 1 75 15 9 39 12 12 0 82 0 32 1 9 0 0 49 12 33 35 72 16 12 0 0 62 1 3 8 30 51 43 0 40 0 29 72 36 12 14 0 71 0 0 0 5 34 8 0 56 3 32 37 72 23 1 0 99 44 16 0 49 33 73 99 64 140 0 32 35 46 0 50 72 31 32 32 15 11 25 14 0
138 33 6 62 26 19 36 9 0 54 62 81 76 19 104 116 38 34 147 140 6 60 56 21 89 81 65 75 162 3 94 40 110 0 213 72 75 20 18 0 44 44 54 152 175 45 106 27 69 110 157 96 3 144 132 83 7 45 84 48 86 14 15 108 71 80 0 58 48 41 69 101 8 27 42 52 49 26 70 30 18 20 106 46 36 90 91 62 56 127 42 136 2 42 88 0 74 55 6 34 26 0 68 92 54 31 121 76 67 45 0 32 0 90 115 18 11 31 46 60 219 123 26 77 114 122 79 82 68 76 145 78 47 45 12 45 34 64 66 173 119 36 139 18 104 0 12 0 83 83 18 9 56 84 18 0 4 20 86 48 81 111 168 23 0 74 100 81 155 0 223 60 72 48 27 66 90 0 109 24 0 122 171 147 0 16 169 48 11 30 42 73 59 51 182 163 88 129 126 6 56 52 10 121 35 4 20 81 95 206 74 54 9 52 178 88 76 86 156 222 50 59 0 110 0 170 90 48 70 60 40 139 99 120 100 76 71 5 149 58 65 112 66 34 69 72 5 15 105 171 56 96 45 52 72 52
16 20 32 33 24 0 0 47 16 0 65 53 28 31 130 197 0 50 94 28 96 45 90 45 47 75 28 93 137 12 0 76 62 0 65 16 56 127 72 40 69 4 40 40 103 16 0 38 40 82 58 56 84 72 5 101 46 56 32 97 180 11 137 175 56 88 24 0 52 87 43 36 0 0 80 160 14 21 23 20 43 90 36 122 120 27 133 0 16 136 10 0 93 66 171 116 109 63 60 15 70 17 8 20 41 90 119 90 0 80 81 8 28 32 119 90 42 110 32 16 159 45 26 99 12 47 28 71 101 69 98 24 8 70 11 39 91 114 6 117 180 117 28 36 5 0 36 48 141 16 42 54 141 101 50 133 50 51 18 81 14 0 179 87 17 39 133 24 22 34 136 0 40 18 72 0 59 24 22 43 36 36 44 105 8 76 42 6 76 0 61 125 23 41 54 49 6 101 0 35 75 50 52 44 54 63 27 162 23 0 159 24 1 34 6 143 33 194 172 40 15 96 0 74 51 68 52 56 52 18 16 16 135 10 90 2 13 64 180 73 112 100 72 79 63 18 0 64 75 20 135 0 60 94 72 60
0 0 0 35 26 0 47 12 0 0 58 27 33 83 83 8 57 16 72 120 0 99 101 12 81 72 62 16 72 42 49 6 0 57 0 30 173 40 140 48 9 0 16 38 55 12 81 23 6 64 86 0 53 65 0 59 105 18 72 28 0 0 0 36 120 131 0 0 69 0 56 66 132 17 12 33 18 81 172 107 81 129 194 69 49 63 21 0 18 28 0 193 8 32 33 16 40 99 50 3 156 45 0 128 0 65 31 54 7 24 39 8 68 9 29 63 12 28 77 30 25 40 77 0 32 7 0 8 60 0 52 68 0 32 155 121 11 273 7 36 73 24 64 44 124 20 93 78 46 47 74 3 6 143 119 16 59 7 53 18 40 0 88 3 14 28 123 97 62 49 63 0 0 30 28 59 0 12 42 4 87 98 87 80 33 74 56 0 27 15 14 85 31 0 12 0 54 176 18 130 171 99 121 30 0 64 64 99 32 62 63 72 0 0 45 42 89 99 137 24 162 86 10 50 108 62 84 20 8 85 56 72 112 40 0 30 205 46 30 63 47 35 0 47 28 107 213 51 66 97 70 60 129 67 42 49
10 14 63 32 46 40 28 95 10 160 24 143 60 184 14 111 125 109 100 40 51 132 28 24 210 26 0 21 79 0 77 28 203 72 34 2 43 147 35 207 82 92 42 115 98 8 34 84 100 21 64 10 44 62 112 112 58 93 112 53 58 90 12 90 55 185 82 81 0 102 5 0 28 0 103 48 13 128 56 56 0 137 20 12 113 47 117 4 15 30 30 36 40 38 91 109 70 46 54 24 109 48 60 52 12 104 49 130 31 75 83 72 25 152 12 44 18 64 119 15 57 24 88 7 75 108 102 117 19 194 77 58 0 109 30 84 61 170 18 20 127 8 25 58 36 35 177 52 82 58 84 107 160 80 40 79 40 42 4 86 5 52 18 123 8 24 122 10 77 0 91 73 50 18 92 8 40 55 54 75 55 115 83 155 0 8 48 0 84 0 143 28 40 74 38 31 89 62 15 60 16 100 14 14 6 45 36 60 12 55 70 53 16 72 112 20 47 132 46 150 129 35 73 92 18 96 48 152 107 12 64 121 48 69 112 135 24 96 108 0 150 102 48 16 87 104 80 129 46 268 101 72 36 51 41 16
16 0 0 120 100 0 27 85 0 54 6 22 0 58 101 275 16 29 0 0 0 71 43 50 68 6 60 21 1 54 75 85 75 61 53 88 0 0 5 21 4 12 54 0 99 0 72 16 80 54 30 14 0 0 18 63 6 27 84 42 35 9 128 0 87 27 100 24 114 40 104 81 31 0 121 33 32 53 93 107 22 43 18 0 130 0 100 21 34 63 45 62 115 5 2 171 0 45 72 57 99 61 97 18 6 45 24 153 9 54 0 44 7 28 88 149 40 84 66 66 164 76 66 64 18 56 16 0 20 28 83 42 110 41 55 23 3 7 102 30 4 20 0 101 9 5 43 0 24 28 78 77 68 38 4 103 45 64 174 69 8 31 6 30 63 16 142 24 208 0 128 15 35 45 109 31 12 7 54 46 0 80 8 97 87 90 48 0 0 0 24 0 40 22 54 44 90 27 0 132 134 6 54 159 99 0 81 11 0 13 85 58 15 0 24 31 71 171 30 67 59 12 39 87 9 141 124 64 23 54 0 0 92 0 42 36 34 101 49 90 16 135 43 9 0 20 72 0 30 56 18 102 63 16 0 0
200 0 112 101 40 32 56 18 27 27 63 44 72 68 71 68 33 0 63 76 144 42 186 71 113 41 54 73 48 170 0 90 144 103 53 53 92 72 118 12 15 66 214 0 107 34 59 4 123 35 168 205 48 2 13 4 146 0 91 105 18 43 149 157 93 75 109 51 53 0 6 49 36 28 157 23 16 53 70 10 105 46 68 38 115 0 48 72 88 74 28 86 30 22 22 56 8 124 82 31 45 64 0 89 86 106 100 4 53 54 9 40 59 62 25 66 192 74 137 12 76 27 120 81 108 0 71 30 187 21 16 63 9 141 63 84 59 121 0 0 43 0 3 0 0 54 147 25 128 59 36 122 153 24 104 72 100 19 85 56 25 24 45 130 6 25 16 128 90 0 36 49 32 7 45 126 51 57 93 32 39 35 137 21 50 16 45 67 78 32 135 138 84 66 90 100 30 7 26 131 53 54 78 0 0 42 5 153 45 24 81 90 26 96 34 14 97 111 50 0 29 45 50 27 39 14 44 60 20 6 71 54 15 34 46 70 100 196 13 152 52 62 14 35 39 143 48 93 45 28 144 44 49 92 32 0
20 18 0 111 27 21 30 0 0 15 25 21 65 60 55 60 97 36 9 85 8 48 60 0 77 0 0 35 7 18 89 92 39 43 28 81 0 40 33 57 104 71 56 20 96 21 0 7 18 56 0 0 7 31 0 30 124 45 92 0 14 2 49 0 28 118 151 86 48 80 0 0 12 155 20 51 21 49 22 0 60 34 0 78 135 50 49 41 121 27 0 105 6 64 54 68 49 58 39 8 51 40 15 72 75 40 81 125 67 33 79 123 20 0 48 60 30 118 12 133 20 30 39 24 93 54 126 45 0 6 12 58 0 39 166 0 5 0 6 40 78 30 58 36 135 0 54 12 0 20 18 18 150 46 4 74 94 1 8 0 46 78 54 0 35 23 77 28 73 4 119 84 36 63 65 73 18 22 60 54 38 21 24 4 0 44 70 0 85 10 102 52 34 25 36 87 42 12 0 65 5 129 57 72 12 60 59 44 66 19 28 72 0 18 200 34 35 80 126 50 179 26 113 102 85 0 84 0 113 44 31 36 60 116 123 6 4 122 81 0 2 52 85 48 56 44 110 36 66 107 58 36 89 72 8 68
14 0 45 5 79 22 61 75 0 24 16 82 35 34 11 28 5 2 9 36 42 0 123 10 97 10 51 14 24 5 12 98 209 37 101 54 116 74 63 12 15 12 0 0 0 0 0 114 19 56 49 50 113 0 6 14 164 9 6 27 4 0 0 7 9 65 110 36 15 0 18 56 0 0 0 31 3 59 56 17 60 56 100 101 0 42 0 27 12 24 20 0 8 10 25 108 0 50 96 25 12 91 26 63 4 55 7 101 51 84 21 21 37 0 0 93 44 158 23 66 111 45 0 0 77 42 65 8 56 27 0 15 75 82 53 163 106 28 0 80 42 0 68 22 120 28 69 134 65 63 0 66 47 75 120 18 96 5 5 51 16 33 59 5 25 22 46 0 25 6 56 0 4 110 16 19 44 0 31 18 0 88 66 92 25 45 7 9 46 1 13 65 54 0 20 67 0 0 51 56 0 57 56 75 12 83 81 16 0 21 14 63 10 98 0 2 109 18 60 36 0 115 0 68 30 139 55 108 13 31 4 159 42 70 12 69 55 8 141 7 72 61 32 18 7 91 136 113 69 7 101 96 24 6 18 27
2 0 0 0 21 25 78 0 0 0 25 62 0 85 54 86 47 54 96 25 14 28 38 13 0 0 18 5 47 74 0 52 7 0 12 0 58 0 27 0 10 8 80 32 0 62 43 27 0 10 22 8 54 7 56 0 0 25 73 0 52 14 81 60 0 49 0 0 0 30 30 0 0 35 7 45 0 96 0 15 7 6 30 78 45 40 58 35 49 0 18 0 94 116 0 0 0 2 20 24 43 35 85 35 7 27 0 0 8 62 56 0 0 50 20 20 0 24 0 0 0 52 0 49 84 56 0 7 17 9 103 7 40 0 0 36 0 0 0 0 18 0 33 8 0 45 46 49 57 0 22 99 57 10 78 6 60 21 128 0 0 28 0 63 25 14 88 0 21 47 0 39 49 10 55 0 49 35 0 30 6 45 0 0 0 0 0 0 67 0 0 77 30 110 29 0 35 0 23 0 0 77 29 51 45 68 6 93 0 0 0 20 56 0 0 0 15 61 107 0 35 40 0 8 7 17 0 0 30 5 9 0 46 0 45 0 70 18 0 17 0 30 35 81 48 0 0 15 83 63 147 0 0 10 21 45
99 56 21 16 73 21 60 6 0 27 18 27 47 0 73 113 18 3 128 46 21 0 112 12 64 108 146 20 74 0 0 0 36 15 32 127 58 79 69 36 33 37 71 15 68 0 30 39 71 46 15 0 9 47 30 27 0 95 4 66 176 66 0 160 0 48 0 15 27 38 7 30 9 21 6 52 3 10 62 0 68 34 29 11 24 40 8 21 14 39 15 18 1 105 50 0 36 9 0 0 95 17 43 87 15 9 42 78 74 63 0 42 10 6 44 0 80 12 64 94 49 102 19 40 0 0 65 36 87 4 54 93 37 91 84 16 56 44 0 32 0 49 51 155 0 6 78 76 70 6 11 36 45 102 42 193 121 0 13 33 27 12 39 93 0 76 0 2 72 0 54 81 110 126 155 15 99 100 0 45 78 114 83 54 4 3 24 48 86 120 16 75 91 0 42 44 120 27 22 9 0 44 15 23 16 24 27 82 15 6 76 21 79 25 72 32 60 69 14 31 49 56 18 8 18 0 72 27 50 98 18 81 87 53 67 0 54 265 87 50 42 163 135 67 113 7 28 0 3 112 0 54 67 20 43 0
21 20 20 73 7 59 0 123 70 54 23 48 51 119 67 86 127 62 58 56 57 16 62 32 71 86 63 28 4 54 44 106 100 41 72 141 72 49 0 87 56 19 67 75 16 0 21 104 58 40 61 30 81 4 56 145 141 0 31 56 63 0 33 66 0 41 100 18 20 0 16 49 9 62 19 115 72 62 28 25 84 41 48 44 29 36 35 10 46 67 144 61 20 16 26 144 0 15 93 21 28 102 0 212 116 78 40 86 70 111 63 181 8 49 124 35 46 81 56 111 19 78 69 78 52 84 47 63 18 32 24 32 0 52 102 0 85 109 0 91 39 35 97 4 53 0 54 114 18 28 63 16 18 28 80 24 72 4 67 93 64 44 0 80 46 6 0 22 126 4 5 77 5 54 84 19 104 42 62 84 102 8 36 148 166 7 30 56 118 66 33 42 57 54 43 80 87 59 90 0 91 56 21 177 74 27 98 81 2 49 4 34 8 48 0 38 48 16 74 60 50 74 7 12 0 90 18 6 49 28 40 28 0 130 142 36 123 57 99 92 0 17 85 30 76 0 45 93 59 6 23 27 36 0 14 21
43 73 239 77 52 62 35 12 27 126 16 81 46 53 106 72 42 31 147 242 69 39 54 78 140 85 40 128 117 45 28 64 0 108 166 144 98 79 89 83 3 104 84 146 121 157 43 84 61 90 78 197 12 129 66 0 48 63 81 0 42 74 0 128 54 94 40 25 20 182 104 122 92 69 26 99 5 60 41 72 32 24 122 90 65 45 178 90 0 16 35 141 44 128 87 88 13 76 52 77 57 34 95 9 60 69 194 21 11 68 12 47 70 63 51 56 39 19 55 69 117 27 12 130 30 24 12 51 80 40 42 70 153 74 11 117 25 27 12 166 137 26 216 50 75 0 47 27 26 71 117 9 42 130 4 39 95 93 54 68 73 12 133 56 106 99 67 75 188 52 90 54 33 32 25 108 24 54 177 141 76 45 189 153 111 111 83 6 20 23 147 18 4 10 38 131 44 61 4 91 22 12 40 113 130 121 92 93 63 23 78 101 0 53 114 107 58 91 211 174 132 39 15 33 14 154 12 36 84 12 36 0 10 39 125 32 42 119 97 86 83 52 3 26 42 10 40 9 6 98 78 159 179 59 32 84
66 8 125 85 116 41 74 32 8 38 105 9 56 69 128 118 92 14 69 14 48 43 262 83 81 12 32 70 112 3 28 153 144 94 28 104 135 136 30 72 60 18 120 54 69 180 44 45 28 108 48 156 48 97 216 67 57 126 238 42 76 0 96 79 67 98 123 30 14 72 6 0 24 114 45 43 6 126 0 88 33 23 102 75 69 87 0 0 177 75 10 124 63 68 44 72 68 102 112 60 51 142 50 4 40 8 124 150 54 54 53 167 12 66 96 85 36 109 36 36 86 7 82 56 118 135 129 99 0 55 79 63 58 67 0 72 99 19 23 0 97 0 9 17 0 21 174 43 84 30 14 194 151 73 110 100 48 66 12 30 26 55 84 22 85 42 174 36 115 6 171 119 44 105 233 71 129 49 37 0 36 8 71 106 129 32 81 48 2 4 3 136 0 185 218 81 106 42 98 53 44 103 87 70 37 141 48 101 42 50 72 80 2 7 147 44 21 43 105 84 129 54 28 111 2 114 68 48 169 51 28 90 147 79 214 120 128 187 92 122 94 47 47 18 18 20 114 133 28 70 123 130 135 104 27 30
107 88 93 79 73 116 0 35 42 45 27 29 0 58 108 32 29 45 52 191 73 5 157 35 12 5 0 6 49 13 0 28 43 95 4 0 77 128 42 69 8 47 17 7 88 63 93 71 65 14 84 12 86 28 1 118 59 36 106 39 75 82 50 113 63 97 1 36 46 16 82 36 68 0 93 101 4 18 32 1 33 16 155 128 108 6 9 0 40 35 0 62 40 20 132 90 2 18 27 1 28 32 85 10 63 23 90 59 12 16 40 0 16 36 24 8 67 111 43 20 30 12 104 92 19 36 23 9 68 0 79 24 29 59 4 105 0 100 3 0 72 26 81 67 35 19 27 0 40 93 0 16 23 37 65 79 46 49 69 89 52 76 105 32 5 29 63 104 138 22 48 6 11 34 87 18 7 0 2 46 100 37 35 90 42 46 6 7 66 142 100 64 35 70 25 24 31 146 52 14 24 3 67 20 40 42 24 66 12 34 0 54 31 3 6 95 25 64 21 24 42 19 0 35 70 2 102 53 9 40 53 0 70 52 69 0 74 145 1 37 20 91 31 18 8 96 73 32 29 16 12 63 90 66 34 36
256 84 83 116 87 140 123 25 23 78 70 19 0 202 88 43 55 41 35 146 150 24 220 91 68 83 111 21 183 40 109 24 45 248 46 65 105 78 82 7 86 21 111 81 140 84 219 129 173 44 121 84 116 3 74 91 263 16 91 131 111 121 38 179 108 61 92 20 64 28 62 130 147 0 55 186 128 0 49 31 51 126 24 157 55 9 110 53 176 110 42 238 128 16 83 72 35 48 96 4 96 18 42 89 83 57 145 73 73 88 186 127 64 46 68 64 202 83 76 83 105 66 9 69 151 125 6 148 70 27 71 139 114 126 84 123 62 90 24 167 30 91 80 119 80 42 57 76 128 48 12 119 120 76 135 35 85 31 23 21 64 72 156 6 87 21 224 136 177 10 48 112 110 0 55 110 131 203 6 50 199 7 117 167 122 73 82 133 87 184 24 55 189 90 113 101 17 28 143 104 115 94 54 19 0 159 72 208 103 74 0 111 80 121 45 87 20 109 155 27 192 102 21 24 37 115 50 135 95 52 41 126 39 36 127 58 207 119 29 147 174 76 113 49 24 165 14 65 72 153 67 48 21 92 68 20
82 81 64 0 127 0 28 64 82 110 80 103 67 41 24 108 4 98 9 81 60 0 100 161 36 66 56 105 0 49 42 38 116 63 88 0 153 99 10 6 84 0 37 2 76 27 48 66 50 28 111 80 94 32 28 10 32 84 12 32 36 64 0 36 97 114 163 63 12 20 61 78 2 114 165 81 50 48 15 0 90 131 42 11 35 2 18 113 41 32 34 54 32 18 110 93 126 85 63 28 0 52 68 10 102 0 0 28 212 24 51 28 23 46 100 57 0 109 76 159 18 0 54 86 55 76 35 26 143 81 4 48 81 102 57 40 48 94 68 85 119 112 62 255 117 8 22 85 68 63 79 27 4 82 4 51 211 26 21 16 32 35 44 0 131 26 54 37 14 24 45 166 36 92 30 96 40 83 171 22 30 77 0 0 58 104 69 16 12 42 29 97 90 50 0 2 117 60 129 95 61 83 44 152 157 33 143 20 54 113 78 42 0 8 71 43 36 73 126 34 69 130 27 77 32 189 69 40 63 180 80 15 40 48 129 10 108 101 41 79 16 16 115 85 62 64 18 10 97 139 65 56 60 40 10 27
4 11 72 45 0 99 55 60 20 69 69 92 54 155 0 3 43 139 85 86 88 0 70 7 22 129 67 19 60 35 59 115 161 15 21 120 40 63 42 12 58 54 96 76 9 20 41 131 24 41 102 146 49 0 40 39 53 77 0 20 20 27 0 66 66 2 94 0 0 0 74 24 0 118 144 34 23 169 26 21 49 2 27 60 10 85 5 86 10 61 16 20 8 50 63 42 36 60 31 0 71 30 115 81 5 48 103 173 16 21 0 0 32 18 42 57 54 36 6 85 18 78 113 72 13 31 105 35 148 20 15 49 78 131 49 37 29 71 5 0 32 56 47 0 27 54 86 62 5 42 28 41 94 96 8 69 102 20 37 3 29 103 98 0 89 24 44 16 42 3 50 57 11 53 69 136 77 62 45 25 113 63 110 34 20 96 35 36 2 43 0 147 60 16 55 87 35 84 14 8 0 7 34 185 82 0 3 47 32 34 54 0 101 32 166 77 1 14 93 56 126 3 107 12 35 35 60 0 30 5 26 34 56 43 64 38 143 34 5 45 56 64 72 31 5 93 61 0 14 24 128 13 77 48 18 96
47 0 36 0 64 19 2 21 102 133 109 91 5 104 48 84 47 53 10 13 0 0 134 48 71 106 0 85 84 117 36 119 28 12 9 20 40 97 0 127 8 0 63 27 153 81 9 24 152 9 110 58 26 208 0 72 24 0 84 14 80 53 74 65 27 74 17 16 86 0 60 72 127 25 0 29 48 78 145 152 42 90 38 6 102 39 14 37 36 72 91 66 14 26 90 22 3 84 75 0 95 74 80 32 26 72 44 87 62 123 0 54 0 35 90 48 57 42 174 0 4 54 56 27 68 64 33 10 49 27 16 0 78 0 71 157 28 173 80 44 18 2 43 93 0 0 38 59 30 3 89 75 7 49 0 56 4 103 128 58 36 87 75 10 81 4 72 70 96 24 70 150 0 25 114 58 48 0 18 80 84 7 12 98 56 0 40 9 60 16 49 35 47 16 56 19 119 97 135 58 40 0 69 93 48 30 88 35 15 13 54 53 0 2 55 6 51 40 82 84 84 66 0 119 12 89 32 51 128 85 63 71 82 18 86 21 213 65 35 130 26 96 143 47 54 97 34 98 60 79 84 39 36 66 53 8
54 64 61 35 18 15 65 164 0 81 37 91 23 154 165 133 76 62 42 43 64 0 102 26 27 18 14 0 29 10 8 0 0 51 75 3 72 96 15 78 14 5 81 104 21 4 73 32 0 32 80 0 92 41 64 48 16 12 66 10 118 56 153 23 0 40 117 121 0 24 0 16 4 37 12 104 24 30 31 40 54 40 36 112 82 0 40 0 0 18 18 159 45 6 158 53 27 53 34 24 98 43 0 49 21 63 2 32 151 73 12 44 26 44 168 40 80 81 153 56 20 95 28 67 186 0 35 36 2 56 66 6 0 0 77 32 96 32 16 40 0 24 94 0 60 0 94 28 52 57 48 140 96 18 5 0 38 27 124 21 8 45 44 55 65 0 49 76 76 25 39 68 68 28 42 0 24 88 0 6 93 4 12 23 0 0 38 48 46 24 50 44 159 33 123 69 30 81 5 45 40 18 78 40 77 15 89 97 74 26 18 10 0 10 64 25 53 18 216 49 217 48 25 66 17 74 20 187 43 12 72 144 133 4 25 93 64 90 128 24 18 189 87 101 20 112 0 18 44 2 75 2 81 35 6 24
59 4 140 63 129 40 98 95 1 163 131 14 58 172 98 8 5 12 18 24 9 46 77 155 24 36 56 75 156 0 32 38 27 3 28 8 7 174 67 25 40 33 81 6 4 47 20 0 50 4 68 72 78 0 62 62 80 84 42 9 9 0 83 82 194 63 48 90 51 24 33 92 0 139 122 57 15 53 75 22 61 79 137 38 0 63 48 22 64 51 87 2 12 154 88 113 60 204 0 43 28 60 99 7 8 40 96 85 64 36 6 18 81 16 47 0 8 36 39 192 160 79 132 24 84 0 3 38 0 53 169 90 86 18 3 108 93 73 39 12 21 154 24 46 65 48 81 58 126 102 42 0 40 116 46 27 78 37 65 96 50 35 91 53 30 28 167 107 9 12 54 69 0 140 38 6 60 50 0 44 78 61 16 0 54 135 113 8 21 75 20 66 92 0 111 52 72 12 130 49 16 77 97 102 120 89 102 104 60 70 110 0 45 40 30 102 18 92 114 84 133 24 80 97 40 56 26 92 16 29 0 63 1 60 49 49 9 72 35 106 25 89 27 70 0 24 15 77 42 0 57 78 0 76 22 45
0 9 36 67 0 29 75 28 0 30 0 0 16 9 0 74 21 30 81 26 84 7 0 9 133 59 82 16 33 2 6 36 90 49 30 32 6 20 21 0 0 14 30 0 59 8 8 52 20 24 72 32 0 63 8 0 37 42 20 109 27 28 0 56 0 49 0 0 7 22 6 107 37 36 9 13 10 8 21 27 0 37 40 12 12 66 36 90 0 99 6 105 3 78 61 27 0 14 17 55 3 7 13 2 18 14 0 0 12 0 0 72 53 0 12 39 2 1 0 0 44 58 81 56 18 18 67 0 39 0 21 48 19 1 3 91 6 128 52 53 35 16 24 12 16 0 70 57 36 0 34 24 0 84 48 28 16 0 73 0 5 18 0 0 5 0 24 15 0 49 20 0 7 6 0 49 56 92 65 18 76 13 0 42 0 5 16 0 0 42 6 36 56 8 1 14 25 28 4 88 0 0 0 18 34 0 21 0 9 0 0 24 9 5 22 0 57 0 18 0 0 0 0 8 85 30 22 3 54 14 63 14 51 6 0 0 9 16 5 64 53 0 0 36 64 41 67 0 9 38 24 29 143 51 45 41
52 80 18 166 6 24 3 16 101 109 155 40 121 47 0 143 67 80 18 173 84 97 149 101 65 80 111 84 10 21 63 167 38 3 62 10 111 54 72 30 38 91 196 106 172 6 48 58 146 0 72 81 86 0 16 76 113 31 72 72 21 99 82 169 155 126 70 52 192 179 8 24 47 16 178 62 142 276 159 81 54 58 172 2 114 40 135 136 45 48 72 75 90 82 90 144 105 40 45 30 28 116 40 287 98 210 63 76 101 20 48 30 47 105 125 72 220 142 60 101 0 90 115 181 0 0 144 104 267 45 5 10 73 134 15 84 8 63 4 169 167 121 144 142 144 60 93 114 149 95 55 41 59 172 228 44 34 119 12 98 66 86 45 0 126 97 34 42 136 9 101 84 26 137 0 56 99 15 183 56 99 97 38 35 122 42 6 71 149 64 85 160 192 97 138 40 48 59 16 109 47 39 96 187 67 0 36 112 88 100 25 82 15 58 71 69 213 100 82 4 54 72 0 3 0 27 131 79 54 66 103 55 10 138 141 0 49 35 58 161 71 101 68 41 57 61 80 72 12 90 218 3 40 61 9 42
117 121 119 20 132 27 42 21 21 24 52 95 43 52 33 180 65 104 15 25 49 0 120 37 87 135 37 39 36 81 0 97 146 102 106 40 79 109 13 22 20 0 0 48 97 7 0 35 28 4 115 8 24 155 6 70 0 56 86 6 67 2 29 49 36 126 63 36 25 28 180 102 14 22 127 32 7 72 30 44 12 117 13 14 60 56 16 40 96 20 63 75 83 135 48 157 50 45 55 2 0 14 185 94 25 5 52 39 48 12 0 34 125 66 54 43 54 55 46 113 60 2 94 104 58 215 97 117 30 60 4 21 3 138 8 84 43 156 129 54 61 88 79 112 100 0 24 109 25 98 101 30 16 134 60 46 153 143 0 98 4 28 31 54 90 129 62 27 175 0 146 154 8 108 112 64 28 125 114 62 48 171 12 77 40 151 61 15 17 55 185 27 55 54 48 142 155 49 60 156 38 52 14 112 160 5 58 42 26 60 56 2 45 48 47 140 36 64 41 146 54 49 35 58 72 27 118 126 102 45 4 84 70 65 60 60 52 103 87 18 19 160 193 42 42 75 9 3 48 92 69 70 54 32 48 57
65 41 79 168 91 129 78 8 0 37 28 54 0 25 98 96 92 68 134 152 31 69 16 27 0 23 75 71 138 54 130 25 15 77 48 8 37 18 96 15 52 52 28 54 56 16 6 96 44 74 86 4 101 125 0 99 24 18 48 0 0 12 62 42 24 56 0 27 84 38 20 4 58 56 63 105 42 48 17 28 42 51 78 40 96 74 72 49 30 31 21 7 29 62 39 30 4 24 0 92 83 73 25 0 110 67 118 0 33 60 99 85 36 60 55 6 20 0 74 34 107 49 84 6 102 47 84 65 29 24 157 70 0 115 20 118 44 27 21 40 182 2 59 43 70 127 42 0 103 49 24 36 25 61 14 3 16 46 35 52 132 70 143 154 55 19 100 12 73 21 164 146 44 8 120 45 8 71 68 42 121 64 27 127 62 28 0 0 50 112 12 102 37 122 0 69 66 98 45 28 6 32 77 90 15 16 48 197 33 30 36 61 0 0 3 61 24 86 96 47 73 56 0 56 10 77 18 28 67 63 0 14 116 43 173 5 32 97 3 92 0 61 66 30 0 71 40 0 21 81 54 36 21 34 39 46
119 6 112 148 65 60 75 9 58 0 50 21 84 110 8 39 0 64 27 70 54 18 92 74 121 48 145 179 97 115 0 84 0 55 138 28 12 78 71 8 66 32 64 50 74 40 0 72 40 40 63 16 39 28 0 199 59 48 88 10 93 43 15 41 0 40 151 139 64 23 64 18 0 95 112 91 29 112 54 67 108 96 0 13 90 45 111 125 56 62 93 144 14 71 64 112 24 99 70 61 88 19 40 115 97 99 0 49 110 53 81 16 0 44 28 52 59 203 82 63 10 115 5 124 124 135 37 66 223 80 113 40 81 12 124 49 63 113 0 35 204 38 4 0 104 6 75 52 108 0 50 12 200 34 14 54 16 42 50 18 88 24 130 56 31 78 42 39 84 28 125 156 21 0 56 30 0 42 0 74 148 61 0 51 68 32 60 58 104 93 56 51 14 56 0 97 61 30 74 74 126 96 79 101 135 71 0 195 174 72 70 9 25 0 150 100 120 127 136 90 172 78 18 121 24 81 60 42 22 48 62 25 101 32 212 0 132 120 178 21 38 99 64 12 36 88 0 129 56 72 67 0 12 48 92 69
194 48 117 45 150 55 170 40 110 0 0 12 42 98 78 138 54 0 154 78 23 68 127 96 107 75 4 97 136 36 102 36 89 152 135 18 119 160 117 135 196 75 95 81 156 155 48 62 46 51 58 102 100 9 68 20 68 64 187 65 56 112 41 128 157 107 108 27 89 0 72 68 112 8 191 80 32 164 6 64 71 166 64 90 34 0 56 18 90 77 8 230 136 139 85 158 12 61 88 125 69 34 32 205 73 43 43 70 16 69 15 127 35 212 118 126 0 112 46 38 82 49 35 72 86 110 93 100 148 0 42 63 249 55 53 48 72 182 47 99 109 40 18 32 15 74 116 53 175 100 56 145 57 15 148 21 88 80 141 26 0 41 166 12 45 30 139 63 122 17 35 45 64 96 156 147 135 132 89 118 179 100 48 148 35 14 69 35 49 37 0 64 112 157 75 224 80 188 13 115 56 78 54 68 69 124 118 63 181 138 34 2 97 118 44 14 27 40 126 260 97 0 95 162 121 86 22 18 147 65 21 99 170 43 177 16 201 40 32 105 63 59 72 44 72 40 128 0 81 138 109 93 45 48 16 28
45 6 40 24 92 10 28 39 52 43 72 75 32 40 133 62 42 0 81 38 37 58 76 6 66 23 10 201 40 64 81 8 0 0 12 24 101 28 72 15 9 6 102 91 32 31 103 40 86 45 30 93 0 56 9 10 30 45 44 101 269 0 27 38 45 85 25 35 172 98 63 0 6 0 0 135 25 63 112 65 46 43 52 7 108 65 198 6 36 0 61 75 10 7 12 72 3 18 61 74 54 60 58 84 69 84 81 62 0 27 105 0 2 25 51 0 89 111 186 39 95 55 144 24 0 0 93 63 90 101 10 12 48 54 56 38 3 80 44 70 155 110 76 121 10 0 121 0 18 87 51 54 118 52 37 188 56 14 30 21 130 3 170 121 12 15 69 14 63 3 194 36 30 135 64 7 136 25 0 27 8 215 50 0 8 19 10 0 23 0 12 48 0 45 48 63 107 73 0 41 75 112 51 75 12 14 71 148 8 34 18 7 57 12 165 90 64 0 70 11 173 14 0 31 0 116 130 35 13 42 16 45 76 60 55 85 186 35 0 7 42 188 95 24 135 58 93 33 0 143 114 75 72 49 15 14
117 63 229 16 42 53 111 14 21 42 84 27 16 85 149 8 63 98 30 87 135 24 109 52 162 74 8 88 112 193 109 20 189 200 113 27 129 112 23 36 59 48 130 79 105 19 170 0 116 57 94 248 24 194 58 36 153 165 33 87 108 21 8 68 40 144 87 14 32 78 171 87 98 68 152 45 18 27 47 0 75 69 63 114 62 65 88 35 83 48 74 99 42 158 48 188 55 21 15 49 61 35 177 58 162 78 188 99 76 85 79 4 50 48 72 94 63 18 153 55 168 68 196 130 56 74 54 26 45 96 68 18 33 129 2 95 127 86 155 57 114 137 93 124 109 82 64 96 42 125 57 65 99 93 62 91 72 146 72 92 66 147 79 97 88 55 219 43 106 35 24 157 41 0 0 93 95 30 84 73 39 125 73 180 32 108 12 14 134 132 52 59 106 7 72 56 36 72 72 138 23 72 25 107 129 28 74 207 6 16 57 2 63 45 147 151 12 100 84 75 213 43 126 112 45 114 35 115 64 135 25 126 25 117 68 36 160 83 10 124 181 14 142 24 107 169 99 81 27 81 0 26 129 129 32 10
48 86 72 49 0 59 66 71 0 96 36 20 14 31 102 5 2 86 93 63 79 0 64 152 38 30 3 36 8 32 0 6 163 72 40 41 146 127 112 66 88 22 73 0 64 9 0 16 32 78 81 48 66 12 29 3 8 64 7 66 153 107 49 18 49 45 78 50 121 31 119 24 6 72 80 82 14 64 94 9 26 66 116 8 54 27 14 0 36 0 15 32 9 15 97 146 48 38 12 21 0 11 34 101 69 19 5 6 48 15 26 54 0 56 54 18 0 9 45 6 72 49 79 184 9 5 2 69 66 89 30 52 82 49 62 99 64 73 3 0 148 23 35 63 0 1 134 72 14 71 33 18 48 109 25 12 197 8 77 50 25 8 137 37 148 6 75 35 140 20 45 41 1 110 0 147 59 0 9 54 0 59 99 4 72 68 20 64 0 20 121 72 5 16 41 4 177 0 76 65 1 161 58 108 113 72 27 13 58 56 81 16 0 20 106 103 35 6 18 96 51 24 35 82 28 113 44 9 0 18 37 12 14 66 50 40 126 81 37 77 0 40 54 17 79 86 0 40 0 70 0 29 7 0 0 0
83 80 0 78 65 112 69 9 16 74 78 93 12 121 31 111 62 120 18 126 71 15 36 18 140 95 8 165 124 3 37 87 186 122 79 163 44 49 94 70 101 0 64 85 114 9 73 141 193 131 105 75 58 0 27 75 90 80 51 28 56 79 12 57 0 57 112 50 8 74 111 99 16 79 16 8 5 201 23 38 0 28 18 122 76 178 91 78 0 35 8 166 188 199 128 111 96 75 90 13 96 0 128 75 85 84 97 170 14 15 10 0 82 54 5 57 119 8 49 11 71 77 21 95 83 107 75 115 69 88 88 131 103 72 28 80 40 91 2 20 27 59 6 10 45 42 122 64 54 60 20 96 74 117 27 44 36 29 9 14 19 30 147 27 103 36 56 0 111 0 38 85 119 22 161 16 122 166 4 148 43 124 56 44 88 111 96 59 8 67 39 8 139 61 45 118 36 103 0 88 3 35 34 164 7 17 39 56 128 35 4 56 56 183 0 35 55 1 92 75 187 91 7 83 90 84 128 0 82 127 28 94 85 125 55 1 126 92 0 141 13 35 115 10 60 69 108 0 14 124 7 3 129 45 28 104
85 0 61 108 18 120 76 7 66 183 36 42 68 90 47 56 72 75 72 125 89 9 98 21 21 12 91 4 39 6 23 120 88 48 18 149 81 63 45 49 91 22 25 3 112 0 60 59 114 48 132 44 16 0 32 4 52 40 32 92 0 32 73 20 4 90 4 4 16 52 89 50 76 0 37 12 21 81 56 48 32 80 25 104 83 52 68 87 50 0 0 110 62 1 128 42 23 42 58 42 46 40 66 32 12 16 127 85 0 103 39 51 12 84 0 120 89 75 102 18 42 100 60 50 35 54 16 45 0 70 44 72 72 215 17 9 5 151 34 42 36 0 83 86 89 11 62 4 30 7 51 2 2 50 40 24 95 6 78 26 22 99 122 19 53 9 46 0 22 0 30 81 6 0 102 75 0 43 160 12 103 180 0 42 59 72 29 3 81 67 87 10 63 56 85 29 38 82 49 54 48 44 0 75 91 64 0 95 62 24 0 29 72 11 62 109 45 212 14 14 74 48 3 21 96 40 53 63 45 162 14 14 0 94 6 0 246 124 45 107 94 12 50 42 0 100 34 0 36 88 14 52 139 94 0 62
31 8 5 119 0 21 52 0 0 166 24 0 20 75 80 47 8 97 89 94 36 24 0 0 56 99 9 0 17 129 66 33 45 84 127 15 117 30 28 0 0 139 27 0 67 0 36 79 5 82 8 89 5 36 0 83 36 5 9 67 4 0 8 20 88 0 0 18 24 0 86 16 93 0 70 30 8 34 80 87 18 40 16 4 85 0 42 60 42 47 12 8 0 99 21 40 2 85 0 56 42 42 0 6 15 132 118 65 15 64 0 0 38 64 32 24 49 97 16 51 164 44 0 50 27 55 41 0 25 0 42 78 14 76 42 30 16 54 24 0 120 10 32 56 46 91 49 20 20 65 81 1 73 116 24 7 102 18 76 2 42 35 54 36 81 73 112 36 94 2 32 7 9 29 27 25 40 149 0 114 85 82 48 71 56 60 0 0 2 100 21 37 9 30 64 108 66 124 81 0 114 38 9 40 0 58 3 118 20 27 72 48 16 0 0 36 150 123 196 6 42 54 0 0 92 206 72 12 56 92 2 0 130 45 173 0 65 102 81 56 35 29 20 21 0 35 89 0 30 52 62 48 105 9 10 16
115 24 0 56 94 90 84 97 24 84 70 27 125 9 98 79 19 38 86 76 222 9 121 110 3 106 17 83 6 121 18 0 79 49 77 32 30 123 77 98 13 40 122 41 105 42 16 28 69 65 84 0 145 56 0 10 22 72 68 4 129 75 86 32 16 34 30 8 64 0 37 75 15 39 40 63 29 124 73 93 20 148 13 96 104 19 0 57 39 108 42 75 100 71 43 194 6 0 87 100 36 26 80 141 95 88 93 0 18 47 30 64 0 0 91 18 76 18 75 3 27 100 28 65 71 50 92 120 68 70 40 8 15 114 90 148 0 215 74 49 90 0 46 0 17 0 47 11 34 64 140 79 45 28 73 28 142 45 144 75 41 163 61 69 73 9 152 23 53 10 95 178 40 28 17 22 14 38 54 56 64 45 64 27 92 6 42 50 121 6 120 66 105 67 120 127 190 109 49 55 151 84 67 94 72 24 47 55 24 121 104 0 0 24 13 85 10 129 99 97 0 55 52 91 65 80 69 164 45 46 14 0 60 185 11 24 163 59 64 105 114 148 186 52 42 112 42 5 23 20 5 9 9 0 15 21
35 68 49 2 75 90 24 56 31 6 106 8 15 92 17 36 8 118 0 210 60 0 179 31 5 94 0 4 83 10 32 96 81 39 106 72 96 73 27 62 53 10 4 24 17 139 0 74 24 41 161 4 49 49 24 73 45 72 109 0 56 75 25 50 62 93 95 63 54 58 160 64 2 62 36 60 100 119 115 24 0 43 112 123 28 105 109 8 173 93 8 49 18 62 50 107 81 1 72 20 13 71 82 0 76 121 123 183 27 25 108 49 4 0 79 112 39 157 12 162 14 64 14 142 40 53 26 22 94 88 38 8 93 24 57 53 16 123 0 34 126 13 33 25 84 0 32 192 71 56 15 94 71 84 192 64 174 6 92 45 36 72 28 40 93 0 82 20 0 42 149 115 48 0 34 98 38 93 42 35 79 110 40 52 0 64 49 0 76 0 28 120 59 98 48 148 6 44 3 40 47 70 18 103 111 7 111 83 0 81 97 0 0 0 90 156 0 22 24 0 99 97 151 0 30 12 32 21 18 77 21 12 30 75 0 35 106 20 74 29 31 78 9 29 40 110 43 53 0 98 82 57 101 37 14 145
101 42 135 9 56 64 129 38 119 239 61 68 42 150 29 120 85 46 75 36 109 30 35 56 159 103 17 25 76 0 31 24 25 130 158 81 100 115 72 13 16 30 51 124 63 72 19 46 38 46 72 169 130 148 93 45 102 5 105 6 36 0 79 126 52 173 50 0 35 32 71 39 27 7 35 35 0 31 98 106 84 57 53 76 37 13 61 57 146 102 53 6 101 142 130 220 45 206 1 72 49 36 154 98 76 134 35 73 0 60 27 145 60 102 78 107 132 90 66 185 60 15 114 84 147 0 20 200 51 73 64 16 72 0 3 69 68 89 2 108 142 60 106 156 149 6 193 50 9 102 129 36 83 161 86 33 79 77 63 165 14 88 99 48 111 66 34 73 154 0 29 105 26 256 107 60 2 152 42 170 82 138 131 74 120 46 45 0 45 54 111 75 120 0 26 220 47 97 69 174 77 86 18 23 72 0 147 0 28 54 172 102 54 89 87 191 134 18 162 70 20 60 52 46 45 71 16 72 48 11 6 105 99 72 238 87 72 0 78 113 96 124 255 114 86 105 81 5 109 64 38 83 50 128 35 113
79 91 153 238 59 39 49 138 63 82 45 16 164 38 6 122 34 166 126 129 184 21 43 21 99 77 99 104 123 42 42 34 116 57 108 87 12 122 17 43 0 12 16 20 197 37 6 46 70 4 184 12 108 45 0 16 85 205 43 127 108 79 7 116 47 87 145 0 43 58 95 117 37 80 54 118 125 10 119 0 10 123 36 56 134 48 90 91 107 95 78 190 18 7 120 180 171 40 60 42 53 26 63 21 150 137 114 54 145 53 63 51 55 14 139 12 20 61 44 121 76 192 174 198 139 27 59 112 96 27 106 36 24 137 133 104 84 226 25 242 151 83 26 66 14 6 109 111 36 114 126 103 52 139 111 68 159 1 75 118 15 89 13 8 111 2 208 114 79 0 92 91 213 52 10 131 48 198 122 79 27 6 82 8 78 39 81 30 68 203 75 80 126 24 133 106 93 87 93 142 77 106 32 152 69 16 42 50 102 79 122 46 18 30 96 126 62 80 115 29 120 102 38 53 17 101 66 74 32 164 63 12 42 188 111 31 104 48 240 103 119 244 53 51 96 203 56 8 91 186 127 16 82 44 31 30
2 0 137 80 10 36 77 72 7 48 28 107 112 23 109 196 64 80 123 57 49 0 108 90 71 110 80 59 49 82 54 81 83 99 0 192 122 16 66 0 107 0 97 27 115 0 50 72 16 10 57 16 52 147 102 136 156 88 94 56 87 128 86 63 54 111 128 0 18 42 48 71 45 76 21 172 15 0 28 72 233 36 24 118 41 78 83 112 121 53 28 125 43 48 93 49 35 33 27 0 44 65 113 146 0 123 69 74 20 42 108 43 0 9 69 0 80 112 107 103 109 81 18 0 102 54 145 72 18 30 0 49 39 59 172 19 46 143 17 39 63 124 49 180 0 44 72 102 46 49 54 108 100 196 78 8 132 11 63 46 31 0 34 58 48 85 32 16 20 102 5 56 36 182 75 7 18 117 0 34 187 22 142 54 30 25 40 81 63 8 58 144 90 84 100 0 131 16 26 171 1 109 23 158 71 48 16 45 24 20 0 37 54 2 27 83 23 3 253 0 141 0 0 9 100 94 189 15 22 68 19 112 84 177 83 114 92 60 72 112 63 57 168 104 27 122 59 27 75 0 111 0 108 21 54 54
30 9 149 0 99 0 94 39 27 77 30 24 0 21 67 114 21 48 60 16 16 42 107 112 55 52 49 112 19 8 30 42 6 81 91 80 47 29 93 30 5 52 95 36 18 133 35 23 0 50 24 111 82 93 59 15 126 100 7 75 97 24 107 37 46 12 251 0 55 122 20 24 30 28 115 113 0 48 73 64 77 71 37 15 124 27 208 38 114 36 48 54 61 96 77 80 31 155 120 72 18 33 100 96 105 63 118 9 24 16 88 21 87 63 40 98 90 147 67 74 27 28 45 74 75 0 63 49 71 36 44 168 147 105 22 21 7 58 32 0 123 16 63 23 105 4 69 7 120 14 9 72 107 51 96 57 75 32 27 6 34 184 135 72 3 52 69 51 176 0 139 56 8 18 170 37 61 27 92 57 0 16 49 70 105 36 15 0 9 28 67 6 12 45 85 20 91 12 87 43 155 96 93 127 70 56 24 0 0 51 75 67 14 5 6 67 84 63 162 0 72 107 15 29 1 92 84 6 50 0 0 0 56 31 135 30 52 57 25 81 64 48 90 0 100 59 6 0 65 114 156 119 101 39 0 4
30 8 117 36 14 49 62 45 48 0 54 69 56 27 127 93 44 26 14 13 41 21 120 149 7 64 0 12 147 18 36 36 56 40 51 90 92 142 186 0 111 90 32 47 155 7 8 99 0 26 155 29 40 18 6 137 97 72 12 0 12 14 146 79 58 152 36 93 63 114 2 88 38 21 109 78 48 73 52 31 97 180 49 57 44 71 177 165 97 63 74 42 0 35 50 28 68 23 70 41 56 0 0 170 164 72 138 73 72 30 24 96 56 4 36 3 62 4 74 46 10 4 49 49 90 36 66 42 4 0 18 62 57 36 106 90 174 134 25 42 84 63 9 81 97 62 69 88 166 4 0 64 101 126 58 42 72 154 240 0 64 73 49 0 21 32 64 141 2 4 129 33 39 24 0 20 48 42 18 18 54 110 81 36 60 12 104 21 245 32 83 35 46 0 84 8 0 133 0 41 40 113 123 102 64 24 0 142 47 48 8 0 0 70 52 35 26 29 277 102 21 148 36 0 0 56 104 87 6 24 30 70 43 83 48 18 140 144 56 78 73 56 56 43 128 142 48 145 0 112 42 98 0 0 37 71
120 64 0 0 75 56 94 34 60 60 104 48 55 49 16 146 101 37 0 63 169 28 153 91 80 106 77 28 45 32 127 91 138 106 74 30 66 57 0 3 55 8 76 41 51 0 106 165 21 62 25 78 88 4 8 117 115 6 110 0 16 91 10 88 91 35 72 36 60 45 101 21 48 49 119 9 49 98 15 97 47 26 16 56 83 17 52 0 42 83 25 8 162 102 125 123 30 64 56 0 5 44 60 82 88 42 90 107 4 16 0 144 71 15 124 51 160 32 54 92 84 12 30 49 58 98 97 53 22 14 30 56 149 0 0 52 148 84 84 12 0 116 74 23 59 50 64 2 53 210 86 72 181 138 106 0 177 113 62 70 52 216 152 72 102 25 78 5 12 7 67 48 56 86 0 56 40 149 14 72 91 0 86 103 21 0 8 32 182 137 81 63 96 85 150 131 23 162 8 206 0 52 45 138 90 49 23 54 0 66 0 18 91 0 114 178 36 0 49 2 64 37 119 98 137 63 114 67 114 79 0 68 174 63 112 49 113 52 81 102 79 111 77 99 30 72 132 72 32 92 70 20 161 32 41 165
56 12 48 14 92 46 0 40 98 0 79 45 54 0 60 72 39 34 0 72 75 0 78 92 20 4 41 90 64 42 16 112 62 63 60 0 81 125 51 121 134 45 141 80 94 42 32 0 10 24 184 211 67 18 64 40 0 0 99 44 50 56 88 122 178 108 60 26 70 120 72 55 0 0 148 2 0 189 42 45 98 70 66 37 63 27 64 96 41 40 56 0 0 24 24 0 4 17 163 0 49 65 60 190 4 16 62 81 18 51 8 122 0 171 94 140 40 171 86 0 16 24 171 90 49 101 109 70 96 0 0 63 153 52 10 0 98 114 24 28 45 18 82 12 64 54 95 8 120 0 0 28 0 8 0 76 129 92 65 44 22 131 105 20 42 10 6 98 20 21 0 113 8 8 164 154 27 36 198 12 28 0 18 24 54 40 0 0 0 26 42 96 0 182 18 0 102 91 61 43 22 0 109 72 140 0 16 30 20 64 48 38 28 30 49 27 42 49 44 56 0 31 47 79 0 107 68 0 142 63 61 14 80 66 63 24 241 212 0 54 25 28 75 46 45 136 86 66 42 112 119 98 64 48 18 0
7 8 6 60 43 0 122 0 27 67 54 84 47 54 64 21 19 59 3 16 6 36 97 99 114 21 11 38 17 3 1 68 18 60 128 0 145 27 0 15 0 113 164 61 9 12 12 35 21 16 98 106 9 0 32 2 0 0 43 15 45 21 40 64 44 140 27 1 73 0 56 31 14 5 140 98 21 6 22 56 93 42 52 26 9 12 18 10 21 0 0 166 55 127 6 60 2 85 76 28 65 81 83 18 57 37 35 46 74 57 6 5 0 108 60 56 8 9 126 70 6 109 110 129 26 81 18 0 145 81 37 81 28 93 0 52 7 63 0 33 18 27 85 135 121 30 66 6 4 49 138 33 35 14 15 0 77 42 70 69 7 18 46 57 4 25 62 13 53 48 30 87 0 0 126 28 6 51 54 57 74 101 72 58 37 108 35 0 2 69 54 35 41 53 37 118 33 72 95 102 59 83 78 119 63 8 44 138 0 28 1 62 3 25 32 21 72 162 80 23 128 27 9 48 3 114 9 0 47 12 48 35 15 49 71 0 98 99 73 76 16 10 48 11 101 6 27 18 27 87 18 57 113 26 27 12
54 125 221 83 82 52 91 184 120 118 55 15 82 14 68 14 24 57 141 62 76 9 103 135 128 24 40 168 14 160 57 4 12 126 95 84 8 139 84 39 15 78 62 24 112 74 93 0 156 67 63 171 27 81 92 54 111 54 0 18 11 32 24 28 10 130 136 12 103 0 34 14 8 88 87 84 25 98 164 21 30 117 36 68 72 21 42 154 72 49 54 53 64 115 128 90 4 24 32 80 0 3 107 208 42 67 24 72 162 37 12 93 45 18 106 179 135 102 10 101 47 48 150 62 133 10 27 0 42 73 118 86 38 115 85 129 48 188 15 101 116 60 36 117 63 0 135 30 8 138 16 60 18 137 86 91 163 23 73 39 76 24 149 24 101 69 48 48 46 11 51 156 74 47 54 32 30 111 110 26 126 127 207 66 172 18 0 0 12 70 146 75 233 47 63 73 44 83 64 79 35 135 67 17 87 48 78 75 42 21 16 61 34 74 33 125 75 0 125 62 126 87 18 15 6 87 94 18 21 158 16 28 12 133 214 14 157 39 24 118 156 69 171 85 79 31 0 63 16 123 60 40 90 74 99 6
45 18 84 196 51 60 174 88 48 0 57 10 45 87 88 180 74 121 140 61 69 95 197 128 207 24 44 96 29 56 102 222 151 0 82 32 0 64 92 0 0 104 45 22 14 24 214 0 30 80 19 28 63 18 145 48 112 0 27 54 72 48 2 73 12 45 83 56 78 18 29 111 0 112 158 26 62 40 48 30 117 82 36 28 113 30 60 222 66 72 96 88 0 23 15 243 18 32 120 0 36 54 49 80 57 117 46 141 18 27 48 5 39 24 9 151 38 57 66 34 115 158 74 91 155 0 57 0 82 47 18 76 77 98 62 114 4 109 87 0 63 136 43 54 221 72 26 130 26 65 37 161 21 33 200 16 130 56 137 0 79 40 128 65 9 50 19 14 52 0 190 24 38 132 55 54 79 90 48 111 111 114 102 62 36 72 5 18 65 4 88 107 151 64 15 190 86 26 0 213 32 99 103 127 16 58 0 77 20 5 54 75 0 73 64 34 157 76 196 58 78 56 24 77 39 0 191 16 23 88 58 69 136 8 126 0 5 76 63 17 149 72 193 34 46 24 72 66 35 48 108 45 101 45 0 18
85 34 146 26 77 24 104 24 0 87 71 0 35 72 141 161 104 132 4 72 56 72 120 0 98 98 22 88 100 25 27 6 214 0 47 137 136 171 49 187 78 147 32 49 103 55 30 6 12 136 40 70 88 91 6 16 132 72 30 0 63 65 52 78 0 119 79 102 0 62 48 27 36 31 131 14 29 36 32 9 93 61 21 22 59 6 37 28 30 30 48 109 54 114 62 202 72 47 0 30 60 46 64 58 25 45 65 51 70 21 0 88 47 27 50 3 73 6 103 93 32 109 195 154 52 40 15 28 44 42 89 18 35 14 5 20 43 93 12 66 42 28 99 96 8 22 197 88 117 64 6 107 50 85 32 36 120 0 96 24 89 105 190 98 109 86 137 16 72 18 27 98 161 79 36 132 0 169 165 184 48 145 136 72 25 67 112 61 5 36 245 27 0 81 66 200 33 145 34 89 49 81 2 40 66 22 168 165 64 159 102 32 15 80 167 72 72 55 63 152 300 160 199 48 157 31 0 24 148 113 0 106 20 103 96 156 47 93 36 50 0 84 84 106 37 68 4 0 72 79 6 81 195 40 3 48
72 38 157 22 0 2 48 62 63 103 48 24 63 34 146 59 0 76 146 144 84 21 58 86 125 34 144 43 123 36 96 173 125 0 48 76 147 75 54 80 33 41 129 45 143 48 81 18 5 138 187 74 36 105 0 68 203 126 36 51 25 0 151 161 18 206 76 34 48 4 46 64 162 12 240 30 42 12 7 74 27 180 88 162 148 72 65 129 41 86 0 36 81 106 45 70 72 135 108 24 45 21 111 123 54 18 86 133 41 225 35 63 113 65 66 96 71 132 62 54 179 42 77 49 43 81 54 63 36 0 191 69 50 143 42 16 142 59 21 4 72 96 97 107 170 0 0 220 83 185 42 56 11 147 49 62 117 25 37 6 54 82 139 64 36 80 164 89 49 54 148 69 24 131 112 74 28 20 36 99 79 132 18 220 38 86 129 0 54 73 56 16 0 78 79 84 70 159 24 106 9 139 29 69 102 185 111 221 60 7 0 89 63 196 0 72 93 104 64 52 12 158 81 5 40 148 174 27 157 89 50 72 105 73 159 7 200 195 80 96 52 18 101 7 7 83 83 179 41 72 84 66 104 138 0 56
43 27 139 0 50 44 26 17 48 48 37 78 25 6 145 258 0 132 57 8 150 0 120 21 116 107 22 20 179 178 14 54 154 55 49 203 95 72 69 24 38 68 77 3 16 16 0 153 84 49 195 95 90 60 32 71 86 0 187 22 88 63 72 15 0 106 55 35 8 0 0 30 2 45 62 54 8 59 53 4 97 0 55 113 94 101 34 35 110 68 1 61 198 118 96 80 35 10 37 45 53 30 74 27 0 94 12 92 57 121 0 44 33 46 30 96 0 80 131 35 18 81 41 0 181 42 92 105 44 0 20 74 18 44 40 48 34 169 2 58 16 67 10 86 72 14 9 61 24 58 50 29 15 108 0 0 140 7 147 49 0 114 106 0 87 105 55 18 7 58 119 43 87 138 78 5 92 126 98 59 134 97 30 4 17 0 109 8 26 61 28 100 59 178 159 22 263 109 9 21 127 10 30 128 209 32 0 30 53 121 0 21 9 40 72 91 36 48 123 20 146 14 48 96 56 0 41 73 2 264 0 63 64 45 57 143 145 12 0 82 27 66 114 101 89 51 49 0 62 56 3 44 73 12 144 0
116 48 230 113 111 92 6 101 74 96 99 84 128 36 56 103 153 150 6 86 105 89 181 4 129 41 4 92 152 83 42 146 87 127 146 112 57 251 94 124 134 36 107 44 63 129 140 189 0 46 95 42 105 77 14 70 124 292 111 69 56 154 62 213 0 85 61 72 136 32 104 135 24 36 185 97 86 164 41 0 79 151 36 117 78 87 98 81 233 67 126 129 18 68 126 165 126 130 106 57 0 32 160 48 20 0 138 164 14 44 30 123 158 49 7 70 54 89 24 36 63 34 124 72 126 24 24 48 8 36 2 100 121 68 7 32 101 102 111 42 99 102 61 118 68 9 26 87 50 128 64 62 46 144 168 86 85 122 81 73 70 79 151 16 51 63 67 92 72 55 128 106 26 24 158 199 0 132 72 32 112 67 26 76 12 120 92 24 30 95 141 16 157 111 43 150 159 171 109 219 68 84 113 57 146 44 84 75 0 73 70 36 90 30 103 159 45 55 91 62 113 167 60 150 46 8 176 78 84 141 10 30 71 74 149 44 10 166 30 117 71 127 107 36 90 70 140 0 95 140 81 109 102 102 65 201
30 22 49 91 71 56 72 0 0 0 35 27 39 0 2 63 4 0 0 87 32 16 83 0 33 18 72 0 9 0 6 6 68 0 103 59 14 4 4 6 49 57 24 2 7 33 16 2 6 0 99 3 9 42 2 77 72 0 96 0 90 15 24 63 48 64 12 0 66 12 30 0 0 0 9 0 0 4 37 6 0 85 54 64 15 72 0 42 96 5 42 22 21 244 0 98 4 7 8 68 0 89 80 2 37 0 121 18 45 0 0 38 3 2 78 9 0 81 14 83 75 111 0 127 68 70 12 77 50 27 28 6 12 4 0 54 0 44 9 0 0 48 0 12 0 0 0 54 0 2 24 9 10 54 0 64 45 1 81 77 0 56 14 48 8 56 43 7 43 0 88 0 35 63 130 13 0 6 96 12 65 69 9 70 2 95 119 10 0 71 14 28 53 55 112 147 95 21 16 12 49 0 0 29 0 0 0 0 20 129 24 64 7 22 18 97 5 8 10 10 45 7 62 17 91 0 29 8 32 7 15 74 39 88 18 49 0 86 0 3 18 49 26 30 72 91 69 12 0 6 0 5 106 60 71 61
39 62 72 86 61 79 117 9 85 124 0 40 0 9 97 111 78 4 65 50 18 4 86 99 34 0 0 147 34 8 9 0 48 61 66 112 60 96 4 45 50 48 7 67 136 4 43 77 93 47 44 41 143 85 0 81 6 0 27 21 0 56 0 38 98 46 63 25 76 102 41 123 6 0 36 92 5 27 64 68 36 15 72 17 4 24 81 77 14 27 19 90 0 127 113 10 15 14 2 0 61 29 28 25 45 38 35 10 58 46 9 59 0 55 17 24 5 5 57 61 115 34 92 0 36 8 0 0 74 51 41 118 126 32 0 0 64 0 48 60 138 38 16 23 7 72 38 0 139 0 17 0 12 99 0 12 4 18 37 9 77 28 28 8 20 0 5 31 13 2 75 103 16 72 73 14 14 21 78 0 155 9 27 135 0 24 2 0 0 121 0 82 12 8 72 39 58 97 58 9 9 25 54 56 17 15 73 123 0 97 1 134 18 18 76 111 34 0 88 9 58 0 0 16 0 83 0 0 40 72 0 0 36 40 114 8 32 0 42 32 61 67 67 11 18 0 0 0 108 82 5 15 94 14 10 35
87 31 60 34 60 46 24 76 76 73 80 29 45 70 68 0 38 153 74 22 29 6 108 88 143 47 8 3 24 58 0 68 157 131 91 27 47 112 104 83 72 69 59 36 226 24 10 92 62 30 49 38 44 7 0 52 45 112 9 58 32 0 85 50 148 91 139 72 8 9 160 85 69 15 93 75 11 78 111 54 52 60 43 38 137 0 126 93 53 24 56 49 77 88 101 185 66 7 158 49 49 25 9 148 117 81 24 70 32 21 7 27 80 81 149 26 105 124 4 57 141 101 58 135 125 199 75 88 60 49 56 155 45 107 10 0 29 100 23 173 42 39 35 73 37 78 100 115 0 135 102 33 53 110 120 7 204 64 104 35 10 18 214 25 143 28 73 46 142 3 89 147 43 56 88 73 68 70 81 73 50 8 37 58 52 192 57 42 32 9 90 0 63 76 63 81 191 37 37 70 80 47 87 109 174 66 121 159 68 35 119 18 29 98 121 143 82 166 202 136 12 81 59 46 82 162 20 134 93 65 10 62 39 191 31 7 102 172 65 117 81 6 38 42 142 117 74 24 12 104 120 56 80 21 65 0
80 0 116 14 129 63 167 40 56 0 63 36 83 88 16 168 10 0 0 118 88 64 40 174 27 97 65 104 92 5 80 62 103 21 77 5 102 12 123 91 133 18 107 8 144 42 134 0 3 0 130 39 64 0 0 90 174 34 27 0 45 23 45 165 12 33 45 24 15 0 0 0 32 63 162 61 5 48 78 37 58 0 78 116 92 108 64 65 35 62 129 0 51 104 71 63 0 59 6 100 49 69 96 91 65 0 97 77 104 2 0 28 0 68 43 0 74 234 44 80 83 0 115 153 82 84 24 0 8 127 93 5 38 16 0 56 25 76 32 70 95 56 20 4 72 56 18 72 35 32 10 60 8 40 105 134 22 44 49 49 48 88 99 187 24 81 23 117 0 16 135 195 16 25 196 10 15 84 0 94 87 66 0 14 64 72 25 42 23 21 72 0 17 85 36 69 28 110 34 109 3 91 14 83 93 19 33 80 72 56 59 0 24 9 63 124 67 13 92 96 163 0 147 35 81 74 114 0 90 113 44 0 67 142 81 0 17 187 127 69 0 149 25 128 21 155 119 47 32 14 146 38 154 45 40 72
25 40 130 70 81 9 80 3 29 116 127 120 36 131 22 32 91 95 68 148 1 90 128 0 104 64 78 56 90 9 42 93 27 165 68 32 123 47 220 74 48 0 104 88 68 90 116 43 42 6 111 52 13 43 64 0 117 96 10 19 42 28 0 78 24 69 99 63 174 107 96 0 60 66 127 55 38 3 137 73 89 20 92 43 102 70 54 35 103 42 42 87 130 160 12 65 18 152 41 43 26 36 56 57 49 16 63 6 7 96 33 21 87 137 96 50 57 163 79 60 38 0 170 64 124 184 31 28 73 21 6 120 3 151 54 15 28 125 33 34 64 103 109 85 173 0 47 94 36 25 9 149 164 133 142 0 131 106 51 46 14 69 69 92 60 64 137 73 117 0 8 156 61 25 46 62 95 68 147 81 47 162 153 50 91 164 49 8 39 87 110 29 18 95 29 37 71 55 10 172 91 202 122 153 162 60 109 190 16 12 18 98 35 4 156 108 77 97 119 101 32 94 108 19 15 96 24 89 103 18 32 16 57 125 36 19 154 206 42 69 6 120 105 32 102 101 56 48 45 144 21 46 21 90 34 144
0 0 144 67 105 55 32 138 27 103 10 42 24 33 80 54 12 148 125 92 78 32 114 0 27 93 56 12 121 28 12 144 112 70 45 144 47 70 74 108 127 69 63 34 151 144 0 30 0 45 212 85 110 0 32 69 69 0 116 67 45 119 0 162 77 69 111 214 46 0 98 48 16 85 138 20 70 18 6 72 43 56 89 34 49 2 16 50 119 138 34 16 42 112 156 181 117 47 100 15 31 6 84 0 16 160 49 185 0 77 66 10 97 12 107 0 30 261 10 71 157 126 138 63 0 0 0 37 22 102 32 98 30 134 12 15 62 33 1 74 16 42 115 0 128 89 61 115 15 18 0 144 100 27 141 66 174 50 120 15 4 72 190 83 0 0 93 100 5 30 45 37 36 31 56 0 40 60 42 108 71 100 96 204 0 204 101 0 27 10 14 0 122 72 17 102 30 144 0 38 2 112 18 48 69 81 92 126 0 28 70 16 88 75 0 62 26 117 185 89 103 149 77 0 131 175 91 93 78 18 66 45 84 55 0 0 0 129 190 27 68 135 47 54 0 0 130 37 35 63 89 5 72 20 119 0
40 0 81 0 29 0 90 0 0 104 18 134 51 75 54 101 68 79 100 4 1 0 28 0 27 26 0 25 20 44 16 84 66 94 16 78 18 46 144 44 0 18 24 98 68 35 9 150 15 32 0 66 99 23 25 35 47 16 75 86 42 6 189 7 101 0 94 0 128 34 58 19 15 28 63 63 65 123 98 128 51 36 5 58 63 46 67 25 0 27 7 0 30 46 90 24 24 0 25 27 84 51 56 140 28 161 36 104 0 90 0 0 0 0 8 0 82 117 18 40 99 0 54 12 63 6 28 4 16 83 0 99 69 68 119 0 106 96 6 45 97 22 6 28 24 8 55 55 84 21 54 0 126 35 64 88 240 123 49 62 18 28 60 48 50 4 57 0 100 30 136 0 0 176 56 1 45 0 0 51 36 82 168 91 15 30 0 0 27 0 0 140 113 36 48 130 10 30 0 18 89 81 65 35 55 9 27 7 0 0 81 72 21 9 33 12 27 38 206 14 31 0 28 45 36 152 134 18 0 57 0 135 124 70 0 76 108 36 80 100 30 170 20 65 16 55 94 0 106 17 155 48 61 28 0 16
175 83 106 36 121 13 87 9 9 49 110 56 30 208 75 40 30 89 1 49 28 0 171 121 130 94 113 50 204 36 36 72 66 99 56 93 63 175 22 93 47 0 131 1 105 157 247 68 102 49 55 82 16 15 78 56 108 141 150 29 9 7 37 61 99 171 97 12 63 40 137 42 72 70 24 96 71 75 112 112 44 190 125 12 48 81 125 15 107 87 94 63 88 62 32 70 55 54 36 0 48 86 123 5 35 67 59 115 78 90 24 54 15 0 92 15 81 144 62 161 83 60 164 92 64 51 56 7 128 164 116 126 57 172 48 10 63 49 29 30 33 125 36 87 4 18 99 44 28 68 71 67 30 102 108 148 196 48 97 43 51 63 32 64 59 91 73 54 141 24 71 91 96 91 83 40 85 72 82 100 72 76 137 66 185 175 43 42 47 126 25 60 79 97 15 42 66 110 110 54 135 124 14 91 76 72 143 68 63 67 108 56 62 48 73 64 0 47 65 59 157 153 78 88 21 53 65 163 96 134 56 176 42 119 179 97 119 235 23 174 22 173 69 107 96 123 93 0 0 184 52 51 60 41 29 0
48 42 63 21 14 20 66 31 9 42 1 38 0 3 0 8 79 27 66 27 83 0 51 58 98 44 151 48 59 20 34 34 6 20 98 0 7 48 0 0 103 36 104 97 56 0 0 6 21 22 38 6 56 0 18 53 14 44 9 6 29 20 27 150 42 18 48 42 30 66 88 15 15 10 128 103 77 52 16 28 30 119 81 32 75 36 55 12 44 53 72 16 0 0 97 22 18 143 48 0 78 0 36 100 24 57 63 58 62 74 18 67 72 35 6 5 21 66 55 9 81 51 68 14 46 49 33 71 82 55 54 0 45 39 2 73 127 38 44 56 108 6 28 15 83 65 51 131 76 87 57 23 22 27 74 103 6 39 16 6 15 133 10 24 24 0 10 12 58 23 57 126 20 108 54 118 106 0 0 18 15 63 0 80 48 42 36 42 100 112 20 44 46 24 12 49 0 21 76 97 64 36 0 99 18 0 108 78 0 0 0 54 9 15 8 82 80 18 129 42 6 20 7 35 0 78 33 25 111 69 33 28 23 24 0 0 12 81 70 115 48 30 0 42 0 10 79 0 104 0 91 0 127 12 42 4
92 56 15 52 63 23 28 0 40 51 104 28 44 0 31 25 100 2 6 24 28 45 88 1 235 61 7 62 72 96 42 128 84 114 179 6 111 21 53 18 45 24 36 74 80 59 68 77 114 24 103 142 57 7 107 103 50 30 15 21 0 111 77 68 30 139 54 42 75 0 3 3 1 0 70 12 69 165 84 58 49 15 49 32 3 31 43 76 112 77 61 48 82 26 20 25 9 120 72 117 72 31 46 66 23 42 2 60 87 98 20 66 21 82 33 0 143 100 37 83 87 15 17 121 147 165 30 24 32 100 0 20 47 36 14 0 77 60 0 51 7 12 36 72 62 2 112 78 81 11 7 87 119 72 78 48 72 99 7 44 62 95 106 12 2 64 63 35 144 0 0 61 16 49 39 51 66 60 7 30 27 135 88 119 99 0 5 46 45 28 66 52 212 48 17 45 8 130 75 101 0 42 24 41 111 65 57 84 22 33 27 40 9 78 121 3 169 25 60 36 57 83 78 50 49 126 70 0 27 18 40 51 86 116 166 36 18 121 104 91 6 16 27 92 21 137 122 49 89 74 42 40 18 28 61 109
7 38 118 51 35 43 0 21 24 49 20 7 8 47 63 31 0 63 48 201 49 21 8 71 93 52 28 32 126 133 49 16 0 113 37 0 0 37 98 57 42 14 63 0 49 20 21 141 69 40 56 81 34 22 8 56 7 0 33 36 21 9 46 80 129 119 57 0 20 37 40 101 55 16 14 19 14 33 40 0 7 28 42 0 42 28 63 15 21 12 7 65 23 0 44 5 8 30 39 48 56 46 8 0 169 70 48 49 0 17 15 21 35 9 123 82 90 42 0 34 89 28 43 27 8 72 12 0 11 0 8 0 68 3 86 0 38 137 30 85 4 8 0 112 49 0 0 32 48 64 20 50 11 65 49 0 0 24 56 72 19 0 53 64 5 22 37 12 55 25 48 19 42 8 35 24 71 63 42 5 28 0 24 0 0 21 0 0 20 0 49 69 81 0 7 5 25 45 0 35 39 0 0 0 0 57 81 49 63 65 12 0 0 64 0 88 30 7 53 8 94 34 0 20 51 56 26 63 27 14 31 0 48 27 0 64 96 5 21 66 66 0 0 26 77 41 2 20 28 0 24 76 78 7 28 72
81 83 160 108 71 68 55 104 56 25 68 124 32 143 133 127 5 2 52 81 19 95 42 80 143 93 93 45 95 21 49 7 48 64 109 122 15 132 49 88 14 6 69 122 102 104 52 93 52 133 156 30 131 121 162 132 28 35 92 69 172 117 85 132 8 188 81 124 36 59 24 188 3 9 77 185 16 122 54 93 7 150 85 8 48 77 156 84 103 36 42 63 85 39 210 131 61 5 25 48 9 109 82 103 65 24 66 39 117 51 45 105 11 94 125 121 68 57 27 120 158 45 29 91 63 19 51 97 77 119 30 108 180 9 72 48 114 50 18 122 59 16 132 88 87 36 29 58 52 36 9 94 50 53 160 8 42 82 125 24 52 193 108 41 68 22 40 76 126 36 45 79 57 0 10 12 12 159 60 0 145 196 88 129 36 0 70 4 61 42 103 76 33 23 156 219 60 22 0 163 128 56 127 87 45 29 262 108 2 93 117 54 0 28 76 49 80 30 116 39 172 194 0 80 6 185 34 67 18 26 54 97 126 70 94 30 113 78 44 117 56 166 63 80 6 113 62 15 3 93 97 90 94 15 0 79
44 24 27 76 13 21 72 27 43 40 0 72 16 0 41 67 8 23 59 12 12 0 121 63 104 16 42 45 10 0 28 5 92 6 27 160 10 99 0 36 40 87 0 0 25 42 30 22 0 0 28 0 66 0 36 36 37 20 92 0 0 48 98 0 7 35 62 98 5 0 35 0 0 72 55 25 32 45 21 0 55 0 27 51 49 54 14 81 100 12 0 0 8 83 48 21 0 24 18 24 36 76 0 93 47 0 114 6 15 34 24 115 0 34 8 16 57 62 0 92 16 0 39 0 12 0 38 0 5 24 0 54 21 46 81 81 18 0 0 35 12 72 92 0 72 21 2 0 68 16 6 6 10 9 0 72 66 0 130 30 72 29 0 56 4 0 5 5 91 0 12 43 10 74 108 4 21 88 12 4 18 74 82 36 35 46 128 0 26 33 11 0 51 48 0 27 21 63 1 0 52 14 0 10 0 1 32 0 8 0 9 15 0 68 66 33 10 3 140 28 59 0 52 16 16 0 86 18 67 29 17 54 15 53 78 12 0 174 10 14 72 36 117 0 10 76 63 35 21 58 38 0 75 64 35 20
68 84 109 68 58 84 44 18 0 96 41 39 0 3 206 104 36 26 0 117 69 79 80 40 77 56 9 85 9 113 32 78 32 84 72 0 113 171 59 73 0 64 40 14 130 70 128 24 25 32 88 161 18 136 48 0 28 48 32 16 36 52 11 84 115 116 58 5 61 64 39 72 49 88 28 4 15 68 158 54 100 104 154 37 27 92 0 0 12 84 8 177 81 24 70 117 56 27 0 1 77 84 104 6 152 48 131 56 8 24 49 0 65 45 102 48 80 45 63 69 94 35 4 127 13 56 74 152 73 20 26 36 68 24 28 168 103 180 80 8 144 0 17 0 6 0 104 128 136 0 91 0 35 56 60 28 10 34 15 120 47 16 87 56 109 96 56 158 119 56 16 64 70 0 49 62 0 63 68 112 98 42 39 88 80 15 79 44 64 42 76 40 8 84 61 31 0 123 62 99 70 6 76 172 64 36 36 156 44 0 96 54 57 68 48 123 43 20 24 40 137 90 36 102 72 32 60 12 0 40 119 0 52 130 36 71 5 77 66 86 29 44 99 50 66 129 77 21 28 121 96 8 103 60 72 57
129 9 42 97 9 18 59 8 3 119 14 13 28 49 156 12 113 0 56 97 28 9 80 15 15 36 76 105 87 36 0 12 12 85 116 44 62 94 47 100 81 17 69 56 95 124 129 0 20 70 28 53 96 56 18 26 52 0 128 50 49 78 53 7 82 43 49 129 94 35 148 126 49 20 17 30 41 137 45 75 77 205 9 9 57 38 92 25 29 72 82 98 40 24 62 186 24 3 48 7 34 8 16 54 95 12 23 0 36 12 9 8 0 127 14 47 51 120 36 90 145 4 64 93 0 59 47 34 73 36 24 104 93 0 0 63 97 43 66 85 209 38 0 8 99 72 78 28 32 0 46 42 71 21 54 0 94 10 104 54 87 148 59 48 16 8 84 99 110 9 75 93 20 24 15 88 92 64 63 168 34 64 46 52 82 0 51 0 19 30 0 26 4 72 36 41 81 42 67 32 138 54 24 10 76 74 84 48 4 71 64 86 35 60 116 37 13 0 39 2 122 156 3 120 72 158 10 42 20 15 32 146 78 36 6 102 140 43 0 79 108 35 47 35 158 25 36 3 64 80 0 48 31 115 0 31
7 31 14 4 70 24 4 72 32 73 101 92 0 160 12 158 110 6 54 111 0 32 98 3 84 30 103 111 0 0 0 82 66 26 8 10 97 60 0 118 4 4 49 0 71 39 42 62 105 34 39 0 19 48 5 96 48 0 141 36 53 138 54 9 43 40 39 104 14 38 98 34 20 18 76 8 17 119 74 63 56 133 35 50 227 24 30 59 58 40 67 45 108 12 97 323 100 34 4 0 8 73 16 111 59 56 16 132 78 0 24 4 21 84 29 32 69 135 142 33 24 0 18 9 24 36 78 99 20 241 12 0 25 76 81 82 0 114 19 67 59 28 66 112 39 8 142 111 40 176 131 162 84 74 30 0 73 0 35 122 48 54 63 96 150 37 85 27 11 28 112 0 62 65 44 0 52 84 42 23 76 30 0 86 37 18 30 12 26 83 3 56 75 102 128 47 155 135 7 32 27 55 88 56 27 17 6 100 37 43 32 63 1 125 87 32 161 0 45 18 148 19 0 99 73 108 100 175 28 21 106 102 123 66 88 95 7 66 25 98 60 106 120 38 81 109 86 219 68 180 117 24 44 97 24 75
144 88 48 53 185 27 81 21 20 28 29 30 6 21 176 179 106 12 75 64 90 0 35 58 0 38 67 30 90 93 141 48 2 96 9 0 6 16 6 2 15 34 44 0 12 12 74 0 54 100 26 94 28 113 33 42 24 0 40 0 113 15 21 89 0 96 54 35 60 16 6 0 0 15 20 20 21 5 77 42 63 63 27 32 205 24 24 0 70 63 10 36 125 72 43 89 0 8 22 78 166 96 138 0 74 83 82 78 51 37 0 33 0 0 24 57 120 87 56 35 87 87 78 39 48 0 46 0 35 12 27 0 102 113 133 91 90 105 9 36 75 11 2 77 21 0 21 96 133 35 0 101 0 33 85 95 109 0 126 33 25 96 87 129 95 27 39 69 183 52 224 105 18 77 96 70 4 18 39 0 99 173 1 24 136 56 0 89 150 73 24 51 71 142 101 124 130 86 23 12 67 77 36 90 83 8 73 120 36 32 46 49 65 49 36 31 9 135 60 7 105 42 0 67 0 0 46 63 78 59 0 15 107 51 42 71 133 90 144 111 0 129 82 95 27 72 21 10 19 115 7 112 37 0 18 0
139 30 0 39 38 117 0 0 72 54 80 27 76 17 36 125 34 32 25 24 45 10 56 81 61 50 56 78 29 54 0 0 166 0 127 4 84 191 6 72 27 22 104 2 48 49 0 94 0 48 42 63 12 108 0 40 6 41 8 18 42 62 104 68 2 84 91 24 18 0 23 72 16 63 80 5 4 107 6 0 0 0 0 40 51 0 116 32 50 45 0 24 58 6 130 91 24 4 12 84 54 8 0 112 54 0 81 32 74 81 6 8 81 21 27 40 215 48 96 99 93 8 8 60 65 2 16 8 48 72 27 119 72 67 156 71 6 0 16 60 117 81 86 197 0 0 97 36 39 68 0 54 30 174 144 110 134 8 80 64 0 0 21 117 36 46 29 6 42 0 75 125 28 122 93 42 6 117 48 0 31 104 105 44 48 16 0 12 108 87 122 69 8 16 0 109 23 21 137 92 27 15 7 92 24 0 72 75 64 137 87 90 103 97 96 84 115 53 37 16 60 40 24 40 16 36 0 27 32 0 28 93 143 92 105 0 133 60 62 18 76 219 123 4 98 101 16 132 9 48 110 36 31 75 27 24
6 92 152 24 25 32 30 139 24 40 86 13 67 12 89 86 178 63 142 88 43 30 88 8 58 28 84 39 66 12 12 0 12 85 158 89 2 105 56 129 4 60 127 28 95 94 35 78 0 69 0 92 186 146 16 24 42 69 34 81 0 52 63 189 50 53 51 12 0 60 179 70 29 45 166 28 1 15 132 48 12 104 71 28 109 0 47 0 158 144 162 0 51 144 76 126 58 34 21 0 45 93 91 19 114 0 29 52 33 24 30 127 43 45 25 56 62 50 16 114 6 45 115 108 21 74 159 57 31 94 36 24 75 39 42 44 0 186 35 40 21 66 78 36 70 0 6 159 41 83 120 95 60 23 83 42 151 54 45 24 78 174 63 48 105 111 0 45 32 60 67 117 32 63 48 20 18 135 63 0 98 49 40 80 18 45 0 82 144 10 30 84 117 68 42 45 113 75 15 42 83 136 50 127 90 64 48 54 10 0 164 25 0 4 46 61 111 64 83 72 60 93 6 0 25 0 30 72 48 98 62 20 78 198 96 43 30 95 193 136 64 35 139 61 28 16 46 125 69 93 41 16 169 80 37 70
10 127 35 42 46 74 98 52 110 101 35 111 14 100 66 162 68 67 91 73 62 111 41 190 98 148 0 0 24 76 12 42 30 12 81 203 86 39 61 86 61 18 26 19 101 84 88 128 70 18 95 98 37 53 0 9 60 27 89 35 131 26 4 38 26 24 75 57 15 28 17 69 15 4 153 90 56 92 15 18 0 54 49 126 34 84 196 49 59 65 12 67 34 119 145 93 37 64 12 0 51 55 86 154 10 104 122 157 56 34 48 63 73 47 36 104 112 61 34 84 117 61 8 6 142 2 58 62 159 99 95 91 63 62 64 40 17 131 6 85 67 112 21 147 22 87 32 18 81 114 54 82 4 106 82 61 3 39 62 23 45 56 112 66 96 0 82 21 118 20 68 56 18 54 202 25 8 28 66 58 35 140 19 46 5 83 19 0 79 47 50 12 0 0 141 121 51 72 79 22 0 93 12 72 7 83 88 28 68 6 0 60 135 71 72 65 89 105 58 40 123 123 9 53 47 177 64 127 18 129 113 63 138 83 154 30 83 54 28 108 60 186 119 72 45 86 24 9 14 154 155 90 4 61 28 21
144 0 43 0 35 86 98 36 0 109 179 28 0 104 9 68 45 29 87 106 24 60 68 83 6 87 33 12 138 54 24 118 87 44 45 21 62 36 90 30 90 44 0 133 84 0 128 69 67 108 32 18 114 32 92 35 175 0 78 49 100 12 88 0 42 94 8 0 68 28 106 16 76 0 204 78 0 42 21 36 109 56 69 58 52 13 8 0 66 30 65 115 63 18 77 117 0 68 32 0 0 25 40 78 98 36 172 48 35 71 25 168 30 148 72 118 56 121 41 20 72 0 86 73 82 153 90 221 0 48 16 27 52 108 48 56 54 145 50 24 12 25 56 44 171 80 35 0 62 0 79 48 32 48 20 0 54 84 60 143 64 82 135 88 186 50 16 78 149 36 117 72 32 18 66 35 0 113 36 70 113 88 36 42 85 57 69 85 30 27 20 0 40 56 148 104 16 14 0 244 56 34 4 8 42 104 72 44 106 99 124 54 12 18 14 90 71 111 180 95 32 42 0 92 52 70 158 63 18 103 0 134 215 132 16 0 103 120 61 114 112 117 134 8 12 0 54 20 87 24 98 116 54 32 0 24
61 74 0 84 15 79 30 15 60 81 45 54 28 57 31 158 144 30 60 135 78 35 126 43 107 40 8 85 21 67 49 88 104 11 61 52 30 69 41 0 28 61 0 137 0 46 54 42 47 84 108 60 16 101 81 69 93 53 63 115 55 45 47 142 63 63 34 17 27 73 84 0 12 0 67 70 55 112 73 0 25 26 20 68 39 91 40 146 49 51 43 8 102 133 137 30 51 32 30 141 19 62 81 68 19 26 157 64 90 113 12 0 18 115 9 40 115 74 78 29 155 11 24 65 42 0 105 0 12 183 90 59 82 71 3 58 84 20 36 48 177 81 47 24 0 7 128 50 60 18 27 70 43 21 137 82 43 75 55 43 65 101 92 14 78 0 9 0 118 48 96 52 36 65 90 32 50 14 119 6 22 65 0 191 117 65 0 0 121 8 100 78 126 70 72 54 38 72 26 41 30 22 2 131 109 15 75 32 44 142 38 101 56 57 141 6 120 53 39 8 60 0 70 54 12 42 76 61 9 10 21 33 54 106 57 24 12 72 20 73 110 128 64 24 54 168 84 45 108 134 35 102 102 113 0 16
14 21 0 92 58 65 93 32 56 0 4 103 56 15 11 233 96 44 86 34 42 40 151 75 91 0 0 49 91 0 36 32 54 25 0 96 136 162 32 12 59 92 11 10 24 19 15 6 25 9 0 48 183 14 65 18 84 15 33 56 127 82 35 184 0 12 7 0 29 27 12 84 16 26 37 75 14 127 69 32 0 18 105 60 39 0 70 0 0 0 17 0 58 24 223 126 0 85 48 3 45 59 30 10 4 71 32 53 114 77 64 14 9 89 56 42 112 26 9 119 18 4 78 5 68 0 4 81 86 79 54 68 69 56 58 217 28 79 0 64 0 40 56 104 39 61 146 0 30 90 2 24 85 48 85 119 74 24 65 46 2 57 135 125 5 0 85 0 64 24 56 35 99 122 69 0 5 69 0 46 22 159 200 43 0 18 54 0 134 54 187 119 107 68 87 107 12 0 54 130 1 52 124 21 14 28 45 59 18 1 60 0 81 58 88 65 117 46 40 0 103 51 108 88 81 48 18 57 0 61 39 72 65 67 96 56 9 183 102 100 0 229 158 97 1 91 45 32 81 62 74 92 27 44 15 12
191 64 60 0 66 7 69 0 54 53 0 84 111 137 30 127 36 30 60 35 8 8 66 42 58 6 56 42 99 0 64 18 28 29 20 17 51 81 19 27 31 0 24 137 32 64 95 42 82 28 21 24 32 29 86 50 50 60 45 0 91 20 28 92 0 35 48 0 69 72 0 46 24 52 46 82 5 32 132 52 14 16 49 38 25 45 12 30 12 40 4 47 0 97 58 16 0 102 0 0 42 49 0 12 4 25 74 61 96 67 0 47 14 33 86 41 70 31 40 91 65 0 15 18 155 4 8 5 70 2 44 111 28 101 84 32 64 28 0 16 6 3 143 67 30 16 48 76 43 53 25 25 41 56 53 144 138 58 56 36 0 60 47 150 4 16 30 94 98 0 66 69 72 155 92 30 42 51 0 51 101 114 105 14 9 39 49 42 81 72 28 127 72 21 13 145 27 55 71 55 35 39 59 73 69 0 160 103 28 9 0 28 29 0 179 95 24 0 158 73 44 32 49 73 43 18 36 77 39 104 0 136 100 46 14 39 82 60 128 69 0 181 82 122 28 61 65 54 40 58 11 60 18 26 34 127
54 108 18 123 73 6 36 101 106 48 72 51 18 105 98 188 145 42 30 44 3 112 101 24 181 28 20 42 54 0 21 30 39 121 134 47 111 56 72 74 55 63 109 78 133 119 40 49 3 24 16 12 16 0 40 3 63 72 9 25 14 74 79 179 93 59 92 40 6 69 57 18 44 12 98 43 0 15 62 30 4 0 54 56 70 24 72 12 50 64 1 30 97 54 63 144 21 71 0 27 0 0 16 79 86 27 27 89 3 38 0 107 2 24 139 56 93 38 7 90 20 77 18 64 11 35 3 73 28 63 64 48 80 86 19 40 90 72 21 7 107 122 7 41 0 0 42 9 4 65 12 71 76 4 19 16 48 69 64 80 30 16 17 54 84 38 7 71 210 9 8 9 27 86 97 23 21 8 114 113 0 145 5 138 48 114 76 0 142 18 96 36 103 25 0 123 164 18 7 85 73 151 49 171 165 6 48 0 48 162 128 73 47 68 30 113 121 0 6 157 73 63 106 9 42 0 0 63 117 9 44 18 31 65 111 0 25 188 128 39 49 19 73 28 10 5 26 94 119 128 10 12 66 75 63 61
12 92 0 25 40 4 114 66 80 30 0 0 30 88 68 84 0 15 35 0 16 45 26 120 22 72 0 66 134 70 69 24 52 35 112 24 89 129 52 6 16 17 0 72 88 32 45 36 62 32 14 41 0 71 34 18 45 0 74 42 32 101 17 70 59 30 30 2 79 86 48 54 85 119 0 40 2 41 78 110 29 81 45 99 4 25 70 65 117 28 49 0 0 118 10 24 0 0 2 17 90 93 48 96 68 45 28 9 27 63 74 63 0 35 48 90 23 45 100 189 103 89 30 149 24 44 26 32 34 84 165 64 12 42 133 80 26 92 8 54 0 84 81 89 0 21 104 72 53 42 48 0 88 86 0 64 189 44 46 0 80 86 64 84 38 40 182 0 96 68 9 40 68 18 49 101 0 32 32 58 113 27 130 126 62 0 12 0 171 27 37 69 10 40 12 14 5 36 21 0 4 82 75 52 36 0 42 8 63 17 76 4 96 36 2 89 21 101 37 0 159 124 23 17 44 75 36 18 52 53 35 54 70 115 90 73 89 70 176 40 24 156 67 17 30 40 56 0 12 102 80 0 99 116 54 68
2 16 90 71 46 101 0 110 97 65 58 121 0 56 34 27 44 89 27 155 99 45 42 49 79 72 7 25 24 99 0 76 85 96 26 47 10 96 32 48 100 56 72 37 12 43 50 139 160 140 42 88 28 20 45 18 18 19 22 59 81 16 71 198 25 95 75 0 2 9 18 0 16 63 64 40 0 72 108 16 0 64 49 52 22 0 8 24 14 56 0 20 111 49 108 94 64 119 12 24 24 52 26 43 97 85 53 49 0 77 0 94 44 12 16 151 103 47 39 26 91 68 46 34 47 32 115 74 44 145 41 47 14 82 12 88 0 125 25 40 5 52 79 45 82 0 45 49 3 108 20 83 0 72 96 57 30 21 65 37 30 30 71 109 46 24 23 18 14 48 0 18 7 15 46 48 97 185 83 49 134 66 87 51 16 135 16 0 59 12 76 74 27 42 41 106 53 105 18 58 2 0 0 147 102 0 76 0 0 0 8 5 40 96 54 65 23 42 56 94 9 28 14 0 66 39 50 63 55 76 32 0 81 56 0 18 27 90 41 0 93 38 137 91 9 3 110 35 10 129 19 95 184 24 0 0
98 74 0 146 25 105 102 7 7 72 8 107 67 39 150 249 72 15 76 78 56 33 54 62 116 18 91 257 93 0 58 112 86 0 64 56 123 44 63 64 32 76 37 85 192 46 80 50 51 79 0 88 64 29 72 7 43 21 69 20 129 151 109 85 7 54 91 105 88 24 5 18 0 24 67 116 7 53 112 0 112 16 42 54 181 109 85 0 32 65 75 8 28 110 121 164 25 85 84 0 9 82 0 325 30 114 67 139 132 63 79 12 0 18 82 42 90 163 92 145 32 62 60 66 39 137 52 123 39 54 40 38 6 28 136 71 76 81 36 80 0 16 149 95 80 0 52 0 32 49 45 20 46 73 51 34 183 16 75 55 0 16 121 80 120 0 76 34 32 54 104 125 69 83 14 32 88 64 44 12 42 22 150 78 9 93 47 0 44 129 28 148 155 94 112 116 189 0 126 40 80 88 68 162 0 40 0 93 27 5 40 87 2 108 94 71 165 28 107 152 60 40 56 95 10 131 84 56 120 158 65 108 108 105 51 65 117 90 105 209 11 102 18 145 78 26 17 137 64 108 141 92 99 52 20 41
0 74 7 43 70 7 132 28 15 84 30 36 80 6 56 100 111 24 51 18 40 3 123 59 3 12 16 88 22 9 84 93 39 56 3 38 11 49 77 0 59 25 48 54 71 0 48 1 20 21 35 38 29 36 0 17 33 1 16 18 109 18 80 24 0 34 8 45 0 52 8 9 9 33 63 117 5 27 88 78 42 20 0 22 177 2 56 15 48 0 12 6 22 136 42 126 0 36 107 57 16 51 8 57 71 80 13 40 15 16 20 79 12 18 69 2 27 81 7 57 113 22 33 14 0 0 147 50 9 0 20 6 9 44 45 46 28 6 38 106 65 46 19 2 21 6 29 54 36 14 107 113 97 10 45 5 118 1 100 31 35 0 50 99 101 0 83 50 105 10 150 69 1 114 12 0 31 42 27 45 0 90 0 0 66 35 17 67 44 24 90 40 94 81 69 38 170 15 0 49 8 107 18 86 34 42 50 34 18 34 24 32 0 14 38 0 51 0 87 94 0 48 3 6 35 50 76 0 102 35 59 63 107 170 39 7 1 80 109 24 40 8 69 169 67 20 0 18 38 110 117 38 4 0 25 2
6 68 83 48 56 12 26 16 22 18 18 70 60 23 21 27 104 0 83 23 39 32 103 79 82 76 67 83 64 52 84 55 54 56 10 37 92 18 64 62 33 59 92 43 44 63 32 23 0 43 127 48 26 30 91 91 80 108 21 0 39 66 3 20 38 117 92 64 22 2 24 66 10 29 52 47 2 49 4 60 108 34 9 37 41 55 74 73 72 4 36 9 59 79 13 100 31 96 25 90 4 41 101 71 129 10 92 12 78 9 38 9 82 92 19 1 28 103 39 30 56 3 8 57 85 0 34 45 17 82 48 0 59 48 51 66 64 16 41 9 28 0 45 56 61 0 48 6 37 2 52 136 99 5 82 0 10 3 124 24 46 79 32 82 70 4 67 6 230 8 84 36 12 12 128 22 0 0 8 60 9 161 40 108 170 56 110 6 64 31 94 17 9 56 18 141 100 10 9 39 28 114 10 218 107 20 114 47 13 64 32 20 30 117 125 11 28 14 108 40 141 75 31 104 27 121 100 47 107 21 31 84 3 97 53 2 0 71 5 99 40 3 88 39 58 87 29 36 18 120 21 113 5 33 6 8
0 4 72 104 22 56 145 90 0 25 15 80 27 148 71 45 2 14 18 0 42 67 28 142 27 12 27 39 110 0 84 20 125 0 48 93 31 6 65 92 51 20 114 177 192 41 57 56 15 36 85 45 60 27 86 36 117 51 42 7 127 59 169 38 26 137 35 23 39 66 3 122 16 116 29 174 7 15 26 23 63 46 110 6 126 46 247 9 24 0 77 24 11 27 29 102 26 48 71 28 0 54 21 72 67 54 153 41 0 138 59 47 51 0 115 51 48 4 86 139 114 77 103 9 79 63 29 56 0 72 81 18 35 44 49 53 38 41 18 48 82 74 85 24 50 63 57 9 54 27 33 20 46 106 72 102 71 34 76 21 114 29 24 206 3 36 134 43 98 92 128 54 38 75 35 3 27 130 27 44 32 103 48 111 72 95 21 21 50 90 43 60 6 80 19 86 111 0 45 42 50 44 8 86 57 26 108 147 101 38 31 25 85 131 0 93 8 63 137 112 198 36 92 9 2 48 25 28 124 78 0 76 0 1 113 36 189 91 16 41 77 77 26 25 6 67 56 32 2 24 112 20 60 87 0 51
32 18 165 96 12 86 25 8 43 61 4 82 87 40 123 168 28 1 197 35 111 0 6 112 54 57 8 84 76 176 36 118 91 12 110 184 24 234 50 39 97 63 121 24 165 102 4 109 112 104 129 181 80 234 52 0 4 0 116 140 149 35 58 183 102 48 18 90 82 125 72 199 66 122 67 30 5 133 22 58 36 100 40 72 15 61 181 83 36 48 8 40 52 143 179 111 49 37 31 65 0 83 152 141 39 68 64 74 114 119 92 44 69 151 67 146 78 47 24 64 96 64 60 0 137 51 121 123 101 48 82 83 118 78 83 56 118 105 72 115 112 36 149 92 50 75 64 13 44 35 40 2 113 49 44 73 75 81 162 35 47 30 116 10 194 48 72 78 0 18 145 117 38 92 0 35 24 20 90 0 219 59 25 170 51 64 68 45 28 25 36 131 12 25 135 88 146 131 0 4 86 26 125 130 139 160 0 174 33 28 104 63 24 30 17 44 0 65 278 148 86 43 0 175 45 104 32 122 32 121 69 92 76 90 152 29 36 36 72 107 228 25 235 18 131 56 93 63 0 130 152 2 64 92 181 44
61 0 64 100 81 21 128 40 56 36 53 93 64 114 69 152 0 54 32 38 94 24 122 27 156 72 6 70 49 15 27 16 27 77 74 0 19 105 76 66 0 72 82 0 42 55 18 44 86 74 24 75 84 5 115 57 120 0 74 30 70 72 100 81 25 191 118 0 35 27 27 24 12 0 30 38 51 81 90 18 7 54 35 48 108 6 26 0 32 0 3 180 218 69 46 193 104 90 39 0 68 30 60 0 151 87 20 86 46 37 25 23 74 24 90 66 18 76 10 24 102 0 44 93 64 0 30 123 54 111 81 57 97 89 121 61 72 167 5 42 72 71 4 0 145 0 103 54 45 65 164 18 63 86 40 15 62 0 12 84 38 20 90 35 23 52 5 45 138 23 74 56 12 102 64 6 77 60 36 201 75 48 105 91 57 48 116 0 140 136 9 44 136 69 58 51 28 135 15 184 0 85 34 35 28 181 40 21 75 19 93 95 33 92 48 20 36 0 124 0 118 45 18 80 18 96 143 27 18 49 54 63 89 42 123 30 146 89 261 54 35 42 60 68 58 108 114 0 49 132 112 25 30 40 0 0
109 114 0 0 0 173 0 82 24 0 25 57 90 9 57 16 26 12 16 0 22 24 40 101 0 0 8 12 83 101 0 0 32 40 125 0 54 90 22 40 89 56 10 8 81 40 0 169 31 52 18 0 49 42 0 72 40 68 16 0 36 48 152 51 0 117 56 0 64 0 53 84 38 0 54 81 0 84 24 0 32 24 39 18 61 0 116 0 82 18 5 9 82 0 76 0 27 8 31 6 65 54 0 100 150 11 61 0 61 70 0 111 51 28 39 76 48 0 24 89 0 56 0 75 15 45 64 109 38 27 16 104 36 96 109 0 80 9 10 24 38 0 11 72 85 0 0 63 6 55 40 10 7 34 60 78 137 10 86 0 82 46 0 64 102 70 31 25 26 80 129 18 97 15 64 28 54 94 69 54 194 14 72 61 0 10 33 14 67 135 0 135 45 92 36 28 72 28 40 52 52 15 27 0 10 40 0 141 0 53 42 45 0 30 18 41 46 39 100 12 8 48 35 28 6 48 71 96 60 100 0 117 34 162 72 30 50 48 68 0 93 123 72 66 87 61 63 0 29 34 107 4 106 0 42 40
79 32 25 52 112 33 20 0 6 49 39 12 103 145 8 52 42 49 42 75 3 29 120 38 38 41 68 40 100 0 0 32 68 4 71 17 48 120 47 57 48 6 21 2 61 6 23 60 35 15 20 83 25 18 2 73 123 9 51 36 0 28 27 45 34 59 5 48 45 12 78 28 21 16 38 36 0 88 19 104 8 94 9 21 55 52 8 10 28 48 38 6 19 25 57 175 5 87 52 48 57 18 68 74 71 45 18 198 125 43 19 16 0 8 93 41 58 32 16 29 64 45 95 16 83 56 9 45 87 124 24 81 60 98 53 42 40 41 1 0 63 5 18 86 71 0 86 72 30 44 42 57 69 31 16 87 103 92 17 0 34 0 137 152 72 6 118 13 10 12 61 74 27 79 35 0 0 27 36 18 55 58 58 95 20 58 0 0 72 27 84 55 43 54 46 163 18 0 146 57 13 30 8 66 0 8 45 60 37 0 31 0 0 20 14 30 84 18 170 112 15 55 69 93 123 146 25 59 54 96 68 72 45 99 79 0 125 240 74 32 37 85 41 120 5 3 28 17 170 19 61 8 14 58 83 52
4 15 73 88 41 51 25 40 150 43 117 96 45 90 86 153 8 76 65 66 50 32 92 0 32 96 112 64 122 0 75 48 183 113 96 51 138 66 20 84 25 19 109 8 68 143 49 104 93 88 117 4 119 63 12 17 142 183 7 2 33 103 70 110 10 101 72 54 43 0 62 18 101 0 145 43 80 114 63 24 55 46 49 2 31 10 35 45 129 45 18 116 26 0 92 161 115 20 52 53 37 55 42 15 51 73 25 26 83 14 66 48 18 0 126 21 63 85 28 31 63 28 62 251 18 0 51 26 0 64 79 24 36 6 89 12 54 82 46 95 148 0 64 0 13 0 72 87 112 113 97 92 21 83 51 11 141 106 65 52 57 3 59 71 85 129 84 31 85 30 82 142 76 114 42 83 64 129 129 102 77 106 183 92 73 42 57 0 26 59 60 142 182 154 50 108 63 124 77 40 141 49 63 86 86 20 64 26 74 56 120 110 16 40 48 74 58 24 32 36 90 178 60 0 66 105 58 18 113 87 0 0 86 17 93 42 24 57 104 135 28 82 6 80 94 96 0 9 41 84 20 38 116 20 39 96
34 56 98 0 72 62 27 24 57 108 7 39 92 3 63 40 35 0 17 95 69 0 15 54 46 46 0 220 20 54 0 36 0 65 99 0 68 92 0 49 12 4 56 45 51 87 0 29 25 39 0 133 86 18 36 38 60 9 7 21 57 81 0 77 76 20 72 0 15 56 52 55 38 0 59 69 16 61 115 24 5 5 136 26 27 9 10 26 0 42 0 20 0 47 139 0 75 72 15 0 87 11 15 11 0 25 76 49 55 24 0 15 36 0 53 53 69 0 89 53 3 30 12 91 25 36 33 15 214 111 25 0 53 27 20 139 44 45 0 94 152 87 57 87 0 43 51 0 9 91 32 27 67 33 0 85 40 73 0 57 3 18 63 42 63 7 6 0 84 10 37 62 24 80 45 14 8 0 51 76 0 77 20 32 11 42 0 15 42 0 56 68 51 8 18 69 9 0 90 162 0 45 57 27 48 0 34 19 1 18 155 52 15 0 14 112 44 94 26 32 28 40 15 47 24 79 54 41 48 95 35 0 70 46 59 24 28 36 76 93 58 90 109 35 8 107 49 0 32 48 117 55 98 6 63 36
0 28 61 60 12 60 0 0 0 42 0 102 12 10 67 111 80 14 119 56 7 32 0 21 81 22 3 0 18 18 6 0 44 0 93 0 28 157 8 73 58 0 15 3 87 27 62 68 0 25 10 6 24 0 0 22 9 24 3 88 0 52 0 62 53 53 42 75 0 0 0 70 0 100 8 6 24 70 76 5 0 110 18 36 89 12 64 0 0 71 27 0 33 17 48 122 21 18 6 4 5 43 3 15 38 48 8 52 19 36 94 70 0 36 68 0 0 52 13 42 39 12 66 11 147 33 38 21 35 30 76 24 0 46 6 25 0 69 0 93 38 36 36 0 108 72 0 4 0 4 30 44 23 0 0 50 0 0 54 68 42 0 6 118 18 0 55 4 0 0 0 8 0 57 21 40 27 95 10 36 21 103 0 52 0 18 63 15 0 0 6 45 37 56 0 15 3 87 13 6 22 0 16 63 0 0 114 71 0 18 3 0 0 10 0 87 81 105 57 0 21 63 47 0 12 41 18 36 50 2 98 106 0 6 7 12 63 87 40 94 59 3 48 100 75 94 67 93 0 71 120 18 0 41 40 0
111 60 53 41 103 39 104 4 0 5 52 86 29 21 79 124 64 60 33 7 60 0 123 115 156 46 55 49 121 63 6 137 93 43 54 58 166 21 93 64 22 24 82 3 146 93 139 46 44 28 122 74 55 50 96 67 60 84 147 70 122 0 124 35 62 109 6 28 29 0 43 8 119 43 73 47 60 54 9 0 60 24 51 161 145 28 19 18 146 7 12 123 81 28 153 0 62 47 86 94 12 41 6 136 67 50 43 61 96 98 111 35 53 158 42 24 106 72 66 59 27 17 28 18 87 123 31 75 53 111 76 122 23 110 33 67 34 110 18 77 0 8 35 165 47 0 153 24 0 0 0 48 41 110 86 132 135 12 116 80 0 25 118 1 119 60 135 142 96 10 174 40 39 126 99 75 50 88 0 41 93 102 97 44 33 48 24 0 3 107 75 76 27 152 102 63 83 43 48 110 31 81 45 25 41 82 27 95 17 26 0 50 24 65 18 31 108 52 79 48 99 55 56 38 11 77 84 51 92 95 64 72 193 24 68 48 222 111 44 31 60 171 77 52 51 59 77 65 46 97 110 115 32 84 27 7
17 1 9 45 4 5 68 84 113 12 13 89 24 52 165 135 0 66 64 33 39 0 136 0 95 42 10 108 149 8 0 12 54 0 35 47 132 171 93 76 7 62 116 135 197 101 102 33 92 0 0 123 24 135 0 66 0 63 41 153 0 117 144 126 64 15 63 27 45 0 81 0 54 15 39 122 59 93 115 8 70 101 21 69 64 15 0 6 0 2 126 131 99 45 106 90 35 35 39 0 82 48 7 165 54 32 60 82 58 21 12 9 45 42 139 0 0 18 223 28 98 135 58 104 95 102 42 41 99 63 125 31 87 19 35 20 66 115 54 103 45 84 135 48 18 56 99 62 38 0 27 53 54 35 40 0 121 68 42 44 32 64 98 46 19 28 30 78 45 20 9 56 66 41 21 37 131 87 0 87 0 15 184 70 70 10 35 0 75 9 42 104 21 107 54 32 110 109 81 42 0 45 47 106 35 42 135 207 1 24 0 78 27 68 148 0 45 25 119 47 177 15 90 11 32 124 36 27 99 0 16 42 6 45 0 70 134 56 5 65 171 106 78 44 121 56 111 36 28 141 78 20 162 87 77 48
84 156 153 137 165 63 72 36 80 95 81 60 76 106 82 123 83 109 94 200 56 28 265 93 143 137 24 111 189 14 80 60 55 61 125 251 52 277 4 42 146 81 77 12 106 169 104 88 37 46 35 113 10 121 18 39 136 45 74 69 46 57 32 194 39 111 58 28 48 38 166 14 56 84 143 93 31 44 146 60 28 74 0 164 151 2 63 16 125 98 106 54 121 143 84 230 9 30 33 162 21 119 119 70 76 0 105 191 72 3 52 47 77 98 84 88 51 136 4 100 84 4 64 18 43 76 44 120 60 97 66 36 112 143 8 102 36 143 23 36 154 116 102 110 73 25 36 96 80 101 21 114 90 15 212 39 24 44 22 106 78 99 197 208 76 86 89 100 173 2 183 89 89 133 213 29 76 196 119 81 77 24 28 199 38 107 83 80 46 27 68 53 81 217 79 137 71 27 60 190 49 49 30 77 132 122 32 57 36 39 38 9 62 47 202 165 134 18 143 41 175 64 134 17 63 37 156 77 55 112 18 17 115 142 232 84 53 353 132 121 119 113 46 169 97 43 76 83 164 173 91 67 166 161 130 121
10 2 68 40 68 86 137 36 0 99 28 0 32 75 32 123 24 12 6 98 9 24 38 63 73 92 51 29 44 33 0 14 56 76 42 0 203 0 78 33 45 118 74 30 54 12 0 16 0 4 12 8 126 9 35 62 99 20 95 4 54 91 32 128 34 52 18 108 48 29 39 70 17 35 69 75 21 30 51 34 112 50 87 10 70 64 0 0 77 22 15 45 134 12 54 188 24 80 0 24 34 18 29 45 29 2 46 31 4 4 103 90 0 54 34 26 20 72 152 21 0 20 48 98 80 0 40 98 20 98 50 8 62 0 69 20 0 23 17 1 13 18 0 64 125 70 86 70 22 91 101 70 67 56 3 12 58 0 23 24 31 30 22 80 72 107 51 52 54 8 15 101 106 62 86 0 0 156 56 67 156 42 82 20 5 30 6 21 36 86 64 34 67 71 59 43 45 170 81 68 66 22 61 101 16 21 12 86 19 24 42 31 40 2 9 120 50 12 101 12 162 15 12 92 86 92 40 123 16 69 8 0 4 35 113 59 0 43 0 26 95 103 81 36 16 60 30 0 30 53 86 48 123 69 9 64
37 65 6 87 38 0 12 23 0 33 49 36 0 13 65 0 40 22 17 0 27 0 63 63 64 24 85 102 64 51 1 90 123 35 76 26 109 43 97 27 0 25 44 0 63 21 50 18 21 85 78 75 57 16 0 2 154 0 4 0 36 6 93 44 76 204 101 73 118 0 11 50 13 56 39 39 15 44 49 79 47 110 72 27 75 62 40 71 62 18 0 0 0 67 33 52 42 62 62 48 30 105 4 69 74 36 13 0 69 119 56 60 103 15 34 84 107 100 74 48 19 18 72 87 18 0 108 84 2 0 64 169 5 141 158 0 52 57 37 7 16 0 34 120 135 36 131 66 33 13 45 115 51 103 75 45 151 0 60 40 32 56 140 81 115 40 15 79 42 15 179 7 52 37 28 10 56 24 32 42 35 91 161 8 156 51 8 15 34 57 101 14 0 33 15 21 24 0 11 78 9 114 121 77 36 89 43 144 22 98 8 114 9 93 36 16 93 58 84 12 126 101 10 57 57 116 98 111 35 30 63 199 67 113 73 54 119 170 75 35 28 69 67 56 87 117 117 133 62 136 123 86 40 80 40 4
78 80 167 135 98 69 109 44 100 36 84 48 24 123 113 80 151 41 9 16 19 0 68 45 88 99 74 0 165 18 46 69 12 39 162 117 48 67 0 72 103 26 276 79 96 2 63 94 76 16 136 151 36 54 54 75 64 10 162 93 3 127 0 0 0 174 0 2 136 0 66 77 0 56 81 6 71 147 104 0 0 0 32 56 88 71 81 131 112 62 118 0 42 194 60 129 62 49 24 78 124 5 192 53 207 134 93 101 16 2 5 89 64 29 7 0 117 120 45 231 8 0 61 87 59 89 135 153 107 68 28 0 42 28 49 40 47 91 0 0 97 103 57 117 79 5 63 18 72 112 105 54 152 149 141 58 54 0 93 0 114 74 92 4 20 95 40 0 114 0 111 71 26 153 102 12 104 48 51 24 24 102 82 68 51 21 179 136 6 199 36 88 24 8 48 113 121 72 42 29 73 169 14 141 154 9 74 173 72 101 4 0 0 2 133 24 177 63 71 16 185 61 80 80 0 45 100 48 53 40 0 180 0 103 177 105 116 137 85 150 82 103 210 144 92 201 60 76 5 24 40 12 46 0 134 56
103 6 56 97 6 33 61 139 109 32 63 45 4 63 107 23 86 40 49 66 45 58 91 0 106 77 0 43 53 114 13 12 51 3 121 133 81 65 68 70 36 17 213 42 100 111 36 80 91 28 168 30 18 125 50 50 54 109 136 27 60 21 0 93 12 68 67 25 233 25 25 12 0 113 49 34 35 30 71 53 3 48 32 52 83 67 0 31 5 5 18 71 8 37 54 133 42 8 58 31 8 21 128 148 131 180 36 45 0 106 47 206 4 7 42 0 27 33 50 3 52 75 101 104 143 0 141 57 90 71 12 71 75 14 152 24 7 132 0 58 38 8 93 81 63 0 34 45 89 101 0 71 78 119 71 7 141 21 223 69 177 13 98 124 75 33 47 50 103 14 0 113 36 42 50 40 0 20 24 74 76 21 53 62 18 20 72 0 2 6 26 30 84 77 69 45 199 23 30 19 119 171 122 188 149 88 82 54 15 92 155 64 40 14 98 71 6 0 46 56 6 46 22 118 36 134 97 40 100 83 26 42 22 44 82 24 306 52 87 77 49 175 187 52 45 130 94 10 63 60 0 31 52 54 112 0
86 0 0 69 80 32 98 24 21 134 84 23 83 72 129 96 60 10 73 31 48 32 173 30 87 117 123 121 70 45 51 133 136 30 39 73 68 110 72 20 56 73 76 0 24 40 101 8 42 77 15 72 17 77 60 4 75 89 4 0 70 33 36 219 68 53 70 63 77 16 8 6 9 16 64 35 22 31 58 89 174 93 40 38 99 8 108 49 136 69 43 18 55 76 38 81 7 59 57 64 71 38 40 87 51 136 112 68 3 80 34 42 77 58 72 36 96 118 2 133 71 28 38 78 3 45 117 8 83 29 93 73 43 36 172 14 103 107 0 15 106 22 52 0 74 87 51 165 138 27 81 124 38 51 156 29 160 59 123 30 67 68 167 30 6 36 82 21 90 55 106 49 36 27 98 9 67 25 128 57 29 8 32 108 89 24 0 45 84 21 24 74 28 80 62 95 86 107 18 40 0 87 4 31 70 123 35 217 0 48 36 0 47 122 49 15 32 57 226 4 65 48 0 20 107 108 38 42 89 48 17 61 60 131 104 97 108 85 65 37 16 140 82 15 34 53 8 55 0 26 56 70 28 8 34 24
24 9 155 26 23 78 47 12 36 5 89 27 56 76 79 84 21 18 27 114 44 48 89 99 82 103 132 79 37 0 80 44 72 33 25 40 33 52 73 51 11 68 116 4 58 8 41 32 22 3 56 121 16 25 80 171 40 141 0 12 2 80 80 68 94 100 64 40 60 18 99 11 30 3 95 40 109 76 15 24 48 20 64 5 45 117 30 75 87 14 180 20 46 6 25 41 29 54 89 59 69 3 135 233 36 1 36 63 5 20 5 32 55 109 88 70 24 4 38 46 127 194 68 118 87 202 88 58 92 52 4 4 78 31 72 9 18 172 41 137 17 82 0 112 44 74 36 32 94 32 0 6 61 128 70 2 30 0 8 123 36 74 74 132 89 126 22 8 99 0 39 84 9 40 8 30 60 198 0 42 64 96 8 70 40 14 8 48 98 9 67 40 18 56 0 40 51 77 12 46 73 62 32 223 154 3 17 36 12 8 12 64 48 50 132 117 23 12 29 83 36 31 44 68 76 45 152 36 44 49 16 9 137 101 60 0 164 121 32 18 68 18 68 37 61 166 40 61 0 120 125 36 98 68 0 186
36 14 49 12 90 39 75 33 39 81 74 13 27 118 202 150 27 14 67 42 1 0 88 96 62 50 12 215 30 63 0 0 39 111 42 0 152 100 9 104 38 42 26 35 50 185 8 63 84 245 106 75 165 81 64 48 0 71 28 12 63 76 35 60 3 143 30 133 51 54 45 77 0 9 72 137 4 193 166 52 4 76 54 6 92 48 57 28 28 118 40 9 103 56 67 139 21 30 64 6 32 18 73 27 67 44 1 31 103 90 81 56 0 40 8 122 26 153 57 16 51 77 29 49 63 44 49 58 113 177 171 49 42 7 33 56 18 166 8 0 81 12 0 49 28 28 92 16 45 98 40 128 144 33 57 130 184 9 74 14 47 72 108 0 78 8 142 7 80 12 81 80 35 49 6 15 44 47 95 0 41 159 7 168 56 0 49 0 47 16 63 92 116 53 25 94 139 202 75 42 159 172 165 117 72 39 110 46 2 71 144 35 28 28 36 121 42 36 40 26 111 158 0 39 48 96 38 77 10 135 36 28 140 30 120 36 193 17 52 121 67 115 51 57 7 100 47 23 81 63 31 30 58 30 63 54
70 0 65 34 105 4 41 64 46 75 113 67 48 128 125 7 16 13 44 0 10 16 94 33 53 27 0 145 144 18 0 16 61 24 98 70 28 132 49 31 0 83 16 0 49 49 40 95 95 20 61 38 0 4 54 12 145 42 98 32 95 0 49 135 134 85 0 27 95 0 83 41 14 0 67 119 25 82 15 83 89 74 148 14 4 111 45 39 73 90 53 13 9 33 114 109 73 148 66 0 81 78 69 109 3 6 105 41 15 37 97 36 4 0 48 32 12 113 0 53 64 30 126 75 9 0 96 54 67 18 52 69 0 49 75 76 33 146 13 62 22 52 50 53 19 4 115 20 72 104 101 64 68 30 61 66 177 56 27 72 52 8 241 56 47 66 71 89 9 52 7 0 60 177 66 24 88 8 26 63 44 47 135 3 121 152 14 0 99 8 28 44 55 7 4 23 2 67 91 69 211 27 27 160 171 65 132 28 22 124 99 49 16 37 48 78 7 40 54 10 53 18 29 153 92 59 66 96 12 81 3 153 81 78 44 109 74 110 111 136 97 258 33 63 5 0 52 48 36 26 42 140 22 73 32 1
0 96 0 42 50 54 11 0 85 0 8 33 0 21 96 16 33 40 57 0 70 0 133 128 14 32 0 92 0 0 37 42 92 46 80 0 61 154 40 4 0 0 22 68 32 88 58 2 53 60 0 14 131 39 36 0 8 106 0 16 126 95 0 0 104 0 140 0 6 36 54 32 6 121 40 71 12 72 94 12 0 28 0 124 4 0 66 0 56 84 44 81 20 50 83 180 0 16 84 54 16 8 30 48 16 45 0 73 0 4 9 0 14 45 129 64 96 56 12 92 16 0 12 0 12 0 136 48 60 13 0 0 72 6 49 8 0 81 44 88 58 12 8 14 0 0 0 54 67 68 78 0 78 4 0 16 70 18 138 14 30 85 0 0 53 0 134 0 14 0 125 28 16 74 100 34 22 0 48 6 30 16 36 16 80 30 0 72 45 15 100 124 74 116 151 167 155 0 8 8 12 54 12 86 2 48 0 18 80 117 32 0 24 62 60 114 2 0 0 56 42 70 81 2 20 56 64 18 66 0 101 103 67 148 80 8 2 36 0 18 20 83 129 36 23 56 54 0 56 10 60 12 8 70 0 28
0 88 88 61 93 28 84 36 12 65 60 10 67 66 11 71 133 44 79 59 7 0 171 9 36 22 91 45 85 36 0 101 0 63 45 129 137 96 63 0 64 9 57 88 0 45 123 38 50 48 65 144 40 138 114 5 0 0 87 111 36 63 24 124 14 110 64 0 0 0 45 36 0 44 50 51 0 15 24 72 107 62 91 42 6 0 45 74 113 5 60 70 79 163 56 0 9 39 110 63 21 18 71 0 75 21 37 46 0 116 40 2 3 65 54 91 20 65 135 32 40 0 40 90 47 24 8 29 0 95 12 246 54 132 12 81 59 181 30 12 25 68 45 56 74 3 238 0 0 2 50 147 57 64 141 16 14 0 36 55 36 56 131 27 28 54 0 72 92 8 45 17 8 9 78 5 35 108 0 0 91 58 40 82 113 126 29 4 70 22 21 36 9 40 118 162 167 0 7 91 62 56 54 143 72 91 110 0 70 76 0 32 32 8 147 20 36 48 117 6 153 18 6 47 3 0 0 0 63 113 0 38 0 80 75 75 94 160 76 68 102 21 24 21 99 33 14 40 8 130 12 18 217 66 36 18
76 129 154 44 85 0 0 88 39 9 27 27 30 40 71 77 39 14 78 54 95 0 171 57 56 88 49 71 35 130 0 72 11 72 135 26 38 103 72 0 0 18 117 18 24 27 83 15 30 8 0 10 11 3 56 42 74 81 32 33 78 15 43 24 26 27 98 94 31 0 18 16 68 56 162 43 0 13 27 58 46 34 10 36 10 70 0 80 4 18 5 80 22 31 28 55 24 68 79 71 24 26 23 72 0 0 39 142 207 3 0 8 91 54 3 0 141 175 99 83 15 0 18 40 58 63 79 50 118 0 0 41 57 66 56 3 138 87 1 24 59 37 11 63 72 4 54 6 7 8 31 143 60 41 0 96 84 47 23 69 9 25 33 0 10 4 60 84 134 0 100 35 98 100 137 19 54 40 36 30 111 89 101 6 96 18 9 27 21 54 57 54 201 30 91 163 23 0 103 125 51 16 64 138 65 8 48 19 55 40 63 30 29 35 6 0 69 79 131 62 84 71 42 25 33 166 124 54 76 79 0 18 78 22 38 0 27 103 72 66 39 135 128 48 15 31 4 27 99 24 67 106 43 14 12 0
98 14 12 0 37 69 48 49 20 0 43 18 74 0 18 54 75 13 63 183 33 110 151 35 113 44 0 65 60 45 0 56 14 32 141 24 18 144 67 0 48 94 54 64 89 84 64 28 37 111 31 56 69 34 42 49 81 105 78 6 38 40 6 203 92 61 7 0 0 68 55 14 32 42 73 57 0 144 83 72 30 18 120 100 55 63 53 21 105 12 6 120 28 163 132 88 30 39 72 84 2 21 6 64 35 27 168 35 77 33 2 0 12 47 36 91 90 84 0 4 73 0 12 42 71 16 109 20 76 56 18 10 72 6 24 36 24 103 16 174 72 20 121 36 44 0 0 27 10 90 177 54 38 0 103 144 48 68 126 8 8 4 63 0 77 46 71 102 32 64 81 10 19 16 76 85 4 46 175 23 61 60 104 25 33 115 32 10 57 36 140 24 93 73 45 123 105 51 5 108 27 3 17 95 72 31 63 17 55 36 119 0 6 38 48 0 100 70 22 78 15 56 49 82 2 96 12 0 157 130 76 8 58 114 30 28 0 48 36 37 56 97 82 16 78 67 117 49 9 56 103 149 122 59 111 104
