85 4 131 2 8 0 9 81 39 12 75 20 32 0 225 63 72 32 34 144 63 56 15 47 48 0 0 0 65 126 0 32 68 40 16 35 120 69 32 114 11 124 72 77 95 80 90 62 0 56 72 0 81 65 0 15 2 0 125 10 0 63 11 34 63 90 7 6 52 36 75 242 31 22 33 38 28 76 129 56 32 80 82 94 11 45 25 30 36 21 44 63 0 27 56 37 0 113 30 144 0 45 122 201 103 49 77 22 86 44 115 8 87 99 84 86 44 49 129 73 0 84 53 6 68 40 88 32 150 46 120 202 85 82 139 66 14 64 72 154 37 183 81 9 17 64 12 46 13 0 72 54 72 39 48 80 127 150 1 54 0 148 123 56 101 92 81 0 0 20 181 7 144 230 64 55 55 30 45 0 70 49 4 32 56 8 17 28 36 27 19 49 108 89 81 159 161 99 57 26 50 30 0 9 104 141 0 185 8 18 76 40 100 140 57 9 20 117 68 16 28 0 151 20 199 120 143 85 63 27 96 58 68 142 100 14 153 76 74 116 44 48 117 77 89 18 57 97 80 125 187 51 80 28 71 124
63 207 62 0 50 63 0 32 66 41 36 64 26 55 84 4 28 0 0 130 0 92 0 0 178 38 0 44 26 61 36 0 0 42 98 24 44 26 34 28 32 0 0 53 38 134 27 25 8 35 57 63 7 8 49 72 12 8 18 150 57 71 72 51 82 0 66 42 12 62 20 0 127 0 58 0 0 27 25 57 0 43 32 0 92 0 35 23 0 30 12 18 35 39 18 54 0 0 30 60 24 27 0 54 15 6 15 8 2 82 17 64 0 54 8 28 36 77 82 79 20 63 8 83 14 9 20 8 8 88 43 5 67 69 99 18 42 0 0 24 48 56 82 24 49 36 4 14 144 12 27 57 48 109 18 122 27 36 0 21 45 0 78 26 13 19 0 97 0 63 0 0 24 0 7 2 36 53 0 24 0 5 18 44 18 0 0 76 0 0 0 24 27 32 8 45 38 80 0 0 0 17 0 48 48 5 12 71 0 35 0 45 0 4 30 0 0 149 50 36 71 0 162 54 0 0 110 91 44 34 40 0 0 0 0 20 63 0 74 0 30 31 6 40 62 45 24 18 79 0 0 49 28 42 52 74
18 57 49 0 119 159 0 228 141 56 56 28 68 104 8 137 212 12 15 0 18 52 46 36 31 24 89 90 42 3 88 39 3 50 56 24 56 102 91 17 53 29 134 49 10 50 162 151 95 71 85 0 124 57 0 56 203 81 261 80 25 14 10 115 94 74 21 7 1 75 68 15 70 0 51 6 91 46 176 28 130 18 114 75 5 165 42 0 89 36 72 72 20 70 63 18 39 60 63 0 0 147 33 120 65 51 75 10 0 122 33 28 42 27 0 69 42 51 134 18 91 27 54 140 123 105 22 31 17 75 141 132 31 28 10 90 24 14 84 62 58 47 58 9 108 47 73 39 51 87 68 54 80 35 199 184 94 48 7 96 81 35 24 0 16 63 0 77 48 93 89 0 0 76 115 15 103 50 0 144 47 66 66 45 69 94 0 117 21 31 42 115 114 84 42 93 123 28 8 37 34 0 0 7 0 32 63 190 97 78 9 126 0 84 63 88 48 0 90 139 24 79 126 36 13 42 128 84 137 137 79 66 28 12 78 80 45 59 0 119 61 90 52 100 96 54 30 0 183 45 155 0 16 98 48 98
42 104 6 56 39 79 46 21 0 45 36 58 45 38 135 0 10 28 11 109 18 139 163 115 108 36 0 45 0 37 81 6 51 6 93 72 20 18 76 103 18 0 69 66 0 168 49 5 32 18 77 0 54 0 47 95 15 0 39 66 155 32 35 0 81 45 89 0 10 20 5 61 36 0 39 79 40 69 30 43 79 42 0 42 64 8 42 8 50 36 0 76 45 78 35 0 48 0 45 128 36 105 125 28 15 55 58 76 54 36 38 11 17 0 72 60 4 92 55 116 6 104 2 31 77 57 11 56 2 113 56 6 95 54 116 25 45 18 72 15 42 56 0 0 40 9 74 51 219 0 132 42 102 86 54 186 25 0 9 83 40 63 110 24 30 63 11 183 0 0 45 15 0 30 35 20 0 42 15 6 3 0 24 45 64 72 28 132 120 0 0 69 85 0 0 112 102 74 0 185 35 61 0 0 0 84 0 0 0 48 0 20 21 1 0 72 55 52 3 0 145 16 84 5 101 73 81 108 67 0 72 0 0 0 9 110 3 142 18 21 32 34 65 102 0 135 138 0 60 5 85 40 155 48 232 98
103 109 6 81 190 39 154 164 108 99 133 29 24 38 134 92 62 114 22 166 72 107 40 136 190 74 134 42 9 75 41 119 95 107 116 73 50 145 104 67 118 94 85 18 69 95 38 56 106 30 104 69 69 121 16 56 1 181 111 34 167 47 95 55 16 24 53 167 24 40 25 12 79 0 149 71 81 162 103 39 84 0 38 67 19 9 52 20 120 117 30 0 30 111 87 53 81 86 155 63 114 155 53 78 48 99 12 82 29 135 127 145 15 41 49 37 86 144 87 84 8 63 64 0 47 98 18 111 138 15 59 34 108 20 84 31 22 0 72 120 48 56 0 44 26 55 6 81 49 77 86 142 188 14 78 92 129 53 72 180 124 8 36 40 145 47 123 28 96 98 30 62 87 85 102 59 0 113 185 24 32 49 63 13 88 116 16 110 54 46 101 122 81 36 169 125 39 118 151 113 0 138 155 175 58 18 4 178 32 86 73 102 65 95 34 93 80 54 75 27 110 48 152 12 45 99 8 56 40 72 134 54 45 44 3 36 71 71 108 124 28 74 191 84 95 28 62 52 73 22 50 71 111 50 47 91
21 8 63 66 123 81 135 0 66 35 116 53 166 9 79 27 61 18 15 42 86 129 108 42 100 105 27 108 0 9 65 56 175 26 0 33 35 62 0 79 87 57 54 70 29 115 56 0 72 0 102 48 72 66 5 112 25 54 93 111 12 9 172 1 0 94 32 27 13 63 148 72 115 63 171 60 43 126 15 58 63 123 66 86 89 102 56 71 0 55 158 119 21 63 48 66 18 106 105 159 63 186 152 144 16 202 23 64 99 27 24 42 56 16 134 143 0 98 64 73 13 56 53 11 62 87 41 129 105 72 0 12 74 0 117 146 48 0 77 109 160 142 90 5 0 41 47 123 72 45 68 16 12 24 157 237 132 0 45 121 135 42 90 56 7 3 147 39 46 72 76 32 30 7 58 8 6 62 229 48 81 120 54 0 64 35 0 37 161 0 12 62 48 162 13 18 103 130 58 92 72 80 2 49 103 104 81 146 42 152 39 65 66 191 45 6 128 131 16 16 7 30 117 172 118 0 78 29 129 52 60 72 36 45 173 113 218 4 94 63 24 0 23 85 135 133 64 59 20 87 72 53 120 84 46 92
95 85 90 26 12 111 80 35 49 75 13 91 42 83 48 0 0 79 22 107 128 111 6 69 121 40 0 17 63 41 218 58 85 18 5 117 18 147 33 30 47 56 48 121 112 106 38 24 48 81 153 5 118 18 48 54 1 78 110 106 40 56 66 9 28 35 37 45 79 78 186 46 70 0 136 53 34 78 178 72 54 91 15 54 11 36 101 64 121 157 39 30 0 128 76 97 30 6 74 158 16 59 48 144 0 60 24 34 121 16 17 63 15 72 64 20 17 63 79 131 99 32 5 37 36 42 189 31 36 113 82 60 17 33 88 51 0 54 24 64 24 0 43 2 68 113 0 70 0 0 5 106 8 23 35 83 114 0 109 84 94 44 0 44 59 10 86 113 57 6 58 85 64 38 54 88 77 117 62 18 12 12 84 2 48 153 22 77 0 116 102 94 6 32 111 15 72 27 20 0 40 139 0 86 0 59 44 64 86 43 18 7 68 48 83 0 153 79 63 63 172 30 35 84 112 63 45 104 23 78 137 129 87 38 45 25 60 50 45 16 12 25 125 119 83 42 73 0 10 30 28 150 261 91 148 182
0 154 18 11 93 56 153 0 0 12 16 36 141 40 0 51 8 6 32 52 48 107 104 45 70 94 134 65 48 4 78 56 39 96 40 36 0 23 5 63 101 60 12 25 6 113 6 173 0 0 61 8 85 121 36 110 4 80 0 28 43 14 53 75 47 36 19 100 0 24 177 81 12 16 96 27 50 20 48 35 49 9 110 272 15 90 48 10 36 140 160 76 24 69 215 0 15 138 8 40 53 60 52 18 74 4 24 24 17 9 99 64 118 72 46 87 30 20 96 70 48 8 88 16 0 91 27 0 63 68 0 15 30 50 0 84 81 0 72 152 95 0 15 23 0 20 100 24 113 8 0 83 16 33 6 51 96 70 26 102 6 0 78 8 55 10 134 124 36 30 8 32 0 123 149 43 81 56 119 0 36 28 0 28 24 68 8 0 56 108 12 98 47 66 0 159 183 16 40 219 63 33 8 0 47 0 6 86 82 72 18 64 120 84 17 72 48 72 4 42 52 3 102 0 62 0 63 50 68 48 10 182 36 44 0 104 145 72 4 0 27 0 22 32 0 56 75 0 42 39 0 0 80 4 51 59
2 104 76 47 91 99 15 12 111 42 132 78 55 58 55 18 78 16 49 0 77 9 88 100 96 95 42 38 66 34 39 21 95 93 57 72 49 113 49 107 62 66 154 41 5 183 20 46 26 52 139 108 67 28 20 0 19 57 81 126 6 34 26 0 123 49 35 8 50 71 45 72 156 0 32 49 40 38 112 79 106 6 130 0 88 59 61 26 69 61 4 140 123 73 88 134 7 50 36 41 68 104 41 122 36 20 60 98 0 68 21 38 72 161 0 28 158 20 79 34 22 9 15 42 50 22 36 17 4 47 85 42 59 86 100 89 82 16 172 15 31 107 25 0 32 4 91 153 38 32 54 11 37 15 25 157 268 3 9 87 57 131 81 14 114 67 164 151 20 0 80 80 26 48 50 66 33 15 80 18 79 12 12 92 28 68 154 63 47 15 0 51 94 221 72 127 65 79 4 54 23 109 17 19 35 115 0 32 72 25 33 34 12 33 9 148 104 37 51 21 175 65 48 59 59 48 48 76 40 56 40 111 0 72 63 41 10 12 59 39 133 26 143 79 94 39 132 0 93 5 136 155 53 65 80 96
13 40 0 48 0 34 40 25 35 0 89 0 13 0 78 57 24 35 36 66 74 14 0 12 8 102 64 81 16 67 8 28 50 4 77 142 0 48 0 52 8 45 16 31 45 0 64 67 0 42 16 18 36 36 52 5 66 87 117 88 8 47 16 88 48 49 6 69 4 45 78 1 24 14 49 8 10 32 56 21 45 12 168 87 25 33 41 65 41 0 86 43 0 60 0 24 56 57 18 129 5 0 12 20 0 40 4 1 52 19 70 34 12 10 18 61 164 25 93 4 8 0 8 7 31 63 79 78 64 0 15 103 68 33 147 52 28 0 98 25 32 15 0 54 44 0 94 97 139 35 0 111 63 59 14 104 57 42 8 60 11 68 31 0 28 0 76 14 72 96 32 0 72 74 2 109 33 94 162 0 9 73 22 15 21 30 50 186 0 51 72 16 92 52 64 25 68 112 20 35 26 26 0 24 0 134 21 0 9 35 15 70 24 32 34 79 0 0 64 24 52 61 92 18 24 0 102 45 16 67 51 16 7 35 9 80 35 65 85 72 35 70 179 67 8 20 30 55 12 21 0 76 32 48 59 109
44 106 30 82 0 69 16 71 24 18 52 112 28 84 5 27 0 0 0 110 28 0 0 0 0 5 54 100 0 21 31 15 77 15 83 0 18 0 0 49 95 115 56 98 27 53 16 46 0 0 56 9 27 8 54 27 8 40 129 104 25 5 10 37 146 0 25 64 0 0 84 0 0 0 0 0 0 75 8 35 4 53 100 54 96 108 36 66 64 0 30 12 34 90 88 77 16 48 0 27 64 67 4 48 0 135 52 36 133 48 18 84 32 72 0 0 0 69 27 13 64 53 40 0 78 91 40 0 42 46 82 28 4 28 0 30 0 54 0 48 96 59 45 81 4 0 117 0 45 0 0 120 63 128 0 48 178 39 5 90 0 25 97 12 90 35 64 0 48 20 109 64 16 154 93 75 16 56 36 0 28 21 90 78 6 2 32 153 0 17 6 0 72 14 48 20 0 49 8 201 32 80 4 104 10 58 54 56 50 40 0 96 0 0 20 72 32 56 64 40 40 9 86 0 66 0 70 45 14 32 27 0 0 70 0 176 20 81 20 36 102 0 86 27 16 48 0 37 0 8 0 64 3 90 17 0
0 60 85 74 168 83 54 34 51 27 6 92 0 97 120 3 83 31 92 38 64 199 104 80 32 62 69 72 45 14 56 36 16 26 69 202 0 63 56 105 13 87 30 141 82 57 53 68 0 34 56 117 12 66 111 116 0 6 0 15 103 17 6 162 0 27 20 73 10 18 71 136 87 6 89 15 0 40 78 104 27 62 19 28 144 58 68 40 72 32 119 52 38 32 79 68 17 0 96 240 21 152 75 102 90 37 16 141 68 65 40 0 29 91 134 71 35 141 25 76 8 0 93 84 155 49 0 0 132 25 57 75 149 153 63 210 60 0 35 70 32 204 70 78 28 37 92 0 103 0 72 31 107 58 120 212 97 12 30 122 63 127 45 7 56 64 5 7 13 40 115 66 0 81 75 6 88 70 82 27 21 33 25 79 42 51 0 73 16 112 127 109 135 18 70 12 25 134 34 87 138 150 16 64 56 158 45 24 0 27 0 48 109 54 57 8 172 0 11 64 150 10 48 80 69 46 0 150 56 98 36 88 12 46 16 60 35 17 75 150 63 32 24 97 60 52 123 42 87 0 67 112 9 103 26 54
32 115 62 35 123 46 0 72 36 4 59 59 68 0 3 6 147 6 59 72 16 131 121 0 84 72 6 63 52 21 71 0 113 90 16 145 12 108 46 67 5 9 18 210 2 36 18 38 44 102 85 146 0 16 9 61 27 14 49 0 126 7 43 40 29 12 62 47 0 0 87 0 0 14 49 8 30 0 0 15 35 0 0 0 56 103 40 48 117 37 142 143 0 190 58 56 7 63 0 0 30 16 12 61 116 22 0 28 0 23 117 48 8 0 123 56 48 135 48 24 8 12 76 81 0 12 0 8 42 35 9 90 27 42 58 53 7 0 0 91 27 95 70 94 92 28 4 47 102 16 45 29 53 39 78 50 4 0 40 55 30 56 111 0 45 0 0 27 9 0 82 18 54 42 42 0 30 0 16 73 18 80 14 31 44 0 48 35 27 55 118 115 115 0 16 69 60 4 21 126 107 50 126 13 9 78 88 25 106 50 13 95 6 65 0 27 0 12 0 81 30 28 10 50 87 0 34 56 201 71 91 45 24 14 6 36 17 58 28 15 0 48 60 40 68 0 27 84 27 2 0 107 110 34 36 40
30 60 85 6 153 50 168 34 51 29 17 0 132 62 77 50 97 82 32 106 8 81 187 80 60 4 8 148 0 55 67 0 24 0 91 280 42 27 91 80 119 75 123 161 55 80 24 19 0 9 93 155 21 32 66 0 0 90 104 165 62 24 111 14 0 12 13 20 23 26 97 185 243 57 107 21 96 48 51 153 99 73 57 0 42 12 72 4 0 28 58 95 65 16 61 116 51 0 32 128 34 38 83 152 43 8 15 92 10 105 35 79 55 51 0 242 52 100 160 197 55 38 43 23 74 64 40 62 148 84 177 45 131 72 191 97 55 0 48 26 27 55 8 46 37 42 48 148 199 0 32 63 8 43 33 203 120 9 37 9 47 255 58 40 82 87 131 137 107 61 61 63 150 194 105 80 93 90 18 162 43 9 14 5 72 18 79 62 51 49 103 66 207 58 24 67 73 13 6 121 0 47 28 92 0 24 32 36 0 55 59 0 97 42 46 8 145 126 24 0 89 59 85 57 92 20 79 6 146 14 87 50 18 8 47 126 25 129 224 87 28 21 149 39 0 19 123 95 113 49 75 65 91 86 30 301
0 74 72 24 60 85 33 78 144 0 40 85 121 112 107 72 72 44 20 0 22 56 39 15 33 64 65 78 65 26 66 42 0 22 155 18 20 24 89 5 6 108 145 74 36 12 44 18 34 42 87 0 32 36 4 126 135 0 114 185 83 48 104 77 82 2 18 21 24 87 27 67 141 9 42 45 209 28 150 58 58 28 215 41 54 108 45 24 187 115 54 16 0 71 10 40 16 32 113 16 19 117 21 90 0 78 97 0 20 93 20 15 139 133 2 116 13 60 49 186 231 24 63 0 128 32 50 52 68 40 169 17 32 60 26 188 91 70 6 86 5 88 72 52 85 118 13 63 0 68 25 32 96 50 130 56 132 46 11 79 12 12 83 66 85 129 104 63 64 14 36 74 42 131 50 48 123 118 32 65 0 115 114 48 98 31 9 75 24 34 56 61 8 98 79 53 92 92 0 72 56 80 0 71 0 202 36 92 36 63 24 139 52 62 85 82 40 0 64 40 54 39 55 9 49 28 105 104 40 136 92 68 64 28 18 54 135 46 0 150 52 52 141 46 68 49 112 16 140 21 84 24 0 60 28 73
0 164 50 75 122 108 63 4 28 40 93 113 112 0 25 0 52 54 36 0 23 51 62 107 117 70 42 67 79 51 28 70 70 45 25 52 50 108 35 40 53 34 85 61 18 61 18 20 25 34 44 159 48 24 41 15 0 58 104 40 27 27 0 83 0 28 34 47 63 88 186 10 96 77 26 56 93 53 108 92 145 56 10 77 54 91 58 16 45 42 51 0 70 45 49 56 20 0 29 0 49 125 40 28 24 77 0 200 51 6 0 74 26 44 60 59 12 161 71 2 62 14 84 36 50 8 0 0 126 101 90 0 116 10 139 59 75 0 136 12 16 100 30 67 42 53 63 93 85 0 4 54 40 61 0 79 121 44 54 77 47 74 70 0 78 133 71 113 75 21 64 88 69 68 0 90 5 43 46 16 75 36 35 154 30 0 64 14 31 49 12 101 50 115 92 0 113 102 0 63 21 47 0 102 12 60 24 63 0 86 11 78 63 12 36 56 56 22 66 22 111 82 14 91 33 0 183 0 75 10 0 67 72 44 31 32 23 65 78 8 25 44 28 14 113 49 127 0 170 0 54 125 34 64 84 62
23 145 12 111 64 109 0 63 3 125 3 18 35 24 221 45 49 0 44 30 136 181 78 116 18 83 12 101 109 59 35 10 0 53 106 70 21 74 83 49 29 135 76 79 7 35 70 35 143 104 56 49 82 104 8 38 2 26 87 47 12 54 83 36 28 16 42 14 25 85 77 48 15 55 65 0 27 32 156 22 161 8 58 0 13 12 36 20 88 17 33 111 0 58 12 82 42 68 175 78 20 64 83 47 16 62 112 86 96 39 68 21 60 65 10 96 130 144 26 35 56 1 4 42 39 27 41 69 67 48 54 16 57 8 71 66 86 0 64 67 16 40 106 57 24 14 36 275 79 21 124 128 80 41 118 51 88 0 8 113 72 81 81 18 192 0 82 132 53 56 22 62 48 27 65 26 82 48 27 54 56 6 102 4 0 105 0 97 72 68 146 36 62 142 129 123 0 55 65 48 70 210 39 38 47 89 49 63 67 47 29 27 154 33 75 72 63 97 99 71 95 40 93 148 0 0 32 103 125 48 50 66 107 111 49 145 100 4 90 42 52 63 78 50 72 1 73 21 0 85 117 161 88 85 49 116
15 40 47 25 0 148 0 65 84 12 158 0 12 73 90 79 3 8 21 69 84 112 0 20 0 84 153 0 70 120 60 8 111 34 57 0 50 19 96 97 12 111 48 45 109 42 39 42 9 99 24 96 4 6 0 51 100 83 175 106 6 52 3 60 84 90 0 80 29 104 53 62 30 32 134 37 111 42 95 19 94 40 219 123 18 129 38 67 54 137 40 109 39 72 108 42 25 84 23 54 2 0 46 127 6 58 6 24 92 74 82 135 115 81 16 12 84 62 40 0 70 0 0 45 24 67 9 36 68 49 90 48 165 72 48 83 8 0 0 0 0 95 71 108 66 56 28 70 0 33 33 160 80 53 51 0 148 94 31 118 61 90 159 8 68 56 194 72 15 0 0 0 63 140 91 59 125 55 66 53 24 143 38 18 52 37 66 75 156 26 77 45 61 170 84 56 229 61 0 32 16 70 0 79 26 0 166 145 13 36 49 60 49 79 0 18 24 72 26 35 88 134 174 45 73 136 83 86 58 0 67 41 88 65 0 0 42 62 24 54 0 69 178 31 124 51 88 0 169 29 99 6 135 67 3 48
104 53 0 104 126 142 4 148 146 72 27 75 91 32 53 12 80 105 28 156 10 0 105 54 31 9 7 152 37 111 102 137 66 92 81 137 72 0 30 65 8 35 111 32 24 44 2 28 42 150 119 157 197 48 48 77 2 150 30 94 0 0 6 12 90 81 0 16 58 211 34 128 127 40 34 56 10 141 62 50 66 103 34 55 83 69 74 68 58 49 44 86 9 64 77 74 23 0 18 133 97 90 37 156 135 77 129 7 20 88 152 0 70 2 19 90 24 221 102 56 28 94 85 0 55 147 0 30 127 10 201 40 42 27 104 58 78 0 71 152 0 60 45 131 59 30 40 8 184 56 77 0 76 16 6 155 52 123 20 54 75 144 7 15 110 49 102 26 0 51 95 22 165 64 56 0 27 22 46 140 126 36 16 69 14 9 51 102 41 136 44 32 60 73 6 18 14 48 26 131 24 147 15 38 40 110 0 45 111 152 4 64 135 96 67 40 226 109 0 16 100 79 209 48 54 63 80 107 0 179 15 170 0 96 88 75 22 184 1 207 0 63 79 68 196 110 112 8 47 12 114 141 76 2 63 0
72 9 75 26 41 18 12 145 38 2 50 66 58 163 84 0 108 7 44 35 9 103 50 31 81 36 77 43 73 51 89 75 153 54 117 20 41 85 62 66 72 12 12 86 40 0 50 153 54 128 133 0 36 0 56 54 77 16 36 57 108 62 12 6 90 51 16 69 102 27 126 48 38 97 72 86 44 16 127 9 0 12 88 3 48 30 3 0 61 20 88 8 9 90 123 2 49 79 144 121 0 188 45 2 50 123 0 167 115 12 100 47 9 74 133 63 30 162 61 51 78 84 30 30 62 54 0 124 18 97 26 30 151 100 53 34 63 0 57 5 53 32 0 127 152 68 30 18 31 27 32 77 42 0 79 77 73 0 56 63 106 30 83 104 50 58 69 5 0 48 6 115 58 87 84 48 10 115 115 48 27 28 2 57 48 46 18 197 0 35 79 76 83 66 48 3 134 20 16 18 136 34 5 49 0 196 12 9 48 69 20 80 102 90 21 24 172 3 62 197 58 6 56 50 27 54 108 35 175 12 22 101 74 20 123 32 109 7 0 47 131 16 91 6 56 66 33 32 24 36 0 90 276 37 134 29
12 35 130 65 77 81 97 0 64 15 81 102 0 78 109 148 138 42 129 42 110 142 68 24 54 97 93 63 57 263 89 185 101 60 0 24 33 130 50 172 71 182 161 54 5 59 34 52 24 218 0 0 0 27 36 48 26 58 219 157 59 132 0 126 20 30 45 109 0 0 203 0 66 112 178 106 32 49 36 3 89 14 35 53 42 99 106 54 0 49 75 44 49 195 146 53 71 0 76 72 96 0 35 256 0 188 0 82 56 108 113 83 0 40 102 170 79 136 37 42 74 32 84 85 63 65 126 87 93 41 195 65 0 93 170 0 106 126 0 0 58 27 48 45 118 37 96 190 25 24 55 104 176 134 2 61 204 0 0 69 18 0 83 54 142 52 9 33 9 52 63 12 0 19 24 30 72 33 64 49 27 0 72 122 16 129 0 77 8 101 0 96 90 85 142 63 98 45 0 47 228 0 18 180 94 167 23 145 48 38 28 85 14 48 0 100 48 48 28 48 58 39 43 108 114 146 20 0 74 40 138 116 0 21 100 118 108 0 18 69 0 0 161 96 63 127 36 91 0 0 63 127 16 156 45 12
59 22 59 19 6 99 130 111 78 64 35 90 92 241 39 50 20 35 104 120 114 34 166 95 119 119 30 204 16 97 122 91 91 89 21 59 81 54 52 76 58 0 63 202 24 197 60 151 56 74 35 19 29 103 28 30 47 8 133 70 28 6 36 29 121 20 150 22 4 5 69 30 145 23 68 24 64 74 48 75 42 142 57 45 66 27 9 5 126 85 91 123 91 35 61 54 58 85 53 85 6 126 20 47 200 68 55 77 15 90 99 156 99 168 88 91 93 88 76 130 172 30 8 96 101 63 55 102 83 125 166 60 26 26 47 55 10 77 96 83 0 71 82 62 89 33 21 90 0 37 5 6 93 202 45 113 104 40 8 133 69 48 112 29 97 36 99 0 27 7 22 77 74 142 13 36 27 134 26 118 68 19 61 61 70 45 83 78 63 94 11 38 106 7 24 66 52 0 0 64 180 125 0 55 126 80 50 37 27 82 87 82 92 63 42 28 20 65 0 69 71 61 132 179 64 36 79 20 126 42 129 130 8 34 77 89 104 79 115 0 95 35 151 107 12 91 48 19 105 12 0 64 35 113 142 204
37 27 86 89 157 60 79 60 30 58 124 72 83 104 81 110 35 14 107 63 89 67 11 12 78 135 55 0 0 0 109 23 43 43 64 152 58 90 26 91 87 27 115 107 16 130 144 28 62 89 140 46 18 68 49 54 15 84 90 52 132 58 8 163 0 108 72 176 27 77 49 47 9 14 88 79 51 57 114 28 14 72 14 56 46 150 13 17 136 14 32 63 78 81 6 0 72 70 63 212 0 48 74 4 37 16 172 70 122 95 98 122 113 2 16 56 72 14 59 74 0 0 75 27 119 0 40 85 0 6 70 63 111 90 30 53 7 0 81 82 18 56 0 22 113 40 0 73 128 0 92 111 59 0 50 96 118 0 72 0 72 72 18 9 0 35 76 0 66 130 84 61 40 69 88 30 159 64 105 49 18 82 114 35 0 115 15 81 93 46 30 170 93 0 0 30 93 34 12 96 25 90 81 71 0 16 162 37 126 14 51 44 8 9 40 56 109 25 0 45 48 70 28 2 56 148 14 122 128 98 65 65 129 3 7 72 64 77 109 137 104 97 75 75 56 60 0 73 24 11 48 35 0 119 97 101
92 89 50 36 93 87 63 202 45 0 106 48 83 24 82 62 85 0 22 85 80 14 56 114 153 51 95 72 48 84 74 65 16 55 22 18 84 55 93 36 32 55 140 58 42 138 36 103 33 35 0 40 192 36 18 56 24 124 114 29 61 8 1 48 37 32 0 0 40 120 159 9 21 2 84 30 113 64 237 21 117 67 45 76 81 0 34 48 140 124 63 6 45 20 139 62 93 0 68 156 76 15 54 65 25 9 15 86 67 24 206 77 0 33 45 130 81 95 56 65 97 83 188 72 131 3 6 35 234 15 91 88 56 24 18 50 104 6 51 66 85 91 18 48 0 67 48 20 68 27 114 49 13 33 90 33 70 147 0 144 81 10 6 3 108 0 120 101 88 100 63 128 88 130 14 6 24 65 162 0 50 2 43 82 69 146 58 12 78 99 104 105 45 65 85 121 84 80 45 0 33 74 25 39 45 71 127 68 21 35 0 63 90 63 63 6 115 88 193 47 111 77 26 32 18 15 64 3 120 33 19 0 35 120 35 18 86 172 153 63 18 54 79 47 0 10 80 36 67 28 31 24 104 96 33 126
49 25 63 8 15 38 0 21 103 44 95 24 6 142 20 139 0 30 82 63 18 0 165 48 121 64 151 28 18 62 81 160 173 133 125 32 112 32 56 2 50 35 54 104 35 57 67 65 28 123 30 87 89 85 0 42 5 0 46 59 66 44 35 18 49 138 0 54 2 18 42 76 37 36 97 31 32 64 227 47 0 16 64 33 66 45 36 8 107 28 45 25 101 115 133 132 20 24 211 16 48 132 12 118 112 78 56 44 90 63 46 59 77 51 0 53 21 57 89 91 151 50 0 40 0 144 0 94 24 37 142 96 93 95 72 126 80 0 66 0 101 87 121 0 33 44 15 84 49 0 20 37 73 27 16 97 91 21 10 51 31 53 38 16 63 32 6 7 42 62 0 36 51 58 97 42 67 199 0 0 50 29 53 75 60 43 49 140 123 3 56 87 0 92 46 63 8 24 42 24 44 191 36 81 27 114 28 149 12 0 16 6 82 157 6 64 106 34 6 20 113 70 120 97 0 56 22 84 57 172 134 106 16 63 28 0 81 0 36 50 5 60 77 82 93 88 114 34 21 14 27 26 124 24 13 18
64 101 64 76 44 46 187 18 81 30 6 57 30 68 42 18 58 78 102 72 90 54 74 29 47 70 0 186 10 22 75 12 90 16 72 44 50 89 10 34 44 53 90 13 14 38 88 72 101 52 35 63 59 14 76 21 25 5 56 174 0 1 58 0 111 15 18 90 0 40 50 95 64 80 85 96 16 72 38 52 3 220 0 36 140 18 25 10 45 38 127 0 0 60 0 48 71 48 0 162 83 90 107 85 183 90 0 52 111 29 72 10 129 14 51 181 34 144 98 137 4 148 35 20 61 18 76 71 111 32 159 4 121 22 96 74 75 0 0 69 27 202 33 105 103 72 98 16 84 111 12 18 51 12 87 125 110 0 54 35 32 186 14 16 68 4 35 81 38 56 43 101 10 7 42 14 56 97 180 57 5 112 91 1 16 72 107 59 75 46 5 61 116 81 23 27 0 90 0 128 0 87 0 47 0 29 144 84 35 33 0 36 118 141 35 103 118 126 24 12 28 17 44 20 35 45 56 18 68 0 32 36 81 0 85 145 103 104 96 88 70 24 21 114 31 52 48 66 81 0 58 35 40 25 67 79
5 58 37 89 129 10 80 62 89 7 193 131 52 42 94 42 105 5 0 79 32 105 49 16 16 170 75 15 53 21 64 51 187 107 8 62 18 49 32 89 28 93 42 40 56 60 44 0 0 110 16 58 40 44 62 38 32 70 0 159 0 15 68 70 28 54 72 144 66 20 176 92 83 57 71 40 2 56 25 7 68 13 14 64 121 20 48 57 27 34 22 173 92 76 51 32 36 107 82 56 30 88 15 122 16 59 71 107 54 12 18 0 16 35 166 67 106 152 74 91 54 0 41 70 48 133 25 20 37 37 93 12 56 58 81 165 62 18 0 64 8 66 84 105 25 18 90 44 33 104 0 40 18 34 41 162 213 15 44 28 152 0 46 11 51 71 70 7 4 120 75 29 63 70 10 16 43 93 86 45 48 246 39 0 55 44 0 0 48 76 106 63 66 43 36 62 8 50 64 7 0 46 0 73 16 100 37 16 64 86 50 102 13 54 57 5 82 69 12 0 72 90 102 17 108 118 80 71 3 12 18 26 43 92 15 148 136 12 8 103 2 18 16 4 48 20 40 38 2 88 99 2 69 140 14 114
65 67 95 28 42 58 63 0 53 65 122 180 3 196 173 41 100 37 118 24 69 187 89 50 73 67 32 80 0 22 130 133 90 54 128 201 48 12 43 133 99 135 146 129 12 100 117 39 48 189 47 125 37 25 36 88 10 90 135 112 26 220 6 73 53 0 52 103 0 0 72 106 213 96 12 112 17 21 193 55 21 76 103 32 4 76 96 10 123 42 9 45 118 0 63 50 39 42 69 98 116 120 22 144 57 50 12 12 87 121 105 84 15 99 143 131 60 72 92 112 16 59 60 96 31 0 39 72 78 74 235 91 88 42 139 28 98 11 35 0 8 27 98 70 53 53 46 130 166 138 96 140 97 80 25 150 29 25 67 42 57 165 116 24 28 6 104 138 121 89 2 74 74 103 126 128 142 95 126 67 43 7 56 0 38 41 23 57 90 48 147 174 192 106 38 134 32 10 46 27 114 102 79 72 20 166 75 26 61 26 21 112 62 39 0 147 179 154 6 64 93 63 230 157 22 146 16 174 183 60 84 77 107 92 59 132 78 46 71 62 6 63 159 161 51 34 86 24 108 12 0 121 112 10 68 46
22 84 36 45 74 25 27 25 151 26 42 61 49 164 107 51 9 12 111 37 89 21 74 131 123 46 92 155 98 159 49 8 28 86 78 45 33 70 12 93 10 14 147 79 0 70 0 51 33 45 108 36 0 90 63 71 52 200 92 128 19 24 112 88 15 81 42 58 6 44 74 37 92 68 81 9 50 28 31 45 156 90 16 107 2 36 113 5 65 156 62 12 54 0 69 37 39 134 85 36 37 70 27 66 140 77 147 0 12 89 65 213 56 145 31 106 0 36 67 59 31 9 28 33 28 52 120 12 72 24 208 45 54 121 13 150 24 64 6 39 56 122 63 39 143 14 52 24 102 0 22 36 146 65 21 74 78 15 48 6 37 126 0 83 181 25 69 72 40 9 100 73 88 43 154 0 86 76 48 27 86 42 67 138 56 40 56 28 8 0 0 161 28 6 112 132 98 68 36 32 52 58 10 99 8 26 12 66 15 49 74 23 106 38 42 63 177 159 6 84 132 14 30 5 94 70 54 126 8 184 43 135 0 0 35 92 136 63 45 66 38 103 150 153 74 61 59 23 101 79 69 80 108 79 32 87
0 76 27 80 68 45 0 0 14 0 82 48 0 0 4 0 20 20 8 8 12 52 20 40 69 142 9 0 46 19 0 0 27 0 0 4 63 189 49 16 0 12 4 0 8 30 0 0 24 0 60 45 5 6 11 30 8 0 15 0 35 0 45 65 0 42 83 48 0 10 13 0 61 0 0 69 0 0 0 72 12 24 10 0 67 36 55 40 0 77 0 16 0 111 46 4 22 28 8 8 0 0 0 0 0 16 0 99 0 24 9 32 15 5 36 0 74 27 19 8 0 0 63 6 10 0 12 0 0 0 0 54 18 24 68 8 30 0 0 0 9 70 48 0 14 36 54 72 4 0 4 0 2 0 54 44 72 0 38 0 9 0 15 1 0 18 36 1 0 48 69 0 0 0 0 36 0 33 15 10 32 9 12 18 6 28 63 0 10 7 56 60 30 44 6 0 14 13 16 0 20 46 72 20 0 7 7 36 0 25 0 15 39 42 4 8 34 15 10 0 32 27 0 36 0 28 20 73 0 0 36 12 12 22 0 0 36 36 111 78 16 18 71 36 49 9 0 74 45 0 0 35 43 24 32 16
0 151 111 62 7 110 28 42 43 108 67 100 53 0 29 85 107 0 79 18 50 43 39 57 140 165 119 70 102 144 78 4 89 81 0 130 0 40 61 63 18 0 28 12 52 37 31 91 54 77 42 54 20 41 115 45 36 55 56 106 33 27 28 146 83 19 13 55 4 83 223 28 160 49 31 33 17 0 96 13 135 8 48 0 143 27 48 190 72 91 4 143 0 101 24 15 25 37 58 18 100 118 0 207 20 72 0 63 0 88 54 8 9 14 0 122 83 57 90 14 22 7 85 25 75 0 85 16 45 21 53 156 24 27 52 77 46 0 43 37 42 143 72 54 15 4 8 134 6 28 92 139 114 70 93 57 103 70 45 147 39 30 0 0 48 0 16 0 70 0 153 38 0 72 106 18 78 30 40 24 94 10 57 8 0 98 2 33 48 8 124 39 53 46 70 80 60 41 101 0 46 21 0 127 24 60 28 42 48 96 148 42 51 126 17 85 63 60 201 27 50 31 69 71 40 94 113 35 16 40 54 5 46 7 0 93 107 47 36 4 47 68 48 216 66 0 32 144 90 0 2 66 39 99 67 35
29 177 74 15 201 190 81 207 75 27 45 31 141 183 64 103 119 27 256 56 153 199 54 109 109 168 133 113 62 99 103 116 228 24 24 117 75 94 0 114 109 195 135 299 81 118 72 189 172 90 249 135 21 184 57 0 22 114 135 77 39 3 9 90 111 61 74 55 91 142 105 126 218 0 153 117 16 213 49 115 150 96 61 116 17 89 185 81 167 155 126 128 147 0 111 132 29 186 180 63 70 54 72 146 37 204 0 94 75 137 43 274 70 65 123 245 72 55 93 145 59 109 167 182 79 54 172 0 153 86 243 135 101 249 144 100 95 0 165 144 167 177 39 64 95 95 72 16 29 45 95 70 126 93 75 159 100 63 30 48 27 90 0 54 126 61 20 57 9 34 66 58 0 281 358 60 210 81 108 166 58 94 115 82 0 133 42 142 78 0 141 125 171 221 164 0 45 77 58 76 170 36 137 229 0 126 169 119 158 97 43 52 77 49 17 119 126 18 27 84 203 68 69 219 61 81 28 28 205 67 199 127 10 92 81 145 130 6 18 81 71 187 189 154 69 20 153 170 155 76 72 191 51 112 67 146
6 62 16 58 46 109 2 51 62 0 37 80 20 101 149 141 133 15 9 38 63 98 8 76 153 2 63 46 13 117 8 21 63 60 34 0 12 64 40 73 107 31 64 34 0 85 124 24 16 128 88 0 51 4 71 49 96 145 162 54 18 21 0 18 62 0 14 112 27 88 66 0 8 0 113 12 0 0 53 0 163 12 8 110 37 119 13 7 34 83 0 53 54 163 65 30 0 40 131 0 0 23 82 41 12 44 93 3 56 129 38 160 15 40 0 0 0 80 113 52 32 5 10 10 40 111 40 42 6 20 122 82 8 111 0 80 0 40 5 63 38 46 0 0 118 24 25 77 25 63 48 158 185 25 48 181 192 90 0 31 77 16 106 32 75 82 13 78 36 54 59 29 45 28 119 56 0 63 21 78 5 63 16 28 46 28 33 75 14 4 0 50 83 14 0 89 0 18 7 68 21 29 0 86 0 24 92 62 30 49 45 58 0 82 42 0 0 40 56 8 33 5 45 0 0 0 142 48 11 34 21 16 12 1 18 186 40 141 3 24 69 76 156 139 0 75 25 47 54 8 62 62 55 45 14 104
0 14 23 43 11 0 39 0 6 25 36 42 7 72 24 40 79 99 28 73 36 46 79 48 40 0 30 38 84 32 25 8 54 14 16 0 28 31 4 42 24 71 171 27 81 36 195 6 154 69 10 30 18 46 14 0 20 60 81 16 6 0 62 43 32 16 66 73 20 88 46 48 88 81 77 7 20 56 0 32 147 66 40 81 6 2 73 26 31 80 2 50 13 3 93 64 28 101 124 84 6 40 45 52 5 0 15 10 0 47 54 125 18 88 17 17 85 60 64 82 0 0 26 0 67 6 129 44 18 33 16 137 69 0 13 60 30 0 66 148 6 42 0 38 18 63 54 22 38 9 12 112 16 0 62 80 139 37 23 10 7 91 47 0 9 16 0 10 66 53 132 21 0 45 0 18 85 51 0 0 72 40 103 61 81 13 3 0 0 0 60 24 54 205 50 14 114 0 48 44 45 35 14 79 0 42 48 97 74 33 20 30 69 189 87 63 5 10 75 93 0 46 157 112 105 93 121 4 38 41 0 35 4 39 54 9 75 72 4 2 70 68 132 12 46 18 36 110 18 0 104 0 71 9 58 64
33 130 69 91 28 31 19 56 135 141 149 32 60 85 116 130 0 14 154 27 127 100 111 8 95 106 100 85 42 20 198 22 95 106 0 142 146 120 228 108 16 27 127 153 149 50 121 56 56 84 33 76 86 97 0 81 112 127 142 75 6 14 61 129 58 117 31 49 27 37 23 89 124 3 51 15 100 0 87 59 98 63 218 72 58 44 40 177 159 20 119 166 92 83 30 172 0 67 134 27 51 83 21 287 113 78 24 110 0 72 86 10 30 98 143 192 22 106 162 28 105 45 72 23 74 54 94 42 108 65 171 98 99 102 89 132 82 37 140 40 90 101 64 69 48 36 99 66 84 159 42 61 60 161 84 109 308 15 80 162 22 225 165 46 136 41 85 59 10 7 39 119 58 106 66 53 154 28 107 68 34 132 69 14 146 241 33 92 35 121 56 29 0 235 112 189 153 75 53 67 86 117 63 167 47 79 58 78 145 0 72 51 95 51 144 65 126 64 97 73 113 75 106 77 79 45 183 49 50 132 144 54 18 241 99 85 88 21 27 102 14 80 164 49 81 0 115 80 21 64 82 126 184 71 23 121
98 183 48 48 0 35 24 0 12 18 64 66 134 94 36 42 64 111 101 64 79 76 0 0 94 114 41 7 98 48 68 36 27 66 74 63 14 204 45 49 42 113 127 60 63 136 54 73 14 24 44 139 35 32 24 52 9 6 99 54 70 25 135 85 0 30 39 126 42 79 10 30 111 102 56 94 8 72 58 93 56 141 79 0 241 16 105 75 43 173 21 90 64 175 26 116 55 77 28 28 18 84 0 44 74 38 32 106 69 118 25 73 8 24 43 46 109 18 96 114 32 0 141 82 8 0 103 0 0 88 136 80 104 80 0 75 24 60 63 93 14 119 71 4 76 144 33 56 64 60 25 56 24 60 67 46 92 9 70 45 111 81 89 102 134 101 51 65 73 0 85 29 0 52 36 0 0 76 96 70 9 9 20 27 0 16 86 42 78 49 150 64 84 63 16 109 12 102 32 28 35 64 72 18 0 129 17 111 60 0 0 71 37 103 85 0 62 114 32 0 141 154 42 7 0 49 9 183 42 48 112 21 72 62 40 53 96 78 60 40 63 101 110 122 80 18 138 56 100 24 79 83 146 143 174 188
32 184 48 9 129 155 116 96 120 51 79 38 45 94 65 148 111 48 88 119 114 114 52 107 198 99 91 81 59 0 98 25 83 63 80 78 123 70 222 34 28 39 100 68 12 185 0 88 225 99 239 88 72 162 111 235 37 152 134 0 62 131 49 52 88 31 18 97 68 135 66 80 149 36 143 120 120 49 129 16 141 24 24 197 78 187 104 37 100 271 23 84 153 142 111 100 113 88 42 135 108 16 0 144 91 143 126 33 30 136 150 227 49 0 105 90 105 20 26 45 60 8 30 31 43 33 50 60 205 131 74 34 207 100 94 245 108 144 153 27 64 157 40 37 69 19 90 24 27 90 199 119 136 0 150 126 73 2 162 65 165 105 10 15 225 63 185 151 8 163 27 111 0 39 189 32 58 181 36 72 113 39 145 65 38 341 18 187 72 110 62 204 11 156 100 223 42 139 144 0 56 35 104 64 32 32 7 259 188 38 28 86 147 28 76 141 240 85 111 27 116 27 56 64 80 18 56 50 24 209 217 120 0 110 9 32 335 101 41 76 99 32 205 132 201 170 148 164 196 135 157 90 123 86 82 237
0 59 72 35 87 110 57 72 188 113 50 48 37 242 62 81 117 83 9 11 24 6 144 64 75 37 140 232 67 162 70 116 15 105 113 151 64 60 16 146 102 113 174 86 63 75 118 60 0 96 106 83 81 76 9 30 123 97 160 119 81 70 73 58 0 113 70 19 42 40 44 112 117 56 87 42 69 50 126 23 111 93 165 10 56 80 55 60 176 151 30 91 69 35 163 176 98 184 136 37 13 119 21 181 37 93 104 0 56 88 52 173 1 142 0 93 25 42 43 107 157 41 32 56 116 59 147 56 99 70 190 85 151 98 47 91 74 84 4 53 0 42 71 83 23 77 33 24 64 69 119 71 103 103 73 163 143 57 18 141 0 62 76 18 42 57 40 38 100 50 4 96 153 125 0 92 83 53 0 49 58 75 40 74 97 31 142 50 163 95 25 165 49 43 97 128 94 0 18 81 113 92 43 185 0 91 28 89 101 40 40 132 115 86 76 52 151 25 6 36 39 152 212 153 61 200 115 186 66 138 15 140 49 58 93 140 53 27 30 146 40 77 351 198 63 39 115 0 117 9 91 179 139 247 136 93
0 16 111 40 35 83 4 76 9 81 48 189 148 64 133 36 100 60 145 110 0 74 50 61 24 54 45 79 0 55 63 171 21 36 125 216 56 38 24 114 65 8 35 96 0 42 99 70 8 71 102 108 24 40 8 0 7 20 0 52 36 32 52 85 28 49 24 24 86 69 64 137 49 74 15 45 0 24 75 124 20 79 24 0 134 4 44 35 112 147 28 42 19 25 129 135 34 0 87 164 29 66 87 61 53 98 63 60 21 32 40 105 37 103 14 64 51 77 111 117 36 75 137 62 111 0 18 35 16 76 106 54 117 12 144 188 44 0 73 110 0 137 57 43 146 161 29 10 73 30 0 64 108 0 74 99 118 25 8 0 44 40 101 100 20 38 60 0 17 53 74 8 63 89 36 44 55 33 27 0 63 32 0 24 16 0 53 89 45 75 26 58 73 49 112 116 91 8 0 40 108 48 70 45 0 232 36 42 64 98 12 50 223 130 21 0 20 0 92 21 190 46 171 111 63 98 8 48 58 0 10 195 32 11 98 12 162 21 20 12 123 16 94 109 21 109 146 110 170 36 172 114 56 9 43 60
8 48 68 95 70 101 186 71 58 24 86 0 98 119 46 5 79 79 78 12 70 165 16 139 64 154 39 0 92 80 45 106 111 83 45 78 91 65 90 10 63 108 82 75 2 58 142 91 12 72 59 27 117 84 20 59 75 48 144 144 51 40 143 110 7 0 2 112 16 54 149 21 111 48 126 70 109 81 105 0 0 0 125 0 52 46 66 39 30 75 60 42 113 185 72 44 7 75 28 85 9 0 42 75 60 37 24 155 0 109 7 140 14 115 63 112 43 91 121 42 50 30 64 0 56 36 73 166 29 24 0 0 260 32 160 101 66 39 38 9 16 5 118 82 7 131 32 90 37 25 71 49 144 17 96 18 230 14 7 40 112 16 24 12 41 92 122 64 48 7 14 0 42 131 56 70 67 206 34 39 3 123 40 0 10 100 46 29 63 24 32 32 21 54 121 95 11 50 45 95 38 70 72 52 52 6 36 118 40 9 77 78 184 74 46 90 55 73 32 0 13 114 122 42 61 10 38 83 96 0 122 134 21 102 49 12 46 142 109 126 56 42 93 115 75 28 124 19 60 71 128 38 181 102 76 153
63 69 121 8 24 0 115 0 42 6 82 186 28 92 105 0 63 14 43 54 6 81 25 63 45 101 54 32 82 103 69 23 13 29 20 12 17 0 26 159 130 86 24 18 53 188 105 87 52 77 66 0 78 16 36 32 70 41 15 139 11 30 54 29 29 61 35 0 18 64 150 129 24 0 77 15 29 72 69 61 12 81 101 72 35 78 0 4 9 101 132 54 24 86 255 104 32 84 34 120 0 40 27 30 64 76 27 93 18 34 41 26 78 72 0 89 0 197 175 153 9 24 12 119 9 20 0 19 12 147 100 17 137 92 141 75 71 14 45 32 64 167 0 35 159 0 5 9 93 3 52 77 61 85 20 78 87 0 51 0 99 43 271 78 65 72 116 54 20 80 72 28 22 83 48 38 3 31 178 40 0 86 44 72 44 91 0 57 52 86 14 34 81 136 37 152 225 32 12 44 109 0 6 0 4 85 5 55 159 2 0 12 96 61 12 50 116 117 45 53 133 21 158 9 81 134 95 117 35 10 94 107 0 110 0 122 94 89 8 27 0 45 67 100 4 35 20 0 27 24 128 36 0 78 181 95
6 107 0 88 117 81 20 6 34 15 28 90 61 16 162 10 72 66 60 169 28 102 111 77 58 66 58 49 24 158 104 128 110 78 81 72 8 7 75 148 189 90 28 173 122 91 68 83 88 33 72 160 54 110 0 72 38 16 166 18 18 18 80 97 0 33 97 8 12 90 173 0 167 12 2 14 60 153 45 86 111 75 40 9 15 68 14 37 48 0 72 54 103 18 88 40 24 24 45 12 42 86 11 156 125 180 128 152 0 61 154 89 77 72 20 120 53 199 8 41 66 52 18 12 119 42 102 88 72 19 149 83 0 52 115 15 3 0 54 93 45 60 49 24 91 4 71 77 133 0 24 37 169 71 0 184 292 78 0 36 36 179 24 59 188 113 10 64 25 13 88 22 42 148 15 80 30 27 9 149 0 87 34 84 62 35 55 119 8 96 32 61 3 157 58 200 215 83 88 150 45 162 3 177 40 55 14 87 34 0 91 14 70 54 105 100 137 44 30 120 98 45 108 164 43 71 6 76 99 71 76 73 0 74 142 14 77 37 152 84 44 123 62 0 15 74 33 129 109 126 62 80 86 41 106 102
0 213 129 0 40 0 21 9 63 8 35 89 81 8 36 18 57 0 6 21 41 0 40 8 31 69 49 0 18 6 14 64 14 6 36 0 45 115 0 24 18 34 29 40 46 73 26 96 66 56 87 99 9 18 9 34 8 33 54 16 14 39 0 0 137 50 0 0 0 18 34 8 84 0 14 19 15 18 59 0 8 0 142 10 49 0 99 29 50 0 85 0 54 21 79 24 0 27 38 6 15 144 64 46 9 93 28 53 18 64 16 60 0 46 40 50 0 50 147 51 42 12 122 15 50 15 8 28 107 52 56 68 52 0 0 12 94 81 171 15 56 153 36 8 140 11 114 32 0 18 60 76 24 9 62 34 159 56 71 0 9 92 66 21 4 32 59 0 0 42 94 16 42 67 97 72 101 63 0 49 24 87 87 0 0 32 4 64 0 0 4 12 0 18 40 0 54 12 42 8 16 8 27 139 16 56 8 20 98 45 113 34 32 30 0 8 65 27 104 101 59 18 0 10 62 139 52 100 7 56 0 33 46 25 20 42 56 24 145 133 65 0 41 56 108 0 0 14 81 24 19 63 2 21 64 46
30 116 50 14 32 178 51 16 44 8 25 90 58 35 135 51 35 105 94 54 52 0 89 152 26 5 12 38 101 32 29 41 72 47 63 68 15 1 10 101 48 83 130 84 63 79 117 5 12 40 39 53 57 38 18 0 85 91 60 58 12 17 92 42 0 0 51 0 55 124 59 154 106 17 60 24 69 6 0 97 38 69 38 21 18 14 19 38 61 104 128 28 13 72 88 167 59 96 74 92 4 0 36 53 84 43 0 71 11 12 0 27 36 16 4 76 70 56 103 57 0 35 26 7 67 66 62 3 12 25 71 73 93 66 70 46 72 23 71 32 0 93 48 34 50 79 54 55 14 0 12 91 6 115 0 40 205 77 39 5 21 71 116 27 124 30 95 12 103 100 112 54 26 99 30 18 62 24 48 22 64 144 99 40 94 70 0 4 31 36 0 38 114 118 42 46 67 89 0 0 114 59 0 20 54 21 45 36 191 133 0 8 123 98 88 0 40 43 8 16 110 15 107 47 45 171 0 95 7 98 87 67 0 55 75 18 109 75 10 16 77 49 89 36 42 68 12 175 85 49 114 32 24 86 82 12
108 32 12 21 54 114 0 45 83 101 26 144 3 123 114 98 42 12 110 99 83 58 49 159 122 108 142 18 64 39 4 31 98 42 23 208 77 138 18 158 135 48 15 83 76 173 152 49 88 76 84 55 34 97 49 0 14 80 42 0 66 18 122 158 78 16 61 156 78 44 135 0 39 18 26 24 8 128 68 34 141 12 48 182 29 93 27 8 69 139 18 199 54 95 43 99 26 140 119 145 24 90 32 61 73 6 171 8 33 16 101 0 93 90 94 15 40 50 40 83 162 47 36 93 101 69 0 30 99 0 126 95 55 39 0 125 96 10 64 65 18 142 122 47 42 62 10 14 40 0 48 40 239 51 70 107 55 81 60 127 78 17 4 56 122 27 5 105 0 60 68 99 76 107 14 0 226 68 90 42 6 84 108 45 31 78 0 134 70 13 65 48 67 124 209 169 0 69 63 0 133 111 39 84 25 131 82 53 142 48 59 96 73 17 66 38 56 67 17 48 152 94 121 63 143 9 232 117 163 12 70 70 0 75 144 111 83 28 69 9 83 96 24 126 38 56 81 50 44 99 96 109 72 55 52 159
26 0 21 0 103 0 0 13 30 6 97 124 24 81 18 102 16 15 36 20 15 111 18 54 37 54 72 0 25 34 102 42 39 4 164 165 43 140 81 89 56 14 43 12 40 85 80 54 163 35 45 0 0 112 27 60 0 120 52 22 72 9 39 38 51 22 25 84 56 24 158 75 60 81 83 26 69 30 199 86 75 0 68 42 72 87 42 0 56 83 64 54 0 111 65 50 0 40 43 134 0 73 69 14 0 0 59 229 14 24 9 78 105 148 0 14 57 83 46 61 0 12 88 9 75 99 0 144 110 51 93 27 90 49 38 176 0 0 91 0 0 104 128 66 24 14 36 149 13 0 20 122 94 88 36 0 71 18 26 69 45 2 138 0 123 12 76 0 0 30 72 149 0 141 93 27 78 50 108 24 0 45 40 0 19 68 8 71 87 3 46 54 81 90 94 45 139 60 0 9 124 130 93 0 72 33 63 16 99 12 15 9 43 67 42 60 41 16 13 140 114 136 115 57 168 77 90 126 75 108 89 64 102 34 57 26 81 83 45 0 24 47 13 124 20 62 16 21 35 62 99 42 71 12 30 71
61 106 56 8 36 150 66 73 108 53 61 22 113 74 84 117 155 2 16 0 197 173 86 46 86 20 52 94 52 8 185 17 80 97 82 16 0 16 16 0 56 91 112 88 7 101 16 32 140 0 56 8 90 4 42 95 101 0 176 38 54 0 42 0 28 96 36 58 60 21 44 0 135 52 79 24 78 17 80 33 35 0 64 77 0 70 36 55 96 113 92 38 12 106 128 9 102 93 107 64 33 133 127 142 90 88 38 0 53 101 23 117 176 7 35 33 18 88 38 54 43 91 14 138 74 48 80 29 20 86 110 139 0 51 192 26 109 60 22 0 156 60 0 36 20 24 0 46 42 44 48 0 11 68 57 91 117 7 35 116 44 4 35 0 50 14 122 10 24 45 91 47 16 84 35 24 0 22 53 73 128 14 82 92 66 159 0 0 84 127 64 114 121 152 0 148 133 39 4 16 96 63 0 18 0 43 33 255 73 99 12 104 24 98 9 97 160 10 8 24 116 18 74 2 36 79 101 80 52 124 93 164 42 79 32 68 142 12 2 32 76 15 142 20 117 116 56 210 65 29 143 0 29 67 77 129
37 62 108 9 0 40 71 23 13 16 24 161 30 129 170 75 20 36 148 44 40 127 11 52 80 92 43 0 0 23 34 87 31 25 91 87 56 137 72 126 71 59 20 89 47 105 92 50 27 46 39 3 0 0 33 0 42 39 84 66 68 124 9 117 63 0 38 72 15 0 54 18 40 81 4 92 35 21 38 71 0 28 164 81 32 57 74 18 36 73 98 52 71 45 85 13 0 66 81 81 9 22 28 14 127 58 59 115 95 62 64 20 18 145 109 22 61 98 32 123 34 4 36 20 151 25 0 0 149 34 120 16 206 36 58 68 26 63 45 0 18 150 92 65 20 53 74 124 45 9 54 112 81 33 80 69 104 31 26 81 65 0 160 30 13 102 235 0 0 40 2 78 30 240 80 228 76 85 26 0 21 211 78 0 50 0 56 0 80 39 23 6 105 25 128 76 129 33 0 4 97 29 0 8 0 94 3 3 40 27 60 105 66 56 0 43 48 98 9 4 145 48 167 14 47 152 34 51 80 0 37 127 156 36 83 165 130 83 80 103 43 36 92 176 0 65 55 31 48 8 0 114 49 49 35 111
51 78 43 27 48 76 37 64 82 42 24 36 0 12 212 74 49 40 8 66 97 117 86 8 115 88 13 86 17 3 64 27 19 57 60 99 0 70 0 20 9 56 44 75 16 76 56 7 36 66 108 17 48 31 48 15 183 67 18 112 32 37 36 68 8 0 7 147 63 60 8 76 0 41 30 86 20 98 37 50 0 72 70 126 0 0 32 34 43 70 79 32 24 126 9 47 79 0 110 79 27 4 46 140 84 74 64 35 73 0 12 29 4 65 78 36 85 15 16 83 24 4 33 60 27 8 24 74 59 22 130 121 84 62 95 2 88 10 0 54 85 114 93 0 0 36 37 104 109 20 15 61 84 67 50 96 59 142 14 51 66 8 83 130 84 48 107 36 56 66 14 6 56 108 16 0 16 100 88 14 32 125 29 45 90 12 0 130 82 62 102 60 49 21 88 109 52 171 27 40 0 80 25 20 68 24 69 112 89 136 8 100 12 21 6 140 48 6 0 10 125 56 145 30 37 35 57 130 98 5 18 37 106 41 77 12 164 62 63 74 58 89 131 52 36 0 0 74 80 128 57 105 122 136 19 96
22 0 0 74 0 60 18 20 90 49 123 48 33 105 15 52 24 42 8 62 78 49 0 54 106 84 36 52 0 71 78 42 84 14 23 4 90 88 51 120 10 28 37 30 5 117 60 50 42 70 9 0 0 35 0 39 88 89 63 83 43 25 37 86 96 0 29 94 0 0 16 0 39 6 24 44 0 94 40 39 0 68 134 96 106 0 42 44 35 83 8 24 41 93 88 77 114 69 39 145 6 45 46 82 9 64 20 203 31 94 45 100 12 6 71 30 72 89 20 0 18 94 89 54 12 77 0 71 45 32 9 42 94 68 129 36 54 42 0 0 113 21 53 145 90 28 0 0 37 44 34 59 0 92 42 80 73 6 72 49 12 0 81 33 97 72 79 8 0 83 22 36 0 117 42 61 8 101 10 40 32 143 50 148 61 48 0 103 70 0 8 63 42 64 96 44 60 52 16 34 56 28 56 66 40 19 70 51 56 6 30 6 24 45 12 90 20 33 0 28 115 77 202 72 0 79 40 112 42 46 61 85 3 14 0 0 69 28 48 72 20 46 137 37 84 59 14 74 4 4 0 35 102 166 151 73
61 106 124 96 56 9 63 18 36 30 32 46 0 43 14 67 102 48 131 60 63 125 117 44 39 58 0 48 119 3 21 34 48 106 57 87 27 58 27 48 125 67 89 177 36 99 61 68 95 95 66 45 81 57 41 0 8 19 52 56 12 38 7 24 52 40 42 137 80 69 50 87 98 21 127 0 15 30 76 8 0 66 58 45 37 12 58 61 126 40 83 34 16 92 18 96 0 38 39 35 10 152 18 126 37 2 3 42 179 105 15 40 45 23 42 42 18 98 77 66 12 45 0 6 10 49 35 0 83 114 35 65 18 204 73 15 82 35 93 42 16 40 82 70 76 74 0 93 34 0 0 84 31 59 45 137 48 0 28 33 4 94 80 27 35 107 58 40 30 61 83 114 61 92 75 0 62 65 103 0 1 14 84 52 12 97 65 78 10 56 35 75 97 37 20 108 76 0 88 39 146 145 6 44 0 146 83 21 127 84 20 36 0 0 49 52 0 78 91 96 110 54 49 70 157 107 208 21 37 6 43 12 127 28 48 42 87 16 30 69 7 39 42 41 25 9 77 0 48 30 108 169 118 174 89 117
25 15 125 0 62 58 187 0 0 104 31 106 1 29 86 37 70 45 33 23 30 2 67 30 46 32 93 0 34 12 225 64 0 33 9 62 54 77 54 24 28 87 124 78 45 14 65 55 107 56 129 27 135 18 49 126 40 126 140 26 30 0 36 102 20 70 0 31 56 119 29 87 79 2 67 24 77 0 109 140 32 107 0 106 87 46 28 55 86 147 45 0 30 90 97 104 15 58 35 91 8 76 21 115 131 158 74 8 47 60 12 115 45 14 0 155 50 162 132 147 5 3 35 10 96 0 98 43 96 35 42 40 39 23 15 107 6 0 72 49 12 70 8 122 253 52 36 0 0 8 27 133 86 1 102 52 123 7 108 15 88 78 71 56 56 4 6 49 59 28 20 69 27 28 33 84 64 70 19 52 52 0 36 30 54 91 96 40 70 8 101 106 9 22 16 72 94 18 30 32 25 0 40 27 0 60 69 122 98 19 45 0 75 172 35 56 107 24 179 60 20 38 34 33 24 174 82 135 3 86 52 42 18 3 131 33 40 170 37 78 0 129 45 110 36 99 112 0 69 66 105 18 20 6 97 176
98 88 147 44 69 130 182 118 60 48 192 332 77 183 202 81 184 42 178 74 4 253 57 9 138 169 128 63 40 113 198 28 72 231 67 48 126 149 43 111 116 75 42 107 60 207 139 78 58 160 92 86 87 78 52 57 147 144 55 86 0 114 24 138 117 0 150 174 89 94 8 69 70 124 83 98 16 57 108 76 74 90 183 78 167 188 55 67 189 174 83 98 152 147 108 125 29 82 112 40 57 0 49 190 10 207 72 99 23 64 26 122 40 64 30 115 56 128 283 157 40 42 21 82 12 3 72 94 45 82 131 58 209 83 155 86 126 30 0 57 24 87 28 24 178 115 176 13 148 39 60 108 136 89 0 173 96 0 44 73 162 70 40 92 30 198 84 134 24 0 28 74 88 57 42 44 85 73 73 100 26 132 22 81 102 135 83 113 104 78 112 29 24 152 112 189 151 40 43 63 63 12 103 121 0 40 52 52 142 105 95 86 105 165 25 40 15 202 160 79 72 104 129 62 15 28 119 197 195 10 91 128 0 106 54 104 85 63 48 36 57 110 190 130 107 71 37 75 78 21 105 149 157 72 259 108
3 0 9 5 0 39 36 0 42 48 15 0 11 88 44 27 0 21 52 54 6 82 69 92 86 8 102 30 7 0 4 0 84 20 24 27 0 37 100 19 34 34 48 44 63 69 56 0 4 2 8 35 0 20 65 56 14 0 0 8 40 20 0 17 0 3 23 18 0 0 123 7 56 0 0 18 64 0 48 66 0 40 16 0 46 73 0 54 46 64 0 29 25 64 42 35 0 18 41 56 76 72 0 111 5 50 12 63 21 44 0 55 2 53 54 54 0 88 53 48 15 0 40 62 0 5 31 2 0 15 6 0 41 52 13 120 4 0 0 64 82 87 0 6 0 0 57 0 0 0 50 28 62 7 84 127 131 45 0 32 63 20 7 7 24 40 8 7 19 0 32 50 0 41 28 0 41 50 57 30 1 7 6 0 98 56 0 94 25 59 12 37 15 96 0 0 0 155 24 18 30 26 0 0 56 73 0 74 0 36 0 45 56 93 32 121 68 15 69 5 48 17 49 106 31 21 9 10 10 13 109 10 0 78 63 15 34 8 0 56 8 0 25 20 88 0 0 68 45 0 56 0 80 68 14 0
44 100 157 78 185 140 246 16 27 44 113 76 51 103 123 65 72 79 54 114 52 57 115 24 133 163 29 120 42 98 59 218 109 39 83 213 8 102 97 90 146 102 134 166 36 45 38 6 28 90 41 24 62 14 0 0 19 61 101 156 16 105 109 45 50 62 82 24 48 19 153 142 104 76 54 56 19 54 76 97 44 103 51 80 146 0 116 147 38 83 26 84 54 44 192 66 8 99 50 92 98 25 30 164 82 49 19 33 134 66 37 32 50 206 36 113 147 64 146 115 23 80 8 4 41 68 111 54 93 69 121 54 86 99 120 80 99 84 42 78 112 98 204 49 29 12 100 72 77 80 37 35 23 98 43 117 35 37 92 48 36 81 196 24 8 95 206 44 100 172 192 133 64 210 64 130 50 37 16 33 44 143 18 70 77 50 28 17 28 112 130 38 77 44 30 138 162 16 19 17 94 58 50 33 10 27 47 47 68 61 0 236 43 40 33 42 101 115 50 50 89 20 173 96 138 81 35 121 61 43 0 147 118 52 76 219 125 85 77 115 4 65 120 33 0 97 44 12 44 94 34 37 20 114 125 87
12 0 28 25 72 21 109 1 10 67 35 54 72 42 18 38 33 66 0 0 101 0 9 88 2 90 18 86 4 0 0 1 9 14 6 48 0 73 3 10 13 0 63 28 0 93 15 73 80 12 0 140 0 3 52 15 0 3 126 5 0 9 0 48 63 32 43 59 21 42 67 36 172 57 1 53 57 48 30 37 9 5 0 35 36 24 81 0 0 40 4 9 63 6 0 12 24 6 7 98 15 48 52 98 81 7 0 136 12 84 29 88 18 48 0 109 45 24 10 10 48 43 101 13 64 35 27 53 81 6 62 32 30 16 76 21 90 0 102 0 25 81 77 72 47 0 7 1 78 36 20 26 17 48 48 20 8 0 0 59 32 92 64 0 0 4 0 0 21 38 26 70 102 87 75 6 9 55 18 54 86 0 20 0 8 0 0 60 20 43 7 67 72 59 38 51 20 6 36 10 81 24 40 16 0 20 47 0 37 56 56 5 54 15 0 60 81 7 0 6 48 24 59 38 18 29 0 30 12 0 0 16 0 8 25 0 0 32 64 81 24 6 23 0 22 81 63 37 78 20 99 40 68 0 44 3
9 69 47 14 34 140 12 152 0 71 156 125 68 93 127 43 110 52 106 12 61 91 64 168 75 108 0 139 77 12 27 26 69 73 12 40 28 161 35 159 40 25 21 54 14 79 70 67 36 0 52 23 43 36 0 20 71 89 43 43 54 60 27 56 39 33 21 8 20 61 129 36 61 2 0 56 4 70 59 18 53 54 94 16 37 126 4 66 45 33 95 48 72 48 39 63 66 21 39 15 115 24 54 77 82 23 67 70 0 133 64 90 12 29 18 103 6 88 152 93 57 21 54 56 6 9 8 71 60 18 159 95 44 8 19 5 45 0 6 5 12 20 64 61 159 65 75 35 40 80 73 68 155 51 35 60 188 106 65 67 0 115 49 28 19 44 48 48 16 22 112 21 12 92 28 52 65 125 97 68 64 77 18 53 104 65 41 73 70 55 42 84 68 104 65 35 172 38 146 59 63 40 19 69 4 17 46 102 22 112 138 95 87 55 31 62 17 32 61 219 58 27 25 91 86 32 44 24 192 155 140 18 8 83 79 12 49 14 75 33 86 10 54 83 37 23 15 112 37 58 42 98 130 139 71 123
40 5 94 96 0 87 43 46 20 27 10 54 70 63 131 31 28 97 0 93 16 9 74 0 48 57 6 5 109 24 10 68 45 21 88 40 6 40 0 17 22 112 105 48 75 16 6 20 0 94 52 20 15 0 51 39 0 47 50 62 14 48 99 0 95 0 0 36 88 63 71 21 118 0 72 40 20 0 6 58 0 81 48 85 95 93 36 74 54 0 0 0 0 58 8 48 0 0 60 85 49 0 45 82 0 28 38 50 15 22 0 5 51 191 0 8 55 154 39 30 10 48 27 0 35 98 67 26 86 25 48 36 54 12 80 123 21 0 90 0 0 85 72 2 24 16 53 35 35 0 30 86 76 57 8 72 81 24 0 8 0 34 32 0 32 64 99 0 64 0 37 75 0 77 43 35 6 26 28 18 0 64 15 0 12 58 14 139 8 24 8 0 10 32 12 0 89 32 20 76 72 3 0 35 32 35 24 52 45 10 24 64 24 64 59 70 122 18 41 72 18 22 44 60 22 56 67 134 6 159 0 60 64 12 0 56 124 88 45 3 12 94 24 37 46 34 20 96 6 36 16 0 45 0 0 25
8 0 27 95 28 0 0 0 0 8 120 132 0 189 81 60 72 6 0 0 136 65 96 81 77 74 123 24 0 54 0 0 4 41 155 120 0 0 90 45 111 27 63 50 18 81 72 30 0 72 0 0 46 64 52 56 2 17 76 88 41 0 0 0 16 0 26 87 27 6 0 0 21 104 0 0 28 7 75 34 18 0 70 0 53 121 34 18 16 159 81 53 66 185 96 13 53 28 103 12 0 0 10 130 72 7 63 182 22 21 38 82 2 78 0 27 81 42 40 36 0 24 21 49 32 21 6 48 82 0 81 16 63 0 0 90 20 46 35 0 38 0 20 84 0 0 80 155 40 0 0 28 47 125 60 121 0 0 0 196 45 17 41 4 62 39 0 12 0 35 3 52 12 35 18 45 16 72 19 0 12 63 0 4 0 8 31 42 12 0 16 17 67 32 27 28 16 4 0 0 45 229 81 0 38 40 26 12 32 25 60 59 0 0 0 62 0 0 33 56 130 48 54 70 63 0 69 83 0 60 103 0 8 35 36 100 0 6 35 21 0 40 40 0 56 27 63 45 0 0 25 53 0 29 68 63
37 96 0 26 4 103 8 22 34 16 128 54 17 107 24 69 129 42 6 61 6 90 15 16 74 42 61 77 0 20 84 6 91 104 63 37 42 15 67 77 122 73 75 52 0 60 0 9 42 114 151 0 54 69 36 114 12 36 87 143 35 35 0 0 0 15 18 54 43 42 235 0 85 0 10 54 8 120 33 35 12 117 72 106 87 118 42 51 40 80 84 104 73 106 56 36 56 18 30 47 46 40 9 196 6 135 30 66 33 74 34 96 35 45 49 40 29 187 92 72 72 18 46 79 30 38 59 24 78 270 144 16 72 41 46 6 58 72 33 9 42 24 55 51 74 0 9 6 48 36 44 135 63 104 4 23 96 0 35 152 20 3 69 16 86 0 88 38 57 0 24 52 54 89 63 14 14 18 0 51 22 0 1 56 0 9 30 47 22 64 2 180 44 73 54 0 12 0 20 97 59 5 0 66 6 52 7 56 84 43 4 55 30 23 2 90 104 88 114 79 64 56 54 144 72 108 36 9 111 68 50 72 30 67 33 87 7 42 40 48 44 81 116 62 123 42 66 8 32 0 12 172 0 35 38 139
84 83 126 0 77 25 54 59 18 60 76 66 51 16 84 35 82 34 40 166 81 58 208 60 72 60 36 109 104 57 95 131 27 44 112 178 47 10 21 16 0 54 49 130 6 99 7 83 18 21 5 146 105 135 28 0 36 13 3 76 203 31 32 42 71 70 3 171 72 45 116 82 32 18 32 83 79 68 56 20 89 49 200 36 71 72 101 63 0 66 97 73 82 76 147 66 134 15 131 45 7 30 8 56 89 154 27 30 41 138 96 112 140 71 106 122 59 33 76 171 104 122 79 12 59 25 0 48 223 87 126 47 75 33 174 99 56 111 35 105 12 29 53 0 104 227 18 19 159 141 87 5 7 9 39 49 76 162 37 66 141 92 35 62 78 0 5 25 79 12 53 47 32 149 35 68 35 58 0 56 31 51 87 28 54 63 28 100 68 82 104 90 182 95 18 36 216 2 26 202 75 50 45 36 20 112 157 0 16 126 0 135 111 91 0 9 23 106 36 39 134 70 128 27 63 9 87 46 145 42 0 71 24 115 34 0 85 138 16 38 11 158 89 0 99 18 141 12 136 110 5 121 72 32 106 72
8 16 141 112 0 189 40 29 24 57 127 55 24 0 33 0 0 63 3 138 81 16 136 127 133 59 14 184 9 0 114 36 81 0 28 176 29 96 0 29 36 105 0 45 4 104 84 0 32 45 0 47 36 0 32 166 2 18 114 0 132 50 6 79 148 24 25 87 42 86 250 58 143 0 76 0 9 28 91 9 0 0 74 42 147 63 0 29 33 66 48 21 105 112 0 38 0 0 109 93 9 101 38 42 73 84 0 63 6 87 54 73 8 70 88 91 54 198 7 122 128 12 0 54 49 90 18 46 0 64 82 51 36 0 14 0 0 0 27 33 62 63 32 96 0 68 134 0 191 63 59 21 49 18 30 48 213 0 36 66 4 18 55 8 11 0 0 73 29 32 112 71 0 72 82 21 57 26 18 0 27 15 0 96 72 103 37 137 29 0 0 72 35 135 72 0 32 60 71 73 104 113 57 139 140 40 54 51 4 7 29 72 0 192 36 0 177 0 70 84 120 43 134 364 57 35 60 61 40 56 49 99 28 15 120 68 32 147 48 86 0 137 0 81 32 28 97 238 54 9 26 120 92 38 52 145
57 42 6 60 156 34 50 84 32 140 33 0 20 183 80 24 35 1 109 36 81 136 17 12 29 148 70 75 0 56 64 103 126 92 24 37 24 180 16 59 100 72 64 53 36 36 30 28 42 108 31 20 38 85 24 61 24 28 0 70 34 36 48 84 10 24 32 97 34 54 18 6 0 67 31 24 0 36 20 24 43 42 6 0 0 36 76 60 75 56 136 80 24 0 31 45 0 47 14 36 37 97 81 135 5 145 5 52 80 59 86 36 0 96 38 114 55 143 110 40 4 73 23 27 64 107 0 14 1 40 94 44 58 62 125 16 114 0 8 0 12 0 50 97 64 42 108 114 20 113 15 47 24 19 52 81 181 31 32 79 128 48 27 84 59 7 44 30 0 20 98 18 32 78 120 54 12 15 24 27 6 98 0 100 6 24 0 0 0 42 12 104 37 81 48 16 108 2 20 81 8 112 52 114 4 12 8 1 109 48 0 36 6 58 43 42 85 56 8 130 70 0 73 2 121 16 0 0 117 18 81 89 54 53 174 58 24 20 6 172 0 34 133 87 2 31 86 14 72 0 24 106 120 86 92 28
20 24 0 62 58 45 0 0 45 81 118 128 15 42 78 21 24 0 56 159 29 178 51 21 154 63 0 20 42 39 28 92 89 47 0 36 42 69 95 57 81 99 76 24 53 89 36 27 97 179 54 66 0 136 0 108 7 43 107 9 24 42 49 43 72 2 32 27 48 36 39 0 133 104 63 72 75 61 93 10 57 0 0 0 35 96 20 3 0 0 10 24 24 63 11 33 24 6 37 63 96 100 0 260 0 100 83 44 0 70 58 40 36 28 116 111 47 132 15 4 0 16 6 7 0 0 29 32 0 57 141 7 42 0 63 80 121 0 20 3 48 28 99 110 6 25 33 9 14 27 45 56 104 0 64 54 22 59 0 7 54 0 35 68 89 69 79 0 40 0 64 0 96 36 28 18 67 0 127 78 0 135 43 72 21 13 39 95 40 47 121 54 0 24 47 75 66 82 0 37 0 91 0 81 52 72 42 113 8 40 6 96 77 74 94 73 49 27 21 78 0 5 75 59 36 0 73 96 44 16 64 18 0 7 63 16 84 0 8 108 16 11 33 0 59 30 36 15 0 86 74 0 121 36 24 0
1 35 60 0 89 60 72 40 24 137 130 98 6 220 290 54 107 75 56 77 72 139 21 102 153 64 64 94 13 17 21 197 48 44 87 27 5 52 130 24 161 133 8 56 16 159 137 135 108 64 242 38 14 0 70 77 0 18 122 1 115 46 28 0 23 18 18 159 33 106 91 0 65 72 127 8 14 86 16 56 90 131 59 41 68 114 80 0 45 163 163 45 54 132 190 45 41 77 230 32 24 54 20 166 149 108 176 59 72 54 13 72 9 2 8 59 4 42 37 25 66 0 88 0 0 9 61 13 109 83 130 55 238 56 0 18 82 0 58 3 42 27 6 150 11 21 53 121 75 8 99 28 155 45 107 151 91 18 76 219 126 26 60 108 35 34 96 3 18 97 81 81 60 108 88 84 25 130 65 63 163 108 42 73 106 56 0 39 7 15 87 64 130 97 118 81 36 0 72 36 157 171 63 74 56 49 20 230 44 8 47 92 64 34 18 12 110 0 2 0 6 0 93 171 119 0 148 57 81 0 19 159 63 19 188 108 136 0 0 39 112 7 192 5 48 142 98 166 98 56 6 125 155 26 0 142
95 43 70 12 77 28 0 39 7 65 0 175 56 9 164 74 4 42 64 88 0 111 93 42 54 33 3 72 17 57 29 51 27 40 82 93 4 73 135 10 7 3 71 2 63 72 46 12 66 70 45 63 9 123 5 106 0 24 42 0 12 80 0 60 81 9 48 18 39 51 111 16 70 119 27 0 48 108 63 49 0 0 81 0 0 41 0 24 15 28 0 23 24 100 32 70 0 0 28 27 0 27 18 71 9 0 46 37 11 78 56 20 0 126 18 36 92 133 36 35 42 72 47 49 20 18 19 30 72 15 50 42 144 66 140 108 103 35 63 72 2 106 84 51 0 60 41 12 146 8 32 30 36 103 48 124 7 45 0 77 92 7 153 28 29 67 167 104 12 21 6 51 75 90 54 42 50 15 59 72 63 71 77 0 26 0 6 38 28 0 25 30 27 49 4 110 38 35 0 84 0 45 89 0 0 118 21 24 35 143 11 64 208 63 36 51 15 0 3 21 56 91 183 18 72 0 63 184 49 0 101 139 69 91 0 53 145 36 0 49 0 25 5 42 75 32 68 5 63 0 84 18 78 45 75 0
89 20 12 3 22 20 81 34 24 0 90 24 6 123 0 0 45 0 22 93 11 70 27 0 113 125 54 56 18 79 28 69 149 48 18 10 74 33 3 47 143 14 54 82 0 0 121 75 54 159 14 126 7 33 0 0 52 121 57 56 37 8 56 26 35 63 10 27 16 0 75 32 49 7 103 0 8 98 103 44 24 0 20 30 15 0 14 72 78 9 40 27 43 60 104 76 41 64 52 0 115 99 63 81 58 42 28 72 29 8 183 48 1 82 111 45 9 96 31 24 12 25 8 40 30 12 32 34 74 28 0 30 67 97 55 119 8 0 27 78 0 0 130 87 70 18 22 9 36 0 8 38 4 4 40 121 137 39 20 6 0 12 35 62 15 69 15 6 56 42 0 30 81 38 56 0 56 66 75 20 6 138 14 99 0 89 44 54 218 28 126 34 16 42 0 0 46 40 0 32 48 15 0 99 5 64 87 24 96 4 20 81 56 74 20 26 143 6 69 54 20 30 61 40 2 27 111 0 96 0 31 61 0 36 10 12 49 36 33 62 68 0 0 3 90 8 86 8 0 98 90 56 154 36 36 47
0 56 31 12 0 15 0 0 0 0 0 72 2 21 104 81 45 0 50 36 0 42 0 48 4 0 21 49 100 119 0 4 0 53 84 0 0 21 0 68 0 150 8 68 0 0 2 50 0 36 28 0 69 18 0 0 40 0 0 34 0 72 12 18 5 0 25 0 0 56 49 85 0 32 0 1 2 8 8 0 14 0 84 0 1 27 0 46 67 0 31 71 0 1 32 54 12 0 15 0 30 31 12 91 0 56 42 0 53 11 28 28 7 77 64 148 63 98 88 12 19 36 0 21 163 42 42 49 8 8 93 87 0 51 91 0 139 0 7 3 0 16 18 63 28 0 24 54 51 0 80 30 9 64 48 44 71 0 6 15 0 30 8 0 70 91 48 0 0 54 0 58 33 60 0 14 56 19 0 20 36 16 0 36 0 45 0 67 3 12 0 28 18 39 6 35 28 0 3 63 80 7 18 63 0 156 0 40 78 6 14 20 100 6 27 16 56 9 42 0 16 0 94 36 0 0 0 0 54 18 111 46 23 84 12 51 80 0 0 56 82 35 63 77 21 83 0 144 0 63 27 17 7 21 96 0
6 60 14 28 86 0 27 45 30 38 0 7 20 36 51 12 14 81 77 46 15 80 14 15 6 46 48 4 0 40 66 142 71 39 0 10 15 50 45 6 8 110 6 43 14 15 40 0 15 56 10 0 27 54 0 99 4 37 98 94 18 0 115 52 0 0 10 38 18 21 87 6 110 12 102 94 25 45 35 0 34 51 5 50 136 6 78 0 34 39 0 20 0 7 21 29 0 57 63 133 4 125 106 20 35 0 45 83 49 26 137 27 60 30 143 79 0 88 7 64 0 53 35 2 42 39 2 132 6 0 46 26 18 79 14 15 4 0 45 46 35 109 87 60 2 0 41 89 0 2 22 0 89 0 8 42 104 0 5 97 21 32 18 0 86 6 34 4 12 56 33 5 0 80 16 38 0 29 42 0 0 0 13 7 72 109 15 20 18 8 15 75 87 2 25 89 48 20 20 26 218 12 0 0 59 67 63 23 48 44 0 35 74 31 89 83 128 63 0 5 110 6 0 83 20 35 0 34 132 6 28 28 30 42 41 31 84 21 70 59 28 67 18 72 6 106 24 42 32 35 25 51 123 25 100 9
3 39 29 12 0 0 70 0 23 54 117 39 16 58 42 0 0 12 10 20 63 101 72 57 0 116 88 63 0 77 104 121 55 30 45 55 9 80 53 154 44 137 67 55 36 0 14 0 42 4 90 30 74 0 56 75 44 90 96 93 77 18 0 28 32 78 24 64 36 41 59 56 72 53 36 24 8 117 42 21 4 30 59 0 28 41 24 21 30 85 15 20 48 21 24 4 75 18 43 35 24 16 0 0 43 70 81 51 99 0 90 67 4 36 52 0 12 43 24 24 0 16 47 0 42 56 0 87 0 32 71 14 5 30 19 21 0 0 18 15 10 10 24 46 24 0 111 117 59 29 78 64 80 9 45 24 164 28 0 48 18 0 0 8 128 12 6 49 12 6 48 40 30 36 20 27 12 2 0 0 53 28 5 0 0 156 60 85 99 35 18 33 90 65 42 18 99 0 32 88 90 102 45 60 60 15 0 15 10 34 15 0 62 15 0 68 40 35 14 40 223 16 0 70 40 128 0 54 21 12 62 49 55 3 27 96 76 99 16 8 0 45 0 58 16 80 58 41 28 0 12 87 44 192 96 0
5 28 37 86 133 88 101 61 44 116 60 0 2 75 31 72 64 59 8 0 63 123 78 16 65 41 57 45 8 34 32 74 0 70 20 69 0 41 1 19 12 50 44 102 2 24 28 46 120 0 105 20 75 59 28 54 99 36 82 74 30 4 0 86 70 30 0 34 7 122 81 0 41 7 94 70 26 0 21 0 15 12 92 0 36 37 12 12 34 149 0 20 67 16 18 42 12 21 34 53 50 144 102 62 45 83 0 113 24 73 42 168 24 7 72 56 15 48 48 45 95 37 23 41 36 5 24 111 83 30 56 54 114 38 8 43 7 6 18 0 20 106 15 8 57 37 34 17 8 23 152 27 154 15 27 72 129 98 6 69 129 65 82 0 42 28 56 53 27 15 67 67 0 29 51 32 14 99 0 102 26 0 38 0 29 80 28 59 38 27 4 118 31 75 99 48 28 21 0 32 80 185 9 39 40 72 80 73 15 0 2 57 38 63 3 67 99 39 54 26 57 10 12 94 93 89 83 64 30 45 58 99 0 132 0 26 57 48 37 31 48 40 111 82 43 49 16 53 81 7 0 51 152 33 52 75
185 90 169 95 99 43 31 77 161 174 58 176 0 60 129 8 162 78 8 117 10 120 8 87 73 64 42 56 124 78 112 92 50 42 153 216 122 43 0 68 81 56 6 132 48 48 59 12 38 63 52 9 180 42 8 193 16 119 56 12 79 69 8 68 30 81 54 44 138 72 85 45 69 33 62 0 3 161 94 6 38 56 30 28 16 27 16 105 71 32 36 54 36 16 74 88 50 0 119 12 7 250 52 266 113 154 48 0 96 31 104 76 96 70 79 102 44 185 47 144 4 179 23 0 88 109 0 97 137 34 111 75 123 68 190 83 10 12 18 28 0 76 252 81 135 117 52 0 176 0 96 90 40 99 48 116 90 117 91 44 103 66 163 82 202 133 108 124 12 20 164 6 74 91 92 95 58 0 0 33 76 69 0 170 26 56 35 22 99 18 27 210 46 14 30 69 168 58 30 61 230 69 8 84 172 196 53 21 73 58 0 91 88 126 65 7 199 77 12 37 71 43 101 107 64 73 128 184 31 95 6 173 40 91 211 1 79 98 0 64 67 106 12 63 106 119 84 84 15 16 180 42 18 100 55 116
67 112 229 6 204 99 78 88 122 115 118 214 0 75 91 92 170 9 123 76 27 86 9 48 107 93 123 49 152 79 140 40 51 63 167 18 0 115 6 73 26 96 133 192 27 139 105 36 87 16 133 0 90 64 8 63 38 135 0 35 30 61 7 45 30 99 46 134 0 149 116 15 53 42 92 138 46 191 33 61 72 86 66 139 5 115 103 35 109 157 107 48 49 42 234 158 24 0 61 57 23 168 44 270 134 244 57 12 156 56 0 208 37 64 113 170 117 135 154 143 48 51 79 46 110 111 108 6 87 52 251 90 36 134 132 69 125 0 48 63 36 145 52 48 190 81 51 64 135 60 113 58 79 89 94 101 117 39 2 85 121 91 62 4 94 100 66 232 15 20 68 102 0 37 105 53 129 135 75 107 159 30 116 117 54 42 50 59 17 34 9 194 125 159 98 151 240 12 45 39 135 158 99 20 72 99 175 114 184 103 18 21 95 47 45 164 83 86 50 31 112 30 102 88 109 202 30 72 127 183 34 121 106 98 130 107 72 6 0 0 16 56 179 95 84 280 79 67 60 10 160 83 103 34 192 74
1 64 16 5 59 73 0 89 36 34 32 8 20 76 57 0 9 0 27 62 21 63 0 72 104 50 6 66 5 49 58 0 72 97 56 65 40 30 25 0 0 27 8 104 6 90 20 30 21 49 0 2 30 76 36 83 0 42 128 98 18 1 121 28 55 40 89 78 32 18 96 16 105 36 42 78 57 83 83 28 86 0 20 54 81 4 10 8 90 0 36 28 88 54 38 54 25 0 151 21 20 76 64 68 66 30 93 103 21 24 45 0 36 69 121 0 44 53 8 104 36 24 2 24 48 0 0 47 113 0 42 20 109 48 61 173 25 0 64 63 48 84 72 51 4 79 54 49 16 45 6 7 119 36 0 87 100 20 88 28 10 75 5 0 124 45 61 72 20 12 47 9 8 3 10 54 16 99 54 0 0 73 0 38 26 11 30 70 38 0 16 0 36 76 48 151 64 132 0 14 94 57 8 32 84 0 0 81 0 146 16 33 134 105 98 103 169 72 13 63 91 66 60 0 39 0 15 52 21 25 21 7 18 128 5 0 8 36 12 24 63 62 21 40 0 71 72 72 41 69 0 167 99 96 91 63
32 63 48 69 94 63 24 61 173 0 38 32 20 32 57 0 35 42 0 18 106 184 88 128 158 28 4 14 26 108 78 140 84 56 33 62 151 16 18 0 112 49 66 45 38 29 50 43 0 86 92 0 9 68 72 67 2 166 103 265 64 65 30 82 0 14 9 90 9 80 99 92 77 13 88 22 10 58 136 30 114 58 15 9 0 18 81 28 61 69 63 0 66 64 140 79 18 24 62 16 66 45 69 0 88 35 48 133 4 64 64 130 45 37 0 7 31 89 118 48 36 19 3 65 18 40 48 66 54 0 0 63 57 37 63 72 0 16 0 48 5 10 141 81 17 8 69 56 36 15 85 186 148 5 12 61 174 78 17 122 128 27 18 52 136 8 0 5 134 96 24 6 18 31 70 0 0 143 30 31 0 0 24 0 14 61 30 12 54 78 55 10 0 30 21 99 18 33 12 32 20 112 24 64 28 0 24 56 108 0 0 56 16 50 32 0 10 5 52 0 24 9 101 57 54 28 93 18 12 64 14 64 53 51 32 82 58 24 2 16 136 79 100 149 17 85 83 27 81 34 40 0 42 0 65 137
0 54 30 0 117 28 81 0 9 0 18 144 51 0 48 27 33 0 0 36 15 126 111 15 148 30 54 20 0 50 85 175 58 52 0 146 4 78 47 54 54 116 35 49 151 81 48 40 57 142 119 18 46 40 0 63 21 126 70 21 3 0 60 95 0 20 10 4 0 77 125 43 0 40 36 120 0 108 0 25 113 0 24 149 18 42 45 0 18 108 59 0 56 0 85 117 0 32 8 96 66 24 0 0 0 54 89 10 0 0 0 72 15 66 72 130 20 6 35 69 14 36 7 18 25 0 0 0 117 12 140 25 28 0 4 93 85 0 0 62 76 65 48 15 0 59 0 0 38 27 35 0 40 15 30 39 62 57 3 81 63 45 27 0 71 0 102 109 12 10 21 90 0 120 63 36 28 10 151 42 0 84 0 36 54 2 0 65 16 106 27 93 0 6 47 79 0 20 0 52 27 87 35 48 0 48 27 53 63 0 0 56 115 121 50 14 35 80 35 32 0 101 39 0 96 0 121 38 0 103 45 102 0 28 0 51 108 101 0 39 0 0 50 0 56 62 56 0 0 35 0 0 84 36 18 44
31 35 99 129 69 77 33 10 57 39 35 27 70 63 67 68 18 81 95 60 78 162 72 47 125 56 137 58 15 15 49 112 87 29 54 49 5 57 159 116 20 60 70 0 81 56 112 92 84 54 105 0 0 113 38 45 16 139 62 25 52 44 53 0 127 46 66 20 0 0 148 6 0 138 98 31 26 54 27 41 121 32 106 0 89 45 72 48 15 45 6 143 15 148 18 51 40 111 109 48 98 80 63 81 54 83 45 223 42 62 5 0 27 21 79 36 121 34 0 8 0 36 95 137 42 39 0 0 10 10 0 0 174 43 30 87 0 10 136 35 24 168 20 94 12 120 81 179 49 0 38 190 6 34 129 58 76 20 28 111 105 18 58 49 87 24 160 55 27 80 126 66 0 219 171 74 64 17 41 0 108 131 86 35 102 31 0 138 194 39 56 35 152 195 84 29 75 127 46 67 108 81 40 0 60 21 75 18 182 106 93 11 71 59 27 65 127 114 5 48 73 67 158 53 92 204 8 94 135 39 21 68 126 97 144 114 84 30 44 21 67 48 102 37 43 74 6 6 6 0 26 62 39 147 120 35
0 39 108 18 148 0 0 40 64 0 87 78 0 48 32 26 8 0 0 55 15 24 31 22 104 18 48 20 18 76 49 76 36 55 20 112 13 42 12 144 0 14 39 83 15 28 78 102 63 12 81 0 29 52 12 187 36 72 90 0 6 62 36 44 0 12 35 64 29 60 45 92 45 30 63 0 55 18 24 51 38 4 49 77 0 14 83 48 12 130 4 7 12 36 250 27 99 0 0 99 12 51 46 108 4 72 27 0 0 22 35 64 48 33 12 0 0 130 146 24 21 40 9 16 9 11 54 0 27 50 18 12 118 6 131 133 2 0 0 10 56 126 0 9 99 24 18 0 86 0 63 12 31 34 0 48 27 9 27 18 139 26 88 0 97 116 197 124 0 35 119 44 0 97 72 97 78 18 54 99 0 2 5 99 77 54 65 63 16 0 0 76 126 107 48 93 170 21 10 102 0 154 0 32 0 27 22 149 24 16 0 35 45 38 22 57 45 64 40 15 58 56 87 21 223 101 46 82 58 56 65 99 0 0 0 35 78 32 15 0 21 25 110 51 40 93 25 24 79 53 84 0 149 35 81 58
5 40 110 20 125 170 105 22 71 16 93 160 68 56 73 0 35 85 37 66 36 21 168 48 72 83 45 137 17 9 56 84 70 56 28 89 2 107 81 122 91 77 85 64 51 77 30 107 43 68 69 9 58 0 6 16 68 14 118 16 0 68 40 20 83 70 118 44 35 72 54 18 18 0 80 29 4 30 61 128 40 0 108 0 56 64 0 27 75 82 112 36 46 86 12 107 0 96 27 80 33 30 14 27 24 0 44 88 75 48 15 133 4 60 5 0 107 39 108 28 40 29 0 70 14 24 25 0 72 69 107 36 37 82 26 60 35 49 42 3 182 123 41 65 54 73 36 63 27 0 9 42 2 129 30 77 95 99 158 15 32 122 158 9 50 32 22 72 59 105 82 35 97 27 60 56 75 105 93 75 3 27 14 75 146 56 96 152 37 49 87 50 38 27 18 55 52 37 36 36 42 11 80 45 24 106 89 18 43 92 82 42 28 31 24 21 114 0 66 18 0 16 97 180 88 16 97 164 119 83 43 80 7 36 12 83 32 63 58 68 37 51 49 20 22 61 30 48 24 30 50 11 9 82 87 82
97 67 66 52 74 98 81 28 42 91 28 72 4 93 38 88 59 31 146 130 33 30 107 45 125 0 79 138 56 7 71 146 30 69 0 152 47 52 2 182 41 99 76 44 73 59 82 63 102 54 174 18 24 40 97 46 118 57 136 129 7 0 18 127 104 31 49 27 18 114 18 107 18 0 74 45 0 63 93 40 4 17 136 83 38 81 16 24 36 42 42 95 19 71 56 47 5 68 35 117 28 12 138 126 94 54 0 50 86 150 12 166 35 9 16 14 42 32 45 62 68 15 49 69 90 221 0 73 39 24 30 98 51 14 7 83 16 25 28 8 56 78 145 111 49 20 20 15 56 7 75 63 261 81 22 83 162 65 7 94 90 28 65 54 91 30 62 96 54 12 0 64 114 28 30 5 142 82 51 42 16 56 64 122 38 85 103 270 70 31 0 67 71 114 182 84 59 95 90 28 59 83 14 68 56 50 30 77 88 30 72 45 9 85 0 32 78 0 9 46 72 83 263 35 132 0 89 43 64 64 24 122 15 22 87 56 2 115 24 128 150 32 91 202 57 51 178 0 120 6 51 132 156 142 52 146
47 10 21 0 13 116 23 37 15 48 105 75 117 0 0 45 101 92 0 56 95 72 92 58 60 24 40 134 81 5 80 15 94 40 51 224 0 48 54 86 64 22 46 102 18 120 21 32 36 74 143 14 0 33 20 12 125 45 134 15 83 10 12 0 61 73 9 67 0 84 8 35 76 63 36 66 57 0 54 3 27 14 38 32 49 48 94 31 110 175 82 84 0 27 26 24 8 48 97 143 0 105 68 125 6 0 32 53 55 87 12 146 88 8 0 36 79 0 20 62 0 12 4 3 8 36 41 24 49 101 83 51 76 20 109 36 36 0 105 2 103 48 30 7 50 4 0 72 0 0 0 59 5 53 45 33 98 54 126 30 24 60 61 9 0 3 12 16 66 0 55 29 0 83 0 18 24 109 79 0 2 63 68 42 0 80 0 21 15 44 21 5 69 35 14 51 24 72 0 0 107 91 63 0 0 64 86 0 152 64 10 35 21 64 35 20 106 35 32 54 42 15 50 144 30 14 111 48 44 93 51 12 48 37 66 69 64 110 0 15 12 55 95 36 74 42 0 42 16 10 31 48 49 18 159 0
147 111 79 60 27 87 133 0 25 56 19 42 70 86 101 35 95 98 105 116 89 156 5 20 85 59 66 140 15 56 93 78 7 42 50 167 15 46 56 72 67 32 0 0 58 182 41 30 90 64 59 18 56 0 66 114 59 84 36 82 99 24 0 121 46 0 49 109 69 65 188 54 103 0 115 63 85 51 58 53 35 71 20 117 124 49 76 47 33 135 132 39 112 123 173 37 85 130 22 308 56 96 128 64 25 16 3 243 30 93 64 120 75 74 136 137 126 54 131 90 80 81 139 76 184 8 37 105 54 120 144 134 89 126 116 60 54 0 75 48 53 260 40 63 123 18 14 112 261 8 30 99 83 82 57 191 141 35 30 75 158 0 75 96 57 0 173 104 134 157 92 6 96 100 18 46 40 72 161 72 242 27 36 63 179 12 4 45 108 114 64 198 65 75 113 66 118 92 74 60 95 24 69 69 10 62 75 111 102 68 61 105 65 42 39 40 260 64 11 16 184 37 65 89 24 35 27 50 64 24 110 117 0 27 70 112 233 61 153 35 199 80 214 147 59 98 47 147 37 15 25 64 130 24 163 229
9 21 0 36 0 51 24 24 53 46 71 144 54 125 108 78 0 50 52 118 74 75 0 16 115 12 39 90 0 64 1 50 90 43 158 18 2 12 68 39 157 49 8 102 8 161 100 72 54 24 49 0 45 0 51 53 9 12 50 6 16 33 42 12 24 12 61 81 34 0 125 0 0 40 133 58 3 16 35 18 19 0 29 24 68 45 48 51 0 40 162 94 62 171 0 121 16 70 109 32 5 36 28 82 0 36 81 80 104 27 66 32 8 6 15 24 80 56 24 49 81 97 60 135 91 6 45 93 0 24 54 54 53 94 14 16 61 0 21 0 232 0 0 134 51 82 0 44 50 1 74 110 44 20 46 257 88 6 41 46 45 45 108 36 18 35 46 67 6 84 107 55 4 58 76 46 12 4 73 28 15 63 0 46 32 107 8 130 48 18 8 101 112 0 63 39 14 105 0 36 28 56 40 3 70 82 22 76 65 45 45 63 40 47 0 68 50 15 0 0 85 0 131 34 61 16 72 28 23 48 16 107 29 34 39 154 54 0 35 18 88 52 108 14 0 40 90 151 110 12 36 31 112 98 120 98
25 226 43 16 136 104 145 28 82 20 124 95 53 54 182 24 57 0 37 2 72 110 106 92 102 119 90 46 40 55 73 66 119 107 0 150 0 52 98 92 111 209 116 77 128 62 53 119 108 116 116 41 36 27 0 56 56 119 89 107 5 21 161 91 56 30 65 16 7 0 157 18 99 71 91 111 82 207 88 23 0 135 167 106 20 98 34 0 45 154 78 194 54 128 110 104 81 38 21 6 119 102 32 83 112 162 64 82 26 24 63 110 81 32 143 116 81 113 146 92 130 44 24 88 14 29 39 36 93 108 216 23 105 116 0 90 76 0 0 3 56 72 143 39 50 49 69 129 0 58 68 65 38 46 60 54 300 63 40 91 0 157 124 70 14 49 111 116 29 75 42 125 62 258 105 96 59 131 56 153 14 149 36 50 20 56 42 76 90 118 45 156 72 169 145 73 144 37 26 82 5 65 8 211 8 129 48 93 8 38 26 117 20 53 84 73 21 206 45 36 8 69 63 143 69 49 45 92 119 121 45 56 49 137 56 86 74 0 14 72 36 16 137 66 105 66 0 16 93 89 62 97 111 58 76 186
0 40 9 0 12 0 0 89 33 19 35 63 117 22 50 8 42 81 30 0 2 70 48 16 14 28 16 86 10 40 72 56 9 70 9 53 9 50 68 50 20 88 36 16 0 0 18 46 16 99 97 36 6 16 0 75 39 107 152 190 20 6 53 29 8 0 14 32 3 45 49 18 140 66 32 120 140 24 77 3 31 80 30 9 6 84 18 42 19 15 28 75 56 40 3 23 63 16 46 81 203 59 72 68 8 5 48 90 2 40 71 32 70 66 59 124 0 155 51 95 70 54 0 0 108 50 41 59 30 0 114 35 6 42 63 94 125 16 128 18 5 12 116 45 36 0 33 35 32 26 45 10 64 17 44 51 109 0 3 9 69 66 0 7 32 0 34 81 30 0 83 12 94 68 34 71 3 46 48 36 4 36 10 6 24 58 89 14 32 56 4 74 81 7 29 67 67 3 0 8 53 30 9 60 40 36 16 168 148 0 69 36 6 0 0 110 101 51 9 54 21 60 146 49 43 14 18 58 72 71 56 25 9 0 19 98 33 83 64 194 24 21 115 102 114 6 2 35 146 6 90 84 35 14 1 82
34 91 167 4 0 18 120 36 73 169 49 113 32 116 141 21 162 70 42 44 79 151 0 36 14 183 0 40 18 0 110 90 0 0 70 136 88 6 60 72 20 24 3 48 0 0 82 152 76 34 93 18 152 57 36 56 66 85 5 133 141 20 108 118 143 0 12 27 45 32 116 72 55 0 21 45 31 112 0 105 15 0 9 57 127 9 48 82 0 139 103 43 48 46 172 5 103 122 233 6 12 54 100 143 51 99 15 94 0 101 72 72 9 117 107 175 93 136 45 117 71 3 71 24 25 12 39 39 173 0 117 96 150 31 97 46 0 21 57 133 0 90 52 57 99 88 74 66 114 0 12 0 86 86 110 39 133 161 10 80 59 0 92 105 35 30 18 128 24 69 123 2 0 24 85 20 24 111 105 40 160 88 10 0 132 48 16 56 103 4 51 73 30 83 45 17 142 110 0 136 44 18 6 45 40 72 18 85 28 45 93 198 192 143 29 33 21 5 81 20 80 11 5 31 6 133 73 25 54 0 0 48 0 21 64 57 162 1 9 27 125 119 45 87 45 99 144 61 6 99 216 62 0 78 45 156
0 78 171 0 92 25 85 29 80 32 63 96 13 118 164 59 29 115 94 40 53 142 24 112 156 121 44 162 38 29 60 72 100 36 100 43 71 230 91 6 6 214 4 121 0 88 63 47 8 83 47 0 48 62 88 112 27 93 136 68 94 106 7 0 65 6 72 170 30 14 89 134 61 46 182 13 0 55 0 45 72 66 0 86 46 42 104 69 1 105 94 41 48 192 86 109 47 37 63 82 144 68 54 144 130 150 1 14 48 3 59 11 91 61 86 121 71 117 56 107 0 95 3 70 28 7 100 12 111 3 24 63 244 85 165 61 68 6 84 46 0 56 0 45 38 69 78 61 74 80 57 69 0 46 89 204 162 52 74 65 102 134 48 0 52 91 29 169 3 30 100 71 30 89 100 83 101 130 49 0 9 86 13 44 63 75 36 99 42 25 68 17 115 110 16 75 18 160 25 15 100 100 0 12 78 7 27 182 76 24 7 3 133 100 10 153 165 53 64 34 88 21 129 70 207 0 60 65 63 0 67 55 41 30 148 118 55 16 15 120 73 16 116 146 0 33 154 173 50 39 97 8 66 32 68 165
21 0 78 61 56 93 80 84 142 62 83 76 27 119 100 147 45 28 18 112 34 51 99 5 64 89 87 108 0 0 112 150 106 24 163 12 20 0 64 70 28 73 0 104 91 0 51 55 48 25 98 30 166 40 75 46 68 98 178 59 73 52 51 5 41 84 50 45 8 36 62 38 16 87 56 24 30 124 204 165 29 70 62 88 36 6 0 0 94 0 27 0 24 6 80 144 48 0 106 100 11 98 37 23 12 179 69 105 98 94 0 29 48 42 0 25 43 120 109 56 125 64 29 71 151 126 7 0 46 143 40 137 194 34 20 30 38 16 75 43 56 124 32 96 47 43 54 57 33 76 172 102 108 42 6 90 157 72 112 190 135 89 77 6 56 67 38 13 133 44 72 78 57 72 20 108 0 256 71 51 39 0 40 24 203 43 0 284 78 87 118 6 56 48 75 63 42 104 21 57 32 126 6 8 20 110 29 69 115 24 57 93 20 76 43 45 174 6 56 68 16 0 104 98 38 109 80 133 42 144 0 121 64 25 81 87 3 0 22 55 64 7 140 83 113 128 87 91 173 15 0 64 96 126 191 0
0 79 34 23 6 142 87 32 33 21 96 54 46 70 23 9 90 3 37 21 80 211 0 18 28 76 38 33 70 0 136 108 68 38 35 2 61 45 37 24 37 38 31 11 50 5 26 45 0 26 0 9 81 15 54 104 72 20 169 120 10 0 0 121 55 0 46 53 6 42 97 22 44 0 76 77 30 0 179 128 9 9 31 45 100 81 70 53 151 0 39 30 0 136 7 0 22 29 3 152 19 204 135 97 0 58 0 76 86 35 36 0 100 16 0 103 2 106 27 2 35 69 34 9 48 25 32 63 24 14 27 134 18 26 114 67 27 76 27 25 45 42 110 72 21 28 27 1 54 0 88 33 54 19 6 63 68 54 115 165 54 15 1 4 0 10 59 12 12 18 56 18 62 83 37 70 32 92 61 24 0 0 105 31 54 202 0 103 18 0 137 128 79 0 67 48 8 22 9 18 42 13 4 12 0 3 19 84 73 0 0 36 24 52 19 25 114 27 28 0 14 12 30 14 58 0 31 133 34 0 106 39 89 37 0 54 18 15 112 138 56 42 45 27 158 61 57 49 18 0 0 76 151 62 240 18
57 105 115 28 169 76 0 30 15 56 60 109 251 63 59 29 125 101 91 54 0 150 53 30 81 9 141 77 80 85 185 54 68 44 9 306 95 135 60 49 70 0 52 222 159 178 65 120 54 69 146 109 20 25 48 9 9 21 86 84 42 66 49 54 72 28 21 26 116 65 149 73 65 92 20 68 47 86 81 25 155 56 45 43 72 114 66 59 166 170 0 187 12 45 156 153 123 236 60 208 96 219 68 29 42 64 28 114 18 97 85 203 126 279 41 84 80 234 169 151 12 60 54 144 16 89 142 101 36 36 110 60 21 126 71 177 37 64 99 166 75 150 25 4 118 57 84 204 150 81 44 135 16 58 146 179 185 3 48 81 163 79 75 8 48 21 148 81 128 115 116 93 144 141 75 78 84 39 111 52 156 21 51 26 116 41 142 57 103 105 63 200 84 129 56 52 66 63 48 28 0 79 72 24 0 133 99 201 186 77 35 39 43 36 36 42 137 78 17 0 88 149 112 164 108 21 107 95 28 111 137 198 53 33 12 85 200 35 84 32 140 144 328 48 56 51 47 123 0 39 111 89 164 8 45 111
61 63 52 50 60 90 155 114 54 32 191 56 62 7 39 37 132 70 0 63 106 145 107 248 155 102 1 151 0 74 32 3 130 81 61 8 43 74 150 32 51 0 29 185 20 233 83 72 32 35 42 67 206 62 28 48 56 53 48 30 116 38 41 105 58 52 0 111 14 24 89 27 66 19 95 29 20 55 62 41 72 60 49 128 0 133 33 102 42 157 75 83 45 28 96 122 79 72 0 69 152 54 127 164 104 4 67 70 96 69 131 39 32 47 72 81 81 0 214 120 7 0 68 61 36 194 83 214 45 42 48 0 146 115 0 112 128 0 72 96 96 51 113 96 72 25 60 69 90 48 119 71 63 25 35 244 86 84 9 107 37 227 118 45 80 133 173 106 8 24 148 66 63 96 73 133 76 171 44 82 48 106 18 69 72 63 38 106 148 139 68 21 99 40 33 109 158 72 24 71 175 50 8 36 72 45 64 47 72 116 0 132 50 107 98 72 66 70 50 48 113 56 0 101 142 59 96 65 24 160 78 122 9 138 140 112 75 56 30 0 12 52 103 102 40 65 143 73 75 31 18 89 139 136 216 52
3 123 187 10 86 12 198 24 10 22 36 54 0 138 90 82 49 135 63 48 44 68 57 28 0 20 0 84 10 62 36 231 87 34 48 54 72 63 66 98 50 143 16 114 23 18 108 70 0 64 12 42 26 16 33 21 6 89 95 48 4 66 21 54 96 4 14 27 0 12 193 111 56 66 125 0 4 3 48 41 106 32 78 40 90 0 194 44 84 68 81 27 12 75 91 78 60 14 42 35 98 53 48 57 10 128 21 41 46 116 58 0 21 115 40 100 3 32 10 67 18 26 3 55 65 4 54 42 226 0 66 49 90 124 83 36 40 81 57 8 8 41 54 73 25 22 63 121 3 65 108 45 120 18 24 124 62 3 89 51 96 16 40 23 93 71 104 3 70 0 8 64 12 156 45 144 60 116 81 0 25 34 90 68 186 2 0 23 4 132 91 16 47 34 92 126 0 0 83 27 166 3 6 63 0 124 53 131 34 14 63 78 36 60 6 0 84 0 52 21 12 0 35 49 90 14 0 53 31 7 81 113 45 20 40 58 66 0 15 92 87 0 132 88 6 147 45 97 94 36 63 30 30 44 36 132
3 147 87 56 188 100 62 56 56 6 31 48 22 96 154 36 41 0 24 14 60 195 21 195 198 52 8 87 126 118 129 20 41 75 20 149 44 65 48 0 6 118 93 100 8 0 18 105 120 112 168 4 54 84 117 51 7 92 124 132 218 8 12 140 78 0 20 139 0 149 72 40 51 34 103 64 21 59 141 34 84 12 66 79 28 82 0 23 99 0 44 6 24 134 24 22 0 18 109 60 49 147 44 0 70 44 48 108 103 0 121 48 76 96 148 155 20 24 85 62 0 0 20 0 146 32 37 86 93 24 0 30 121 113 39 108 95 0 12 160 24 128 32 0 42 49 115 99 57 24 89 78 78 15 138 15 220 54 67 24 12 16 0 32 224 52 80 32 18 54 24 102 10 103 191 32 108 62 24 92 6 73 27 0 4 38 0 0 56 36 25 99 20 81 85 16 54 56 20 78 0 46 8 165 0 72 36 86 76 55 15 102 187 79 56 60 158 44 107 24 74 39 62 48 58 0 107 56 89 124 68 110 40 95 4 57 109 54 38 75 171 140 24 37 22 54 57 128 3 14 28 76 28 60 20 104
46 75 67 24 90 18 183 55 51 103 59 72 151 107 80 5 90 47 1 40 109 62 133 72 122 40 42 0 0 107 0 54 62 120 135 56 49 96 5 80 41 0 118 126 4 165 13 88 72 23 40 45 56 10 92 161 16 56 192 234 113 0 67 104 134 7 4 101 3 72 46 53 233 10 19 0 107 46 95 92 6 0 10 14 88 63 179 9 49 4 24 34 14 0 24 20 29 74 84 21 45 87 75 160 72 0 12 60 51 64 40 93 75 72 0 84 24 145 81 112 62 0 80 0 118 184 24 152 101 9 42 5 65 5 55 176 35 9 91 6 40 144 144 144 88 3 6 163 14 122 27 8 119 137 30 114 150 64 80 8 79 70 139 0 10 0 86 30 30 73 63 92 22 8 62 48 0 136 77 64 36 78 43 9 72 28 3 88 64 60 88 68 35 84 30 0 118 54 8 34 70 141 0 17 104 55 42 99 78 81 72 63 49 60 6 38 201 0 51 117 119 18 108 64 45 102 122 194 65 118 3 8 47 28 60 18 56 12 46 64 45 25 86 61 0 89 107 16 0 18 0 34 83 112 121 57
42 20 163 60 96 45 54 0 81 67 35 10 61 48 44 20 72 25 8 132 0 14 0 0 139 0 0 0 16 0 40 150 49 41 5 74 131 152 40 18 42 94 42 4 18 96 100 43 54 43 89 71 18 6 28 0 7 3 0 28 54 47 48 145 0 0 32 44 0 67 8 72 70 48 117 138 53 36 33 73 8 15 0 7 68 72 56 24 53 40 20 50 121 102 72 64 27 4 75 76 16 54 42 151 19 0 25 107 29 86 58 56 14 70 14 51 74 32 89 22 31 10 147 40 95 109 0 37 0 27 60 7 106 22 95 0 50 0 22 0 72 116 23 54 81 72 75 75 36 0 61 25 42 0 48 168 118 22 0 0 101 79 74 0 4 56 111 57 57 85 0 0 22 0 58 56 24 175 58 126 81 12 30 0 36 8 56 104 0 6 32 84 74 0 24 18 105 80 7 12 4 87 64 44 64 0 45 155 33 0 10 24 2 101 37 12 135 18 34 8 0 33 165 40 54 0 4 104 42 85 0 42 0 32 64 31 90 39 130 111 5 32 45 51 8 90 127 0 30 8 0 0 191 67 64 51
28 24 1 51 117 3 102 16 111 107 99 26 38 6 69 38 45 96 25 46 104 206 30 79 62 36 21 72 126 57 2 4 84 19 165 29 0 165 8 42 63 69 108 144 62 97 45 27 16 65 25 0 94 78 8 72 0 59 24 28 9 62 36 100 37 127 31 89 54 83 9 1 99 25 150 29 90 148 134 5 72 51 75 9 100 33 76 66 64 82 65 172 0 82 12 36 0 63 40 41 107 122 18 173 95 50 100 132 64 0 104 20 24 29 27 27 73 33 37 6 1 0 89 19 76 0 96 122 109 15 99 39 86 0 66 52 81 63 36 48 16 42 63 50 0 24 2 172 171 207 78 56 65 13 53 46 122 84 0 0 44 67 7 8 0 24 8 41 98 76 27 3 0 33 56 6 21 42 86 0 135 4 27 53 56 26 45 35 77 97 40 92 9 153 155 39 3 36 81 56 88 32 72 36 0 71 3 7 54 112 8 73 98 36 42 0 81 20 14 0 99 81 54 101 51 117 0 122 90 116 27 189 67 28 7 16 34 5 0 30 9 15 18 0 80 56 0 0 7 105 102 88 135 66 46 4
33 63 77 50 1 66 60 7 111 24 68 60 24 45 13 0 6 4 66 24 78 39 46 86 0 51 36 46 73 69 81 0 68 77 163 0 30 0 28 0 0 5 4 75 1 6 2 20 0 49 86 0 6 12 16 82 18 0 75 12 97 0 24 95 90 81 42 32 0 73 96 0 65 0 38 0 104 87 0 36 0 39 55 75 96 27 62 40 21 6 35 64 128 35 68 12 21 48 51 32 0 114 0 45 144 114 50 58 20 0 12 24 114 21 89 93 36 46 54 55 138 0 64 0 78 12 33 48 28 72 129 18 24 0 36 100 21 87 18 0 6 111 72 117 96 12 0 12 124 99 25 0 0 28 0 18 77 0 45 0 0 18 60 14 25 0 54 30 18 0 6 45 0 48 35 68 54 54 42 54 156 48 161 81 59 74 0 42 2 18 0 49 36 61 0 54 81 0 0 0 16 8 30 69 0 6 36 80 18 57 8 48 11 60 1 0 102 40 6 0 38 41 4 0 18 63 48 91 27 84 32 87 45 63 36 139 36 63 0 39 61 48 55 24 72 51 43 0 0 0 27 0 5 12 39 120
84 86 25 92 56 281 107 69 63 9 16 18 4 68 165 136 41 18 20 14 175 81 41 173 112 61 42 63 21 112 84 0 0 95 48 152 8 75 0 21 26 14 22 84 18 20 20 79 108 36 132 8 31 13 84 12 80 58 88 78 162 10 20 109 62 0 0 56 8 72 191 0 91 5 12 81 23 72 70 24 0 125 52 63 11 99 30 6 74 153 96 0 0 20 200 21 31 0 28 104 83 0 18 43 221 82 104 131 6 104 40 16 8 0 0 73 82 40 158 0 49 51 0 0 134 63 55 26 114 67 14 19 191 54 48 68 94 46 18 97 0 49 91 10 63 87 72 72 0 56 0 168 117 49 43 41 114 68 16 299 22 11 5 64 0 0 64 64 75 0 86 85 0 117 132 148 32 147 0 62 20 61 51 0 35 37 0 18 97 46 0 33 97 8 51 135 40 10 39 0 137 76 34 70 0 20 0 98 52 69 27 101 83 58 54 76 99 0 37 28 8 73 48 79 67 78 174 32 12 174 45 32 20 0 92 32 16 72 0 15 57 72 11 64 81 22 119 104 93 48 4 78 15 107 4 95
34 47 123 48 40 223 45 84 36 30 118 48 124 45 235 43 127 40 87 54 103 42 111 91 51 4 46 122 49 52 137 14 0 33 59 69 87 61 72 55 18 89 171 118 36 18 46 46 81 92 80 52 72 4 21 105 0 135 0 54 113 84 87 4 48 0 57 89 48 117 88 29 141 0 137 21 37 36 139 68 9 34 64 54 62 23 35 38 72 95 28 12 91 121 52 98 48 39 91 86 55 81 134 136 119 48 27 139 70 36 60 93 0 72 45 45 101 150 65 60 63 30 8 67 42 81 46 58 82 0 87 99 63 27 3 38 32 0 51 47 56 66 103 223 27 73 0 113 45 18 115 119 0 11 50 88 183 31 6 113 70 39 87 0 12 88 98 59 67 79 63 18 96 101 47 76 48 110 24 54 39 164 15 98 48 48 109 15 81 2 94 12 21 82 96 60 63 44 89 0 74 56 119 72 0 0 157 101 56 73 67 144 61 162 74 80 90 0 75 0 0 70 62 128 29 33 35 24 61 106 35 168 85 11 58 40 126 118 5 75 12 130 117 5 42 54 200 146 99 5 53 78 168 81 34 189
111 77 142 0 34 131 156 128 140 0 76 81 67 34 60 12 188 56 8 73 6 72 79 18 65 7 10 121 57 12 164 42 204 20 67 4 138 74 64 15 16 48 6 148 25 45 116 44 24 12 94 0 93 0 50 124 46 8 0 82 54 56 25 36 103 38 48 52 83 28 36 42 40 41 66 88 32 156 0 113 0 93 0 30 103 90 57 102 117 0 22 17 81 82 99 127 0 34 15 77 28 66 41 0 149 121 44 104 27 57 31 142 56 100 33 24 123 91 175 6 113 98 40 7 20 129 48 28 200 149 112 0 208 13 54 52 35 49 20 0 68 117 29 83 149 93 0 15 56 56 22 57 13 149 21 127 116 36 25 68 36 35 106 54 53 91 27 121 80 65 144 117 14 0 36 0 2 81 9 95 42 30 6 30 52 144 48 144 7 42 46 28 27 15 54 72 66 66 2 145 17 83 101 7 0 63 100 63 97 78 30 83 52 92 64 0 95 19 24 85 50 4 119 162 0 0 20 90 40 50 35 30 20 24 62 56 115 69 95 56 16 87 73 35 54 93 96 15 12 2 0 0 215 0 97 79
32 44 107 36 17 0 98 20 10 10 53 158 99 64 47 0 146 51 0 28 0 27 36 66 16 50 12 116 28 45 47 30 57 9 0 110 49 73 0 48 64 24 68 63 70 6 48 28 24 175 72 94 12 30 74 3 64 56 166 143 0 33 107 0 52 18 49 28 86 87 106 55 125 64 63 81 12 35 22 161 74 25 104 65 83 57 0 21 35 30 72 84 0 54 48 31 18 35 0 95 45 33 23 109 78 78 28 27 24 27 44 12 0 41 61 22 72 160 73 32 8 25 81 18 58 27 25 42 114 29 18 87 72 36 193 72 9 30 147 48 5 66 72 28 44 36 52 64 77 41 36 0 4 102 87 7 86 0 102 31 36 36 15 0 155 86 48 30 14 70 0 54 120 54 16 21 72 80 18 72 78 54 0 59 16 70 0 48 67 28 54 13 95 168 32 25 74 0 12 2 0 72 0 75 72 28 27 48 92 72 19 42 118 81 39 42 108 111 59 0 76 159 88 47 36 0 142 47 24 49 0 51 24 0 6 35 80 167 29 21 60 0 12 72 137 118 24 64 59 35 123 36 116 19 117 88
133 48 23 98 5 159 54 165 64 35 169 143 38 128 77 103 90 0 113 219 24 12 43 50 117 29 69 110 38 36 117 64 107 172 146 72 26 117 81 85 169 122 63 123 0 65 77 85 14 62 88 51 118 59 39 7 42 107 83 62 59 60 68 84 66 0 22 176 32 6 153 13 72 72 92 5 77 190 196 15 6 76 148 114 61 169 15 18 145 6 85 81 32 177 134 86 69 63 144 75 0 38 4 311 13 221 91 116 32 52 122 66 18 105 30 130 81 108 146 80 121 99 73 64 163 104 1 8 149 148 83 20 56 75 51 77 90 63 9 58 62 116 34 60 82 12 86 2 53 199 81 67 152 95 117 148 205 27 40 226 185 42 34 8 122 19 147 0 21 20 18 174 111 51 42 30 90 116 32 27 23 153 67 79 25 90 14 154 44 25 153 103 132 205 100 188 5 54 147 233 46 99 0 61 10 95 49 91 171 8 25 130 76 68 31 0 38 26 141 94 133 109 114 110 126 0 147 78 127 118 15 43 71 118 82 120 67 117 10 24 89 5 72 102 165 119 103 114 83 10 44 211 96 28 52 180
26 109 34 2 30 30 68 2 76 71 113 113 92 19 106 6 48 0 0 0 3 16 22 19 44 36 149 48 14 168 65 87 116 126 34 69 109 46 121 63 55 59 19 55 90 133 34 55 40 99 129 0 0 41 54 52 2 44 120 109 68 38 63 8 8 36 34 47 0 30 213 5 122 18 5 74 9 126 37 73 0 0 101 35 16 110 10 32 71 40 88 130 13 56 232 25 48 137 0 109 37 88 33 151 74 59 96 180 0 0 175 63 37 180 62 65 86 194 46 40 135 28 139 141 15 20 95 162 114 101 108 80 43 74 54 10 73 72 36 8 90 103 32 39 24 21 81 68 100 0 137 87 144 121 59 115 184 56 0 55 104 36 85 117 128 13 100 47 0 42 40 62 110 23 27 34 42 80 60 12 44 0 18 63 117 20 55 86 121 120 0 202 28 37 51 27 123 63 53 223 56 7 42 82 8 188 0 76 53 33 17 126 36 19 26 80 81 57 89 2 54 4 5 68 41 132 81 61 182 44 54 0 44 76 30 56 70 0 38 0 137 133 98 80 20 114 21 0 18 18 72 96 146 116 131 36
28 80 6 126 95 0 82 24 6 19 54 152 6 65 70 65 10 55 73 57 112 174 131 40 206 9 79 16 41 76 58 24 41 123 4 49 0 198 66 58 109 97 64 140 28 128 82 63 36 0 58 0 91 138 76 56 33 54 16 56 75 27 113 80 36 49 21 118 92 68 203 36 35 43 167 12 38 66 104 15 72 18 126 71 98 138 43 37 42 153 134 229 96 250 179 96 21 89 124 24 12 42 49 70 72 70 69 230 77 14 69 42 40 40 94 66 0 172 68 30 106 18 102 174 17 50 55 59 71 0 121 91 40 103 49 44 60 10 25 77 156 86 16 21 55 59 73 31 50 72 69 56 152 56 98 134 64 131 36 65 69 27 119 68 62 113 24 85 12 84 19 77 15 75 63 10 27 87 158 35 12 51 54 71 40 44 22 0 58 39 74 141 28 134 0 117 151 22 26 88 91 143 105 20 36 26 24 6 68 64 52 148 93 23 15 52 129 33 26 60 54 135 113 23 36 0 158 147 109 42 14 129 38 152 24 128 73 86 36 26 48 0 49 53 14 41 36 30 32 8 113 68 112 115 136 101
16 0 46 16 12 2 108 2 2 6 0 35 36 24 20 0 16 72 87 94 130 55 66 10 113 40 21 7 46 8 0 68 30 87 36 96 32 92 55 24 54 59 73 48 90 18 30 123 64 47 22 0 63 97 8 0 0 0 36 22 24 0 36 48 74 28 15 35 24 8 66 0 22 20 147 32 20 0 27 20 4 84 88 35 88 0 70 4 1 24 80 28 0 36 57 23 6 12 107 40 0 0 22 72 88 0 18 42 28 31 24 12 32 0 105 8 32 28 95 50 26 0 80 0 49 0 56 23 77 12 63 5 13 113 40 26 77 2 66 84 45 136 5 45 120 82 0 30 0 32 0 107 16 19 40 20 15 39 24 18 0 16 24 36 0 8 22 22 34 70 6 84 73 47 36 21 90 4 108 80 37 5 7 9 48 91 1 43 0 24 50 9 74 118 16 98 61 35 53 48 109 54 0 47 0 70 40 13 0 56 2 7 116 31 44 32 32 44 50 0 138 4 94 86 45 14 166 0 62 8 24 42 0 8 38 17 110 6 32 28 28 7 54 25 0 36 78 0 48 4 26 31 56 24 28 57
0 42 2 90 18 135 85 55 102 57 162 142 18 5 16 0 157 83 77 68 14 62 33 68 26 79 0 0 60 33 40 38 72 36 54 126 24 42 20 183 71 0 25 51 28 18 26 9 0 155 49 42 120 83 0 35 0 166 178 162 0 7 16 115 3 54 40 45 7 0 36 0 8 2 159 7 0 128 83 52 4 114 39 47 85 82 36 35 56 36 114 84 32 95 56 125 45 56 66 129 144 64 34 199 55 104 27 22 81 89 74 20 102 15 2 51 0 57 65 2 36 33 76 81 107 38 8 40 173 56 64 68 151 8 20 165 0 55 15 18 64 232 88 77 49 66 0 8 98 27 25 89 176 63 99 72 96 50 138 92 0 2 50 0 8 20 36 14 21 104 63 42 98 33 87 93 78 32 188 63 57 142 76 30 114 31 20 33 0 44 164 75 152 48 135 55 45 27 88 8 104 7 8 56 0 16 137 138 139 22 56 122 52 62 30 0 219 39 48 0 149 54 13 157 101 96 96 147 106 54 108 77 19 50 37 0 112 6 48 116 52 62 41 103 132 57 41 49 72 43 107 201 79 214 75 41
30 52 56 1 72 89 18 10 28 26 121 115 106 32 45 0 40 0 59 7 13 111 0 56 53 48 72 0 30 33 42 21 48 4 49 118 92 153 0 6 71 67 111 38 8 9 89 43 36 73 56 39 0 12 0 0 1 198 12 116 0 18 69 54 56 24 28 79 0 53 12 11 70 36 42 171 12 40 153 52 48 0 55 70 54 110 12 27 15 35 60 1 101 87 47 97 4 0 27 129 58 18 0 71 30 36 52 171 96 30 60 65 5 58 58 42 16 45 19 84 42 14 87 17 86 73 0 50 49 28 94 7 110 66 72 27 24 0 0 0 13 30 102 14 124 138 180 142 46 36 56 78 0 14 60 76 175 56 45 9 18 81 17 36 0 35 70 54 111 36 49 6 48 31 34 30 39 55 37 6 0 79 0 25 92 13 56 63 98 54 87 39 93 98 164 0 66 15 54 10 45 0 0 110 0 82 17 49 83 45 98 24 47 23 0 22 23 109 67 28 36 23 5 8 56 0 13 0 80 146 14 59 0 29 56 90 61 35 146 37 1 10 161 0 108 24 94 11 67 30 0 16 145 72 42 0
18 23 141 30 20 9 0 13 4 0 41 54 51 155 102 6 105 32 94 35 20 106 109 94 65 16 34 144 0 35 40 51 34 70 58 12 61 99 12 64 18 67 51 52 18 93 34 28 0 27 64 0 9 22 22 130 16 17 67 47 143 87 0 0 25 0 49 93 27 14 47 18 63 48 37 76 45 39 0 14 22 10 25 10 30 31 54 66 16 35 70 29 47 114 5 40 14 52 27 20 0 54 1 51 36 96 0 34 2 18 20 85 32 82 3 35 6 86 16 19 56 9 2 14 42 122 0 111 96 28 68 25 107 7 36 44 42 24 17 0 0 72 194 16 17 77 48 2 8 36 28 8 28 25 40 0 37 16 41 67 0 17 90 2 73 165 81 56 18 18 40 65 36 54 5 8 82 145 10 0 0 72 24 4 39 64 63 40 99 0 35 40 29 27 90 4 24 62 0 9 78 209 0 6 89 0 2 75 33 95 35 105 100 154 0 42 96 74 28 25 69 18 85 120 80 19 24 0 35 24 63 66 108 61 54 8 131 11 59 136 56 53 89 94 13 42 50 40 9 0 0 18 220 56 44 100
123 105 0 176 81 180 34 121 90 45 63 159 21 22 20 14 12 53 62 119 134 28 30 27 94 130 0 32 131 72 174 63 142 103 14 51 25 30 79 108 62 60 52 98 35 153 56 15 71 27 42 33 24 143 32 86 92 0 181 84 8 12 63 179 83 35 71 13 120 0 224 0 181 86 102 88 39 213 18 70 77 42 123 63 100 137 41 133 49 7 267 157 88 229 170 96 31 0 123 109 14 79 12 154 70 139 84 162 52 63 4 44 36 51 114 20 117 299 4 59 78 12 83 138 92 135 22 52 83 122 156 133 11 42 297 29 79 118 135 89 147 234 105 130 69 59 38 91 18 71 63 31 90 176 24 100 126 26 106 41 46 31 179 26 205 144 51 27 36 5 121 89 52 74 32 4 12 0 116 54 0 92 186 209 23 111 21 193 53 58 72 112 145 72 121 141 113 191 42 102 113 132 10 199 199 184 0 109 137 112 28 21 80 74 131 186 313 56 10 21 72 85 218 137 0 0 80 117 73 46 162 61 14 84 30 0 140 24 28 155 0 133 111 91 56 127 74 120 42 63 35 172 111 76 226 64
90 75 95 81 141 63 0 45 45 74 79 57 28 7 72 109 79 54 26 69 124 162 126 35 168 9 110 102 50 72 22 0 121 78 34 161 14 143 42 9 28 0 0 145 0 129 8 81 18 0 0 0 115 120 0 169 9 128 63 7 56 0 32 64 82 18 0 88 72 0 34 36 27 72 34 49 6 40 34 0 68 30 15 56 23 12 34 24 99 56 37 10 41 75 121 0 0 16 2 83 28 210 71 42 88 81 27 155 126 28 103 118 102 42 0 71 90 155 7 14 18 99 5 116 5 146 0 49 0 45 42 108 107 42 72 49 35 0 56 0 126 36 24 45 32 89 136 124 15 0 33 36 4 29 14 91 111 0 61 118 49 113 5 2 97 88 108 235 109 28 70 90 18 9 85 162 39 25 0 0 6 25 0 35 18 38 44 72 22 120 0 146 18 36 9 184 56 96 21 99 86 234 27 0 41 108 0 14 0 36 0 22 91 154 93 60 108 56 18 0 204 52 54 99 3 0 0 0 50 56 104 36 115 109 44 64 164 87 17 72 84 18 107 23 20 146 63 63 45 24 81 63 325 165 119 7
114 107 83 16 134 106 72 77 130 135 93 96 66 8 70 18 33 17 56 67 21 6 39 49 54 165 115 135 65 137 39 96 152 32 16 56 21 83 45 68 88 0 103 33 5 118 66 124 69 97 28 23 15 21 0 35 63 21 163 56 107 31 2 36 66 0 14 79 46 94 76 40 79 3 7 28 88 33 75 28 111 63 83 71 8 42 12 11 39 104 22 72 0 77 163 26 47 65 50 5 6 95 24 139 94 16 8 18 22 42 128 81 45 48 48 120 102 115 61 99 26 34 83 9 72 35 80 88 37 25 75 73 82 18 32 47 64 0 77 47 92 100 88 102 52 111 109 56 3 8 0 16 86 69 92 76 215 63 74 63 115 26 162 21 128 32 180 110 12 27 17 21 12 85 27 40 33 97 25 39 77 61 51 31 78 16 80 80 23 24 20 101 44 54 1 69 235 83 0 72 80 32 0 51 40 147 74 106 8 75 16 64 16 137 3 91 25 0 85 28 93 64 47 19 0 116 56 99 132 14 127 33 44 1 123 95 189 144 51 39 60 51 63 64 64 32 0 35 50 48 57 7 65 104 52 93
71 112 28 48 102 60 0 35 84 68 100 221 6 0 47 24 0 0 17 111 48 82 49 90 81 186 129 8 102 12 108 6 107 18 126 63 48 69 160 85 0 0 48 118 170 87 2 33 0 48 140 81 70 12 56 27 0 96 24 63 48 25 53 80 74 165 84 8 56 37 100 0 76 0 50 99 26 191 90 35 63 29 76 78 75 77 40 79 91 84 0 94 44 118 49 299 66 35 0 152 65 137 93 108 69 91 94 142 21 8 60 0 10 101 33 54 69 16 79 45 30 116 0 0 70 84 12 75 36 35 120 56 79 25 56 34 158 24 0 5 157 218 19 0 4 40 0 61 112 0 56 137 0 45 0 52 117 45 9 257 2 181 117 25 24 0 50 17 32 60 21 78 10 144 84 12 44 42 173 4 49 8 74 35 124 54 0 173 90 45 25 63 14 54 96 74 98 0 24 66 92 0 79 52 0 49 40 0 89 62 20 6 48 12 30 71 147 40 58 0 56 54 43 13 70 121 169 92 42 98 77 142 0 107 0 43 91 21 48 54 116 8 59 0 124 56 82 63 72 16 25 86 167 48 131 5
0 84 51 72 155 70 9 0 44 1 38 0 93 14 42 71 57 0 73 0 48 90 126 36 64 0 15 7 0 82 44 41 32 63 60 153 24 0 0 53 14 36 28 49 0 21 53 39 42 51 40 135 6 84 50 94 0 41 52 100 18 18 81 105 24 20 30 75 12 60 3 151 52 8 3 0 92 44 34 20 115 52 24 89 0 0 0 0 42 51 68 40 54 0 50 3 12 65 55 12 22 29 21 42 134 49 18 117 18 27 52 80 74 57 35 42 42 28 112 26 84 0 0 56 90 16 9 87 101 32 170 129 32 18 70 36 0 0 52 53 0 49 16 24 32 0 72 3 93 54 8 47 129 110 45 63 45 90 34 88 34 90 35 97 166 36 12 0 33 73 48 45 33 75 48 22 110 24 0 67 56 0 78 16 30 2 0 45 45 114 30 61 8 96 0 12 5 0 0 105 0 138 9 68 34 0 18 45 66 54 35 132 32 0 27 0 9 8 43 18 36 15 43 52 18 0 131 56 93 16 87 71 1 61 27 53 51 20 40 2 126 110 86 45 54 81 24 96 30 56 76 33 0 72 43 55
29 48 66 0 102 89 72 139 3 54 105 0 54 64 0 40 63 14 9 54 3 39 18 16 161 13 22 126 10 6 0 86 32 56 26 72 78 72 0 72 92 54 21 108 1 96 160 0 65 0 7 29 79 20 1 0 8 106 21 35 54 8 95 34 113 22 38 96 0 38 5 68 71 4 98 90 32 102 45 8 72 32 6 108 110 6 13 41 67 84 30 82 16 72 3 48 32 129 184 96 66 137 64 8 81 89 61 28 53 78 59 96 27 167 71 58 94 119 108 136 72 16 5 112 16 146 19 126 78 72 173 63 66 49 12 0 48 0 109 93 5 107 60 23 48 37 54 12 31 72 51 65 99 104 67 203 95 101 36 38 0 9 81 90 9 87 45 0 38 196 83 59 0 51 0 35 70 26 26 81 4 83 91 55 10 10 3 59 77 34 112 12 9 96 6 7 9 9 0 9 0 78 9 11 0 61 57 40 172 149 5 144 0 139 94 118 0 8 63 57 190 40 209 145 0 128 114 81 119 0 63 33 45 21 70 44 127 0 15 90 118 161 30 105 5 42 0 27 9 22 64 88 76 167 22 90
12 53 61 23 40 0 74 31 11 62 112 134 37 35 32 46 4 0 0 24 36 132 84 3 69 126 136 0 12 19 31 18 23 29 108 140 0 88 56 6 13 3 42 52 87 43 3 27 44 0 42 55 30 37 11 47 0 55 66 47 12 36 18 38 37 24 81 28 0 33 37 0 83 79 60 0 20 21 117 67 76 0 132 9 91 86 57 101 74 126 76 58 42 106 32 38 9 35 36 40 75 44 35 99 0 58 0 72 0 43 0 2 27 78 63 52 47 104 30 92 15 23 27 36 12 23 56 0 111 0 115 118 22 24 21 57 88 0 25 29 52 111 5 28 69 0 114 112 33 0 18 8 15 61 77 69 9 0 66 84 66 105 13 0 0 15 23 29 7 16 14 46 0 63 35 18 52 6 74 28 9 0 0 28 11 35 21 40 62 64 55 25 12 35 0 45 84 2 56 21 40 96 72 24 0 88 29 27 21 41 52 4 18 76 16 67 11 44 94 61 122 54 41 16 39 58 122 132 21 96 63 29 22 6 27 63 28 49 96 57 0 56 74 66 58 24 14 32 54 12 4 42 9 1 30 15
12 89 157 124 0 225 14 76 72 27 0 106 30 130 189 52 0 75 159 58 68 51 21 37 36 9 18 8 49 16 81 87 41 10 60 59 54 103 54 20 67 62 12 22 3 98 110 36 0 55 8 0 0 0 72 39 8 14 116 12 0 96 16 0 182 4 0 104 74 0 159 22 71 61 72 41 36 0 0 0 10 0 92 18 101 123 104 16 16 52 44 30 36 123 35 0 0 0 70 90 0 49 0 80 42 185 54 122 28 71 8 16 2 106 40 36 16 158 47 28 56 0 73 0 35 71 21 54 64 41 109 0 32 18 130 0 88 126 76 0 22 153 120 60 34 141 15 87 31 0 3 33 37 33 0 59 65 28 12 6 75 0 112 114 102 145 182 0 8 0 200 16 0 80 90 92 20 34 6 18 27 176 159 96 56 99 45 61 42 5 0 0 53 0 59 0 85 14 20 100 160 61 0 121 54 79 0 35 6 95 117 88 43 126 44 9 59 0 23 64 60 81 24 112 0 108 88 21 18 55 117 40 64 8 116 72 120 27 0 75 16 42 50 51 49 72 110 76 86 0 14 40 57 36 49 0
73 66 45 6 40 0 31 165 24 64 12 57 92 30 81 117 84 27 227 40 37 112 119 129 50 104 58 10 0 81 80 18 81 44 133 64 36 96 5 91 36 24 0 116 0 4 94 62 40 60 49 95 9 3 0 54 71 30 69 0 0 118 36 0 0 15 107 26 139 96 28 97 27 84 55 140 24 78 80 81 0 80 45 39 59 54 5 37 21 103 131 159 61 80 78 51 49 0 55 135 110 32 93 0 72 36 36 96 162 24 39 127 126 105 127 78 75 65 54 72 96 0 0 0 30 103 18 60 79 48 54 87 134 76 29 30 24 45 90 84 0 236 258 159 69 108 49 40 66 85 42 54 0 98 12 44 72 0 0 50 39 64 197 6 82 126 82 3 54 71 68 107 54 168 88 189 91 82 33 70 43 89 8 7 147 62 15 150 131 24 24 20 117 104 48 0 96 95 110 0 70 20 72 21 0 55 38 148 44 115 6 117 48 90 0 81 62 72 8 101 109 27 220 177 54 97 12 61 165 52 57 129 141 70 150 48 180 38 0 0 79 181 181 32 76 36 9 63 92 40 50 98 92 54 48 122
6 116 23 53 124 30 150 21 56 181 42 24 45 31 132 65 74 8 0 72 64 130 8 3 72 31 63 51 63 0 77 28 35 71 43 76 56 60 0 19 10 64 96 98 9 8 27 170 54 122 0 78 68 92 10 129 5 136 90 20 15 134 28 72 69 0 25 0 8 32 57 57 86 38 181 111 48 9 51 38 71 10 0 115 39 91 8 54 66 125 0 106 109 88 158 67 36 57 49 45 1 47 96 140 42 190 56 108 43 65 54 229 7 0 63 48 0 114 18 70 90 26 43 16 94 85 43 0 85 15 129 18 245 92 95 107 32 8 68 39 72 60 20 5 31 39 29 63 106 89 127 49 63 21 55 140 114 128 86 0 131 0 21 6 0 52 44 133 77 91 73 128 16 73 60 24 10 121 27 93 69 19 51 7 111 57 22 94 56 7 76 152 0 77 26 82 78 10 30 36 46 2 54 0 8 47 45 102 0 73 41 84 0 38 24 0 74 103 4 33 0 78 84 22 61 36 38 126 10 116 45 5 73 63 18 145 205 94 0 41 12 28 72 20 19 132 61 31 150 36 2 28 32 45 36 182
7 75 228 30 40 162 85 64 52 10 223 124 95 23 100 69 127 35 44 90 156 126 26 100 207 0 32 191 50 28 135 112 144 101 34 157 97 170 51 0 15 6 7 146 0 157 109 122 18 115 0 24 90 78 32 0 7 14 48 31 62 44 0 132 40 0 21 156 52 0 69 54 70 42 115 56 14 0 62 40 53 88 144 31 0 0 77 291 141 40 87 114 27 142 102 7 36 68 28 70 84 166 33 222 128 112 16 56 129 0 69 0 92 94 0 30 32 154 160 36 35 62 185 43 45 54 174 49 80 24 0 35 82 9 271 39 113 48 57 7 130 0 28 38 24 73 64 72 54 0 70 63 40 30 12 35 182 91 45 31 42 9 7 0 29 27 88 90 0 22 127 54 119 145 50 44 161 79 27 77 56 99 88 52 0 163 20 0 54 142 117 144 4 0 12 78 94 14 18 83 141 99 0 117 1 51 97 55 74 176 51 72 60 54 0 0 121 102 138 56 95 81 196 46 82 0 0 79 48 63 151 68 108 0 28 79 36 54 49 144 52 108 180 97 27 97 88 49 6 48 88 63 201 122 0 0
28 24 16 40 15 62 57 75 30 47 110 22 35 16 63 72 88 52 21 42 56 120 39 97 0 43 0 49 6 10 65 24 4 24 4 37 0 20 110 88 42 144 102 133 79 54 0 18 84 51 16 28 30 103 4 41 12 24 95 22 92 155 25 10 32 54 37 0 0 45 126 9 137 36 27 46 42 32 71 42 4 34 154 0 20 117 32 76 79 67 110 43 30 26 24 0 2 0 16 0 54 4 41 87 54 0 0 42 19 16 26 3 105 3 49 0 90 35 11 32 13 10 40 86 24 14 0 48 0 7 0 110 112 0 14 14 14 0 90 14 0 4 53 53 42 42 28 158 0 108 9 78 16 84 83 64 38 4 130 0 18 25 63 6 149 20 48 0 0 35 12 45 0 77 133 21 15 14 18 49 2 31 31 0 26 122 0 56 42 28 40 3 156 156 23 82 192 51 61 0 69 85 93 59 54 104 25 67 0 27 14 14 34 76 18 10 69 100 0 112 38 0 15 42 67 42 18 31 191 52 57 29 44 72 84 10 62 21 0 46 27 21 8 3 4 72 24 37 56 43 126 42 16 53 63 24
20 53 37 73 0 165 55 161 185 0 73 61 119 106 150 115 73 27 102 76 11 51 90 12 29 36 13 81 104 100 127 45 64 37 166 82 3 50 79 111 34 97 48 30 5 6 8 49 26 32 44 4 54 35 36 108 88 36 141 38 40 32 39 76 113 84 4 48 40 46 90 88 122 41 29 49 184 114 122 24 0 64 56 151 78 137 44 0 114 3 21 126 42 81 51 0 56 104 67 138 22 82 61 79 110 182 70 97 68 114 80 49 55 135 51 33 63 150 17 36 171 27 53 21 267 130 64 58 173 109 102 22 80 64 64 143 39 101 50 48 15 148 32 32 0 24 54 31 121 102 80 69 134 66 58 24 133 71 40 195 81 74 21 4 30 10 67 60 24 0 3 64 108 50 7 96 54 22 66 0 58 12 15 51 149 86 32 81 71 94 66 76 47 100 64 166 111 26 35 97 108 25 0 19 8 34 0 173 28 114 69 87 73 8 22 5 76 3 77 88 115 35 117 72 42 104 171 113 37 165 0 66 21 23 12 82 6 163 68 20 47 48 77 186 165 164 81 21 137 16 115 78 56 53 26 36
7 97 14 48 14 82 16 76 81 4 16 15 72 93 60 47 69 30 2 8 17 64 7 69 34 20 45 65 9 0 28 40 0 40 80 0 0 106 90 0 25 9 59 26 12 5 36 21 66 0 156 0 96 37 14 0 75 140 126 38 14 12 32 12 24 8 12 53 24 93 94 58 18 24 27 40 61 45 104 14 148 4 113 0 89 85 28 22 39 166 48 95 48 10 53 3 42 121 91 0 0 48 36 40 7 57 0 81 5 37 48 195 8 42 0 30 163 14 20 70 126 13 106 21 71 36 29 16 54 120 73 27 83 5 0 28 95 6 95 48 0 89 82 0 48 96 0 8 57 50 120 38 18 68 56 57 81 45 31 99 75 10 126 104 107 15 52 43 0 22 32 56 16 61 55 6 48 68 81 104 40 18 76 86 15 59 80 155 103 17 121 66 53 170 0 111 28 0 46 84 24 34 36 82 0 214 69 110 32 36 2 53 76 59 15 38 0 31 54 84 73 196 71 4 50 0 34 62 53 25 96 70 84 91 66 80 153 104 0 16 91 49 179 0 39 18 139 42 145 0 69 45 0 19 16 156
15 66 200 16 72 21 109 5 34 0 83 125 0 107 24 0 143 21 0 37 7 48 67 115 18 32 7 41 30 76 69 0 72 0 0 147 37 79 0 75 106 31 81 29 0 0 93 8 68 89 44 61 3 3 40 0 48 71 176 98 2 15 72 78 14 0 0 30 16 95 101 40 52 32 30 0 10 16 188 47 104 0 120 0 63 2 17 0 38 64 36 24 66 45 134 29 62 56 32 63 0 32 0 72 0 74 0 35 3 56 84 106 8 10 0 36 78 170 106 111 2 0 0 7 3 22 24 55 107 5 34 42 96 8 218 148 0 0 56 20 0 0 0 21 154 16 148 101 114 8 76 64 44 0 64 79 141 0 125 40 19 127 40 46 135 76 67 42 110 86 0 17 89 23 66 0 85 39 40 52 72 41 16 96 80 6 70 17 46 0 60 124 7 251 57 94 102 0 42 24 45 28 8 92 0 91 16 72 38 2 49 24 56 71 8 38 69 81 16 21 12 21 81 48 21 0 0 65 57 56 5 123 0 13 72 30 80 0 98 39 144 32 189 78 21 43 36 191 54 0 4 32 27 0 75 184
10 0 22 0 32 0 28 6 0 9 70 30 0 84 9 18 64 21 72 93 15 8 109 82 31 18 12 2 33 29 8 0 63 0 4 0 74 126 0 7 37 0 128 70 0 0 128 24 17 95 6 77 0 106 0 0 6 18 69 46 6 40 21 32 33 0 6 25 0 0 51 0 24 42 77 57 26 0 36 7 42 16 44 48 0 36 3 54 8 9 32 6 92 42 12 12 7 20 0 0 0 0 17 151 48 110 48 37 1 16 44 64 9 76 49 6 6 54 24 111 18 3 28 0 30 0 48 7 64 0 112 43 39 40 9 15 42 0 0 84 0 12 24 54 73 36 85 42 18 4 0 6 80 1 36 14 190 36 34 12 0 80 0 54 21 0 0 2 0 18 0 14 63 12 20 0 84 12 11 0 0 65 4 0 81 46 0 12 8 0 63 10 9 92 115 33 12 12 36 96 48 0 0 52 0 16 64 18 0 60 82 28 72 162 18 0 63 1 42 66 0 7 54 48 18 72 57 20 20 48 2 70 0 24 117 0 0 36 30 42 0 0 61 20 52 0 48 63 0 25 0 0 79 0 7 25
25 74 23 45 0 93 78 25 0 0 0 48 60 186 56 27 0 6 32 106 0 68 108 0 66 40 0 76 48 16 30 166 45 10 36 4 64 0 27 10 56 36 0 48 4 73 74 42 20 40 0 36 72 104 20 5 8 28 0 16 0 0 0 64 103 34 12 7 0 24 99 110 0 16 48 17 26 0 40 36 74 0 71 88 102 140 57 8 99 22 115 93 22 64 60 24 32 64 66 84 48 113 54 0 8 76 24 40 33 84 32 48 44 120 84 88 45 77 32 0 82 41 18 79 18 81 0 40 134 64 0 18 9 80 45 75 0 0 30 128 0 43 32 6 0 21 49 18 97 54 70 3 54 41 21 121 100 70 0 0 78 61 58 48 57 0 32 44 48 0 3 39 25 30 51 8 24 25 48 0 0 29 0 82 0 0 10 98 50 90 8 19 9 28 38 42 66 0 8 155 45 0 0 20 0 48 30 40 16 48 18 16 120 100 42 0 46 7 0 88 12 5 180 131 15 0 46 70 54 76 35 132 0 84 24 64 141 51 30 0 22 6 0 41 45 20 80 28 78 10 4 24 75 0 21 0
28 106 83 4 149 65 0 0 0 177 20 75 12 169 131 82 110 53 20 22 58 56 8 58 165 34 103 73 57 30 123 43 113 111 45 46 46 45 59 60 134 118 49 265 87 45 82 9 0 97 102 45 36 34 45 65 0 44 182 54 80 2 4 34 20 42 9 90 24 69 15 0 11 38 44 2 47 75 0 22 91 48 29 98 118 115 83 34 157 72 48 121 128 55 52 94 42 32 84 0 139 184 46 32 0 71 87 0 22 0 77 118 74 0 0 192 27 126 89 107 32 82 4 8 77 0 2 41 87 14 171 69 45 48 79 204 58 72 99 127 26 8 36 12 69 21 30 0 8 99 16 72 72 18 42 111 133 49 89 63 105 116 0 0 24 18 20 90 0 78 58 16 23 111 132 53 63 29 59 32 2 124 24 23 12 30 132 0 18 0 30 122 91 66 14 0 6 48 0 60 48 75 72 89 0 47 84 138 144 47 30 72 69 123 0 30 40 38 73 28 20 54 63 58 49 0 119 30 6 96 70 28 4 131 36 108 59 58 0 38 55 32 54 21 8 33 15 125 0 64 38 76 44 26 72 63
54 10 115 7 20 0 15 0 30 90 49 125 58 133 48 72 28 54 161 0 19 81 10 30 18 73 35 12 50 35 54 51 77 14 73 117 7 124 12 90 9 51 57 32 87 12 59 24 14 151 72 0 1 35 31 79 18 128 6 56 12 40 36 66 36 3 30 69 0 57 68 40 64 0 75 51 83 34 87 18 36 42 8 13 6 75 24 52 85 32 77 31 6 64 102 81 0 5 64 210 50 0 0 138 41 129 24 67 102 0 8 54 22 53 42 134 9 27 20 45 0 65 66 18 152 117 84 53 0 0 3 71 26 41 81 103 9 0 0 9 4 123 72 28 30 30 34 10 45 144 0 66 119 26 62 129 108 2 0 25 100 43 36 73 119 3 12 27 96 3 9 38 75 54 122 20 93 17 23 13 7 86 0 7 50 9 2 0 0 45 0 21 30 153 90 10 8 22 63 0 138 0 0 33 5 39 13 32 121 65 0 3 67 45 42 6 46 18 27 0 93 28 16 0 113 42 28 21 60 75 61 8 21 13 96 60 12 59 0 0 0 0 82 112 48 84 32 19 0 0 40 59 80 60 13 72
53 57 18 0 44 0 35 15 43 65 64 77 0 0 70 60 126 72 49 155 26 14 17 83 78 64 30 35 62 82 68 111 104 132 41 171 63 47 95 76 5 126 47 116 54 36 47 0 74 188 0 64 216 176 20 127 0 97 94 19 48 12 42 58 34 6 54 74 96 161 88 0 18 18 161 41 13 118 92 20 63 35 12 3 78 0 8 70 83 65 23 96 0 59 29 81 44 67 117 213 66 54 45 195 43 0 54 75 70 66 100 84 105 28 56 31 105 168 90 25 6 65 73 0 79 89 18 198 90 15 38 12 17 35 105 113 50 12 27 9 25 59 75 205 57 64 49 128 161 0 60 277 160 43 16 167 109 54 8 84 0 108 5 35 110 0 108 35 84 48 56 14 184 66 101 78 89 93 0 0 38 100 71 0 8 45 43 110 26 63 150 121 58 72 204 59 105 33 77 10 183 59 28 23 48 204 86 25 44 42 0 109 89 93 78 40 114 59 80 54 64 31 67 123 79 0 53 54 175 121 0 83 10 74 128 8 60 65 72 74 92 204 72 61 0 14 153 42 24 54 108 130 167 62 119 25
56 26 107 56 80 100 76 53 15 54 73 124 63 14 20 100 29 69 109 81 50 12 109 67 89 113 50 29 1 6 68 0 0 35 56 103 0 10 0 24 15 0 88 22 2 74 46 21 51 18 36 63 6 71 28 72 0 72 56 83 48 11 4 116 15 19 14 115 10 18 63 156 129 32 53 0 40 88 107 8 56 54 36 149 34 0 64 20 15 153 0 53 0 49 131 28 75 7 53 81 12 9 32 88 39 21 32 54 45 80 44 64 24 24 14 77 48 43 132 101 27 29 60 19 110 81 30 28 36 0 142 41 80 24 53 70 85 18 0 56 93 104 25 91 72 111 0 12 18 26 0 56 6 44 1 78 135 35 55 20 41 149 90 7 0 19 66 176 59 14 18 34 4 50 114 58 73 217 47 145 109 0 61 13 40 11 8 14 48 28 51 70 49 17 0 97 172 18 24 63 81 66 0 42 16 71 81 28 0 69 26 18 72 24 15 36 173 68 68 28 19 75 117 175 0 78 0 77 109 92 51 73 66 10 87 92 76 28 15 28 0 48 24 47 0 58 49 105 62 86 35 19 39 27 1 113
2 38 18 10 22 76 45 0 22 83 56 56 121 87 179 38 18 49 17 103 82 111 176 54 45 30 81 119 28 32 88 49 100 5 51 135 30 19 81 86 18 108 108 92 163 46 22 63 60 48 30 0 115 59 109 0 8 64 114 101 123 99 67 100 28 12 19 0 27 12 107 72 79 16 117 95 45 34 12 46 24 18 122 28 38 76 34 0 36 26 88 71 15 47 73 17 11 82 15 147 109 0 188 143 22 40 45 130 17 125 87 73 4 144 81 43 16 173 44 147 8 0 21 69 0 142 32 105 78 50 81 15 146 21 140 87 34 64 59 79 28 60 8 41 7 24 58 159 198 19 27 84 180 55 0 204 71 59 40 18 81 29 22 9 106 30 20 49 0 33 15 52 72 13 53 20 93 109 201 0 0 88 89 15 267 96 11 104 45 118 0 19 70 90 114 131 135 109 95 164 23 28 15 108 24 98 8 136 0 56 59 50 69 119 12 26 149 9 18 92 102 10 90 30 122 8 151 93 126 132 153 48 16 22 11 0 164 46 36 27 102 12 45 77 6 23 213 36 36 52 21 26 164 34 43 152
52 92 104 0 27 83 51 47 209 8 61 182 63 0 177 62 102 94 81 75 0 259 119 104 37 95 0 126 33 47 134 22 51 44 195 127 158 99 67 44 134 142 38 112 26 90 110 37 70 114 40 1 27 30 36 146 0 194 81 167 71 85 24 0 20 102 111 76 35 27 176 53 90 51 141 132 113 122 85 145 32 70 93 53 100 196 1 68 31 128 21 163 111 96 183 84 67 77 114 66 102 151 72 152 124 125 45 238 39 73 48 147 212 21 49 171 86 76 26 232 263 103 42 6 52 46 64 60 99 110 130 63 136 61 83 21 15 36 0 29 31 73 24 46 81 112 36 40 220 45 16 95 10 105 34 106 201 68 39 42 127 123 82 46 12 35 88 163 15 133 205 105 25 0 72 42 6 218 42 72 118 78 16 93 106 138 64 134 24 32 68 116 100 161 68 87 78 104 31 193 138 99 0 63 25 148 17 261 43 151 37 113 78 60 8 48 95 64 88 29 127 75 56 87 107 42 56 96 188 184 0 54 45 67 65 77 138 89 113 63 137 89 171 44 53 138 20 129 24 66 181 94 256 30 116 369
142 52 17 76 56 74 108 121 144 125 158 102 0 58 40 170 42 0 158 121 67 109 14 78 0 118 0 170 9 22 216 75 35 53 149 55 43 205 149 94 56 149 82 139 0 30 116 158 52 48 7 0 42 38 6 132 48 13 139 67 16 139 42 89 35 6 14 109 66 0 116 157 211 77 234 36 24 95 170 81 94 83 84 0 78 93 20 105 72 74 86 117 141 168 90 83 63 63 56 88 8 38 62 86 99 51 39 124 155 92 98 0 46 11 94 109 56 87 42 124 78 18 91 108 80 139 135 30 180 60 106 69 90 159 26 30 45 52 0 7 0 135 99 115 152 70 126 29 92 272 76 69 63 51 109 56 48 24 131 96 143 166 44 8 69 58 0 28 59 54 119 151 54 100 67 65 66 177 60 107 4 10 171 19 103 149 42 71 59 41 96 56 124 125 24 122 55 59 183 50 88 72 4 87 64 34 87 137 40 9 63 36 20 67 12 76 109 131 75 123 36 81 56 55 131 78 48 168 170 234 0 58 87 65 0 42 60 18 101 58 18 15 70 0 0 72 54 92 150 85 166 70 72 137 49 159
18 0 13 18 63 17 12 143 12 2 37 74 18 54 33 0 61 24 54 0 32 54 32 45 0 153 30 75 2 40 12 81 118 72 20 56 0 0 9 6 9 72 0 0 14 14 17 3 0 100 62 10 0 30 18 42 6 6 53 67 28 24 18 0 0 8 0 16 57 48 81 35 61 0 60 81 8 156 16 42 0 29 80 63 84 75 0 0 108 74 60 30 80 0 101 122 5 5 107 56 24 0 86 7 33 0 52 60 107 18 59 15 36 99 84 4 15 26 59 86 32 36 33 0 19 16 0 56 9 5 2 0 77 38 83 158 0 0 0 81 68 164 0 54 65 54 0 68 22 68 9 80 35 26 18 6 113 0 24 160 6 9 31 12 118 1 59 18 32 36 8 56 22 42 80 131 21 50 90 0 9 50 36 48 0 41 0 0 9 3 24 0 115 67 50 18 27 0 29 54 48 26 72 20 1 3 63 7 44 75 0 0 2 48 17 111 100 0 53 33 123 40 4 37 21 40 105 0 114 12 62 66 0 121 16 0 86 3 55 51 24 84 32 23 45 24 94 21 57 21 57 155 43 108 12 28
9 125 46 9 73 73 58 73 158 27 38 84 30 40 90 142 63 57 97 74 65 111 208 82 17 127 217 79 41 32 12 70 79 43 95 118 74 33 134 68 109 39 108 137 90 24 107 119 92 91 104 105 0 117 6 170 47 54 151 42 50 49 12 54 125 61 57 95 36 83 153 81 106 16 22 24 169 44 62 74 55 20 180 107 8 181 18 61 67 89 45 109 8 79 150 33 15 97 63 22 65 166 22 193 102 0 36 3 38 114 64 62 63 62 73 118 70 69 280 94 150 48 11 72 61 11 58 76 26 124 141 151 191 65 73 123 23 0 149 15 24 78 37 0 145 36 64 90 215 0 92 138 70 139 142 118 201 6 0 92 85 72 146 0 134 73 168 125 22 26 22 27 62 97 108 97 229 76 86 137 36 29 85 108 120 32 57 144 46 26 8 142 65 143 19 107 164 28 4 161 33 79 18 135 0 225 14 210 121 34 12 18 42 120 50 149 16 65 125 95 145 69 98 60 69 214 163 214 90 30 198 93 28 14 137 105 93 68 57 52 0 112 56 96 105 94 35 142 54 110 98 93 91 42 25 94
15 83 27 8 29 0 0 69 68 15 36 54 83 0 147 112 6 30 34 76 17 138 4 3 76 57 30 0 0 46 91 54 56 108 116 9 27 0 80 35 16 61 41 94 55 28 2 63 99 54 145 0 27 46 83 63 0 111 80 190 39 18 27 50 3 0 49 115 9 88 114 27 4 66 36 18 0 84 31 53 51 84 124 63 9 70 54 19 111 31 9 43 20 13 14 12 6 0 63 12 93 94 95 72 78 93 139 4 0 79 77 58 55 68 18 53 135 269 42 0 8 0 0 7 0 4 64 0 123 12 18 107 151 66 91 163 4 7 6 123 0 46 86 102 24 72 5 51 64 0 29 175 118 16 35 66 102 75 5 72 99 19 42 64 75 62 100 48 15 0 0 70 0 153 146 102 22 125 60 100 27 26 46 0 39 51 49 113 157 6 12 21 9 112 32 120 97 117 48 112 0 16 0 42 9 0 24 63 64 45 15 37 8 37 10 72 19 99 62 4 0 36 140 96 143 127 43 58 100 28 56 0 132 79 83 51 45 18 0 57 53 34 80 91 26 9 73 58 155 113 54 89 38 3 37 135
0 4 118 53 20 33 84 52 0 0 43 22 79 61 54 35 156 48 34 0 34 93 36 65 21 0 0 30 0 24 24 24 0 53 3 27 8 10 93 14 48 0 66 111 36 26 25 63 8 35 76 0 108 40 12 75 0 54 26 84 54 0 64 0 0 0 0 15 0 78 65 54 72 17 4 16 68 72 78 40 38 20 6 0 96 36 18 81 52 42 80 112 15 42 40 14 14 48 48 9 96 0 6 152 0 15 9 45 2 32 28 0 0 18 6 131 25 138 80 0 0 0 0 35 25 30 12 33 24 0 0 26 57 0 97 124 60 63 29 48 0 0 38 29 0 18 89 0 70 63 16 20 56 24 128 108 91 0 3 35 21 166 0 30 99 21 33 48 41 49 30 24 35 0 56 44 12 82 64 63 4 18 16 27 0 0 21 0 65 0 30 20 0 0 17 12 14 40 18 42 123 87 6 15 20 48 28 72 30 0 0 93 105 54 15 86 46 72 0 46 40 43 96 52 28 0 6 20 42 0 53 48 0 58 72 22 54 43 0 180 54 0 65 31 46 28 57 0 73 56 104 39 8 29 18 63
16 30 36 51 20 61 28 36 30 108 116 22 57 30 137 11 87 30 34 0 107 166 103 144 17 46 12 114 22 78 37 68 135 40 32 77 29 21 190 57 67 88 42 20 72 88 107 174 12 38 125 85 67 53 18 0 3 16 45 6 214 87 72 6 0 84 9 0 7 49 253 20 94 75 20 49 45 50 30 15 36 7 224 30 11 126 22 29 24 69 0 27 103 18 105 69 103 28 164 29 20 69 26 27 101 70 53 44 27 44 106 60 81 36 140 113 154 28 16 49 181 22 36 42 76 9 63 93 81 16 126 117 117 0 28 68 72 14 51 15 44 20 111 80 0 156 108 38 146 117 111 101 54 119 129 71 165 109 0 9 54 43 130 54 30 27 76 49 72 43 35 42 6 143 63 70 46 60 10 0 56 0 9 12 56 75 0 72 184 8 89 63 66 244 72 48 244 72 65 40 53 96 138 38 0 92 92 32 36 31 23 244 118 186 7 54 18 124 20 64 81 13 62 179 87 110 78 30 182 64 20 19 93 99 101 81 47 63 35 42 120 105 24 78 51 20 89 111 35 45 38 142 79 107 151 141
24 64 115 16 78 19 25 109 60 0 16 103 93 69 51 32 19 48 0 20 28 136 189 32 53 1 0 117 0 53 28 48 52 94 9 79 25 6 69 115 26 15 149 166 0 32 12 48 0 49 21 0 114 20 0 66 0 103 176 102 57 0 35 1 0 26 74 15 26 21 92 129 66 4 78 54 44 54 28 34 54 0 0 52 18 115 48 5 38 106 96 72 5 18 15 40 16 126 42 24 67 64 75 60 0 8 3 44 28 28 59 67 0 30 103 101 23 130 15 70 0 0 0 15 25 52 0 21 20 0 24 38 7 120 57 110 12 0 8 209 40 110 72 108 30 17 0 67 123 4 75 39 48 24 24 95 64 0 49 24 105 108 0 40 24 73 75 32 91 4 5 8 36 42 35 51 4 27 86 28 0 41 16 5 15 15 137 0 60 72 0 27 0 25 45 60 47 56 20 110 0 18 2 27 0 10 0 51 62 93 48 21 67 85 57 62 115 0 30 24 67 42 28 88 143 21 45 18 35 109 50 54 26 89 22 38 86 78 0 0 0 117 66 38 15 0 98 36 91 20 0 143 44 95 22 33
68 59 20 63 117 6 82 46 6 6 27 0 0 69 36 24 13 3 0 102 36 24 12 54 17 27 0 0 87 57 46 98 0 24 0 83 89 15 27 8 77 0 98 116 0 52 48 46 24 45 0 62 60 47 0 75 6 0 84 35 0 55 0 15 0 45 24 7 68 0 75 32 12 18 39 10 34 24 199 54 16 23 0 0 0 73 0 17 102 18 14 0 25 81 59 0 24 0 52 81 24 139 75 75 22 7 0 108 12 6 39 8 0 123 48 0 30 95 33 51 65 62 2 81 28 9 0 87 88 59 103 35 36 3 108 18 32 0 93 20 0 32 62 30 43 24 18 153 63 0 0 63 7 59 0 102 109 36 80 21 27 46 109 16 40 111 108 0 74 66 73 0 122 79 0 87 0 79 15 6 0 47 4 103 51 37 63 10 22 21 114 0 0 114 99 38 82 0 0 84 14 24 63 66 29 83 3 73 1 0 13 55 15 41 45 18 110 56 14 35 21 0 60 54 18 21 68 72 83 0 24 101 38 91 18 27 72 0 81 39 6 15 116 31 1 18 54 4 0 20 12 86 65 15 78 21
0 8 74 0 7 46 158 6 33 57 94 182 2 56 22 27 89 49 39 0 18 8 149 182 47 36 61 0 0 47 171 56 94 57 57 33 95 45 29 55 34 33 56 110 1 76 97 13 38 40 114 35 54 44 8 12 0 168 104 73 83 16 32 32 72 18 59 74 10 13 85 67 37 8 5 23 6 12 63 145 0 24 60 81 67 78 114 36 111 3 144 113 18 35 37 120 16 0 2 90 19 54 33 213 10 147 18 0 87 0 0 48 111 97 18 225 36 95 162 123 72 18 95 53 71 100 31 30 57 34 61 34 40 0 28 108 12 0 79 14 15 39 16 9 103 8 149 12 37 81 45 107 24 56 40 72 185 14 72 4 45 21 118 0 0 24 6 15 2 0 55 61 52 69 54 64 35 97 6 0 33 69 0 0 214 6 48 75 52 34 83 48 124 144 120 0 48 30 0 26 0 56 74 77 5 15 76 16 109 28 51 16 89 68 15 15 140 98 74 74 16 7 39 121 90 41 1 193 41 80 27 7 16 5 153 80 18 29 40 39 74 35 255 0 84 108 0 90 15 23 95 8 123 86 107 149
26 40 21 10 106 72 126 0 36 185 14 69 0 26 82 32 5 0 68 94 32 80 10 136 155 54 80 76 26 6 0 10 40 18 8 52 44 73 40 60 47 68 60 80 30 206 63 10 74 84 23 9 70 42 33 0 2 40 56 0 0 18 8 97 27 22 70 63 20 132 73 123 94 5 84 0 18 181 118 56 67 8 0 112 13 0 39 8 25 98 39 6 40 43 51 131 28 81 33 139 102 16 44 222 6 30 20 56 25 13 40 33 74 52 0 105 16 132 63 74 0 10 81 0 8 65 54 2 149 42 34 92 144 56 27 38 237 0 82 71 40 74 104 0 86 0 0 32 81 45 86 68 0 0 56 227 104 25 10 92 0 74 78 0 3 112 27 75 78 13 77 52 6 207 86 10 74 92 39 54 80 80 130 80 0 18 0 61 102 26 67 152 62 95 99 32 30 109 123 0 48 0 63 89 42 26 10 69 110 5 0 28 0 9 10 128 10 3 20 18 64 20 115 141 134 56 22 67 33 0 10 98 24 1 53 48 72 18 6 51 4 64 42 28 5 8 97 8 67 25 66 7 71 66 62 76
64 13 56 32 73 226 32 74 6 117 87 12 20 23 63 0 6 1 72 134 0 90 5 82 45 27 24 13 132 95 36 46 76 33 0 150 40 0 9 8 20 3 117 55 9 39 50 48 0 138 36 36 44 25 12 16 81 50 85 54 0 16 18 42 142 0 79 34 104 90 39 24 26 4 66 35 18 0 163 69 0 20 54 77 44 9 0 47 112 96 87 36 2 138 35 10 51 40 82 46 4 0 12 124 82 34 18 120 33 32 23 47 172 49 0 42 84 113 61 56 92 41 12 0 0 68 37 10 27 40 51 69 105 34 59 35 41 0 36 12 0 30 16 58 61 93 62 145 32 0 29 0 121 74 10 0 180 126 29 4 39 7 102 18 49 12 66 74 42 47 108 24 54 123 46 97 115 91 0 82 0 117 93 25 2 58 8 130 89 48 116 40 119 105 97 123 50 26 8 34 114 99 23 0 45 136 125 26 23 89 15 127 59 69 62 0 48 36 83 14 40 64 37 0 0 28 42 157 68 59 50 100 0 4 6 37 112 169 0 9 55 172 53 45 12 89 14 8 11 20 12 65 147 70 63 7
85 71 108 74 69 56 42 109 39 54 51 44 101 46 58 0 132 0 96 133 144 128 89 128 115 71 46 88 0 94 1 0 24 68 93 72 72 111 74 115 115 56 44 76 0 35 68 50 0 30 16 118 48 32 35 0 25 47 58 40 183 20 24 122 0 56 84 55 0 80 53 15 19 88 2 49 48 45 84 72 20 24 21 10 68 65 41 0 2 74 78 54 164 36 135 188 12 0 20 0 33 48 25 5 124 9 12 35 23 60 134 85 64 76 107 182 58 30 112 47 118 40 44 8 66 12 44 0 109 21 76 86 150 50 8 63 12 4 24 97 0 121 78 50 165 60 36 84 200 1 63 18 44 54 12 24 14 108 30 79 12 93 82 9 118 49 40 67 72 12 90 47 50 127 37 6 14 116 15 148 102 16 15 45 30 47 28 50 60 18 43 74 7 30 18 39 176 0 36 0 0 101 61 43 25 25 66 55 70 12 42 152 40 34 0 91 22 133 108 123 0 32 9 79 68 8 112 0 105 111 46 23 7 53 88 60 0 68 124 75 87 62 91 29 42 16 132 25 9 22 64 127 63 37 88 266
0 87 88 29 8 41 96 8 54 2 36 92 62 68 48 93 128 47 10 36 18 66 102 106 76 126 42 64 34 0 51 54 79 117 26 7 0 24 54 150 58 151 114 6 0 99 98 15 82 155 104 118 41 55 8 94 18 36 131 40 0 90 54 0 0 0 82 26 18 45 111 81 169 0 18 20 21 95 0 40 71 0 112 66 55 24 58 92 150 133 24 101 12 6 63 13 63 129 18 21 94 36 0 78 12 0 72 26 6 81 2 162 80 90 86 36 0 83 199 74 54 21 66 53 108 46 39 24 35 16 166 194 46 70 54 57 144 40 24 83 0 70 0 30 6 24 28 72 18 0 18 12 0 114 84 36 277 42 72 4 24 30 68 2 64 68 95 50 61 129 81 92 102 96 0 22 118 86 72 102 110 81 22 0 36 75 87 56 82 75 76 76 24 95 0 103 0 0 45 72 24 35 96 177 0 104 8 192 76 104 46 48 66 109 42 0 83 63 156 0 90 84 167 137 73 18 166 72 84 26 166 11 0 65 57 66 139 120 77 48 140 43 180 54 141 48 81 205 85 126 78 79 48 108 0 110
0 12 46 39 46 64 49 126 2 6 51 130 197 63 72 0 78 48 12 69 29 106 13 92 105 56 20 198 21 39 0 50 0 5 18 9 3 0 40 14 0 32 16 76 16 70 38 151 0 31 94 90 96 7 36 4 0 0 81 0 110 9 0 0 77 0 0 12 24 24 53 81 32 56 30 39 18 23 116 51 0 84 28 90 53 62 20 21 18 20 139 6 32 32 61 34 45 96 82 16 0 63 0 50 56 16 9 26 45 29 68 32 34 99 8 93 0 70 0 63 45 24 66 57 0 18 26 0 9 30 3 24 84 81 92 45 19 26 84 126 19 33 5 51 12 29 52 0 157 0 8 0 32 21 109 41 59 9 0 20 18 9 58 2 0 28 125 2 12 24 9 20 171 138 65 43 21 182 66 86 135 66 27 37 33 38 14 116 36 42 87 26 25 61 60 72 125 23 0 91 0 6 0 0 0 14 51 110 36 64 0 73 190 55 0 0 18 8 25 81 105 46 0 21 30 0 36 68 31 42 57 75 0 2 11 95 81 85 53 32 87 67 99 27 87 30 69 24 101 33 94 40 147 71 37 27
0 48 135 9 0 0 18 0 0 11 54 103 76 34 51 96 121 99 37 60 18 17 63 15 0 37 30 8 85 136 106 103 92 36 0 0 11 0 0 9 72 154 85 25 127 12 31 0 42 8 21 36 15 76 0 15 7 41 75 18 35 24 52 51 23 15 14 54 0 28 49 0 85 118 60 70 38 146 24 20 6 48 32 36 87 29 63 12 9 5 8 16 117 0 20 113 56 78 33 64 48 101 80 61 20 144 24 119 22 60 133 77 15 154 52 112 27 66 86 90 18 85 6 39 28 33 119 92 0 49 76 65 53 66 63 43 3 106 75 103 41 40 3 0 93 73 24 40 15 0 26 87 35 8 10 48 82 96 16 50 52 50 36 0 90 48 0 7 57 10 40 0 100 132 0 80 24 74 18 6 3 65 17 18 68 16 25 24 1 36 54 78 18 24 0 147 72 16 39 106 127 53 2 71 0 45 15 71 34 71 29 15 118 30 79 69 34 10 52 74 65 0 140 9 74 104 78 43 4 52 20 92 2 42 36 3 91 12 48 31 44 48 90 40 42 195 61 63 18 0 145 50 181 73 121 102
18 0 101 80 62 110 180 65 51 69 139 48 26 74 47 15 140 0 66 34 19 60 47 117 91 116 120 185 106 54 24 125 20 109 115 189 60 134 45 107 85 32 42 119 81 110 20 86 21 100 41 14 189 96 10 47 69 105 95 124 34 56 89 48 45 0 79 75 48 42 141 54 83 18 24 63 18 0 67 212 216 70 136 0 53 146 0 94 163 77 23 81 95 40 63 74 68 131 174 67 54 101 39 73 0 88 11 48 18 58 31 206 12 26 0 27 16 121 96 0 16 25 28 0 103 50 8 33 99 24 45 72 159 24 162 115 76 24 106 96 26 136 70 41 35 108 69 88 21 78 86 49 115 23 36 78 235 72 101 84 0 229 38 62 95 156 125 64 10 57 85 7 48 57 51 134 104 175 63 63 35 105 23 123 65 25 83 80 146 54 81 107 40 141 68 63 222 126 62 49 131 46 6 35 32 32 9 20 110 26 0 132 7 62 54 89 137 69 52 157 251 24 112 62 20 60 207 116 109 49 97 83 9 98 24 2 72 27 65 24 64 85 110 113 51 44 163 79 118 6 23 196 7 60 187 10
85 0 33 0 54 198 90 9 0 5 0 0 0 24 70 20 20 0 38 6 60 18 51 27 9 8 86 21 14 5 131 0 24 87 86 122 12 35 40 6 60 66 14 89 72 3 0 56 34 15 89 64 0 48 80 0 81 0 69 24 30 25 50 63 10 16 14 81 9 60 54 15 0 59 61 65 18 51 56 11 15 34 72 28 0 0 9 0 90 105 38 8 9 95 94 0 9 56 7 208 26 60 70 29 25 40 40 130 12 12 34 31 9 89 71 18 59 102 126 41 0 15 0 98 4 21 16 55 107 1 29 6 45 30 185 35 27 73 0 9 0 92 37 14 13 32 106 79 79 28 0 72 30 11 0 106 69 81 27 60 111 85 87 11 75 3 136 12 69 53 28 90 82 27 12 14 58 108 60 15 14 8 119 0 36 76 0 32 48 77 48 33 66 24 6 69 10 49 40 154 35 45 3 71 0 54 81 0 57 14 0 48 15 3 0 9 133 8 36 1 8 0 12 6 24 16 21 132 44 0 69 0 1 99 0 0 23 54 72 0 45 70 99 59 57 19 41 24 24 0 0 34 25 0 74 21
68 41 95 0 36 39 23 48 20 126 37 26 55 44 40 73 62 5 69 26 18 44 6 0 74 45 19 17 32 38 28 36 44 87 38 69 28 60 63 0 10 72 147 96 0 80 48 5 52 61 18 8 12 20 22 84 0 11 243 9 45 12 24 42 56 0 0 37 32 31 104 21 6 40 58 2 78 8 78 24 88 6 0 76 44 54 4 36 147 125 137 115 0 63 18 8 51 32 73 2 9 56 7 6 38 32 16 0 75 48 78 24 45 54 0 92 104 162 8 44 10 5 27 129 72 86 6 39 27 44 44 115 34 59 24 72 6 0 18 127 27 0 48 61 38 59 37 42 54 9 132 9 36 7 142 54 113 6 16 47 26 21 96 2 0 0 29 34 120 32 84 54 36 40 89 12 36 25 82 24 36 17 60 20 3 88 0 44 30 1 20 95 44 5 63 27 0 96 81 21 112 20 18 6 81 106 0 59 55 36 15 0 10 121 6 35 102 61 137 0 32 6 27 49 75 42 76 7 0 60 30 73 22 12 0 11 65 93 0 0 0 62 7 48 0 3 5 103 74 12 17 34 84 37 84 57
45 14 163 52 54 44 15 72 76 0 29 157 31 46 61 124 88 0 6 85 26 108 136 0 36 10 29 19 26 70 71 93 54 34 83 68 46 72 57 47 75 9 81 130 16 7 48 35 36 90 46 30 60 89 0 15 21 89 10 85 29 10 20 14 111 0 56 56 38 0 141 82 24 52 15 0 80 63 75 75 46 55 111 27 21 56 0 7 105 25 54 69 52 18 187 136 32 0 71 25 11 107 70 50 44 117 12 116 19 92 4 54 54 102 0 21 81 84 52 21 61 74 60 107 119 38 15 25 34 20 12 119 34 42 77 34 48 10 36 61 76 80 15 6 37 24 51 85 53 45 71 65 0 93 39 111 92 0 14 37 70 40 104 0 134 50 101 17 44 50 0 100 30 49 79 4 45 19 63 67 18 0 42 40 0 74 10 32 16 86 24 119 71 72 10 141 70 10 20 20 119 133 43 41 66 179 25 0 140 29 3 18 20 32 22 16 82 23 11 0 64 129 96 88 39 35 16 46 9 0 25 112 103 78 53 88 96 61 24 0 69 0 19 80 31 125 24 105 65 0 78 16 113 37 168 90
77 40 101 0 20 162 30 20 36 0 87 56 15 65 142 77 54 30 41 36 3 16 10 35 65 24 1 43 48 43 72 17 80 34 30 70 2 9 4 71 4 31 0 8 40 63 89 22 99 18 16 9 0 2 7 0 0 84 4 36 9 27 28 0 0 16 24 0 37 33 0 48 7 42 34 24 7 45 39 35 87 122 65 87 25 89 20 34 0 52 0 102 21 0 18 22 4 89 116 24 36 21 100 4 73 75 0 64 32 44 15 0 6 61 6 6 35 113 30 60 72 14 15 37 0 78 0 15 102 120 108 65 111 27 84 45 10 0 81 4 0 40 65 32 30 68 2 7 9 0 0 35 74 86 23 22 80 80 57 72 32 36 31 93 19 39 49 63 27 42 75 28 24 35 16 36 95 16 36 4 0 123 62 49 50 0 0 0 78 66 59 31 16 124 40 125 62 16 36 0 147 0 3 48 4 42 42 64 148 86 46 78 16 9 0 0 56 48 20 106 79 35 93 81 16 27 73 54 79 80 80 63 24 28 37 33 42 6 25 6 98 80 0 63 107 117 30 49 36 8 131 0 52 49 48 56
31 68 38 7 128 8 72 0 0 20 45 99 223 42 95 6 6 60 75 8 20 191 128 15 48 0 9 165 12 51 240 27 99 21 0 25 0 0 24 82 48 131 27 210 30 106 15 82 0 76 24 22 12 16 0 54 9 0 111 66 74 27 80 18 0 24 10 36 6 6 31 54 99 113 45 143 10 0 18 70 42 42 38 18 21 72 0 69 36 6 99 54 0 0 116 152 42 54 3 81 99 120 108 15 12 48 0 28 70 42 68 83 171 6 81 244 24 56 99 108 6 36 92 9 22 12 71 0 30 18 129 55 21 119 19 109 132 0 105 119 176 93 166 90 51 60 64 118 14 27 15 0 0 95 54 115 54 18 6 18 0 92 96 0 24 74 12 70 36 21 177 25 18 143 40 19 99 26 72 48 90 16 0 0 57 78 54 135 126 45 25 64 108 27 6 28 98 73 36 0 21 72 12 36 18 89 42 116 90 103 24 138 27 0 6 17 18 122 0 45 64 22 105 36 121 15 28 35 27 96 88 45 60 12 12 157 39 9 0 42 72 63 81 24 12 44 12 32 19 25 72 49 18 35 44 98
33 35 35 24 0 0 99 0 159 47 101 147 0 86 150 81 156 18 0 0 0 6 18 50 50 85 60 4 45 0 63 2 69 0 6 92 98 81 36 45 107 59 4 12 12 59 151 83 39 92 31 55 30 4 51 83 89 26 28 178 16 40 63 57 37 9 0 54 24 35 58 50 108 4 40 74 12 112 33 61 43 3 124 0 27 30 7 36 42 21 36 119 130 111 125 24 3 14 47 148 33 213 56 141 30 52 115 137 18 98 36 6 12 12 72 141 45 90 56 41 72 76 35 0 18 0 0 86 209 42 66 6 28 15 66 37 45 20 15 0 57 46 5 26 96 7 54 58 21 62 45 133 56 20 36 123 126 0 70 144 95 81 21 35 32 21 50 6 64 75 111 32 60 57 27 63 80 100 33 42 19 163 14 0 25 59 0 0 79 15 18 67 51 5 98 29 56 5 81 74 0 20 0 129 0 83 30 87 16 31 172 38 60 4 0 21 5 17 0 27 11 80 170 31 97 119 30 52 0 102 24 0 7 35 9 130 42 37 81 99 36 63 93 123 45 63 0 30 62 69 102 24 72 27 105 79
18 30 133 48 60 19 64 150 82 78 106 66 21 43 95 0 14 89 53 30 38 163 40 49 37 93 48 103 6 38 12 11 27 35 56 4 102 68 42 73 62 43 84 0 11 131 81 148 15 74 6 72 102 40 32 48 0 34 30 2 0 192 41 68 77 0 83 10 56 60 45 34 83 0 190 3 3 30 26 52 54 63 75 27 0 15 118 55 7 123 48 0 80 144 55 16 46 42 18 4 78 36 53 180 33 0 79 96 13 64 43 49 15 19 0 68 19 27 0 18 29 53 24 12 0 0 89 82 40 4 84 22 114 83 56 4 24 0 24 8 16 28 9 35 3 72 0 40 54 41 58 101 111 70 12 76 61 22 27 64 103 96 44 0 60 81 65 78 7 137 24 0 36 80 128 89 85 137 85 0 49 17 21 49 36 56 77 62 14 0 21 47 68 8 91 117 4 64 10 16 26 0 84 15 26 38 27 147 36 34 40 9 94 8 41 30 107 40 37 49 55 3 66 24 97 14 54 84 85 71 57 83 8 22 3 5 70 0 37 32 0 14 140 69 21 85 89 8 15 35 2 0 27 80 34 33
22 35 18 36 0 26 18 35 65 33 31 30 24 54 9 47 32 21 38 14 0 103 10 0 21 16 18 48 56 0 56 76 65 82 52 76 53 59 15 4 60 40 18 136 0 93 6 21 24 45 3 30 54 46 47 77 0 50 40 62 53 12 42 5 0 12 10 151 41 42 84 30 69 0 10 20 0 36 52 54 10 42 0 29 41 63 92 6 0 30 12 90 0 24 36 0 36 56 36 16 10 107 60 28 37 34 16 42 4 146 20 43 17 0 151 21 19 165 125 33 107 0 61 18 0 119 0 69 132 33 42 44 27 86 76 147 16 8 0 85 0 0 130 115 96 98 0 0 24 8 41 91 25 0 100 69 208 83 40 58 114 57 42 24 10 25 35 117 30 6 40 54 0 52 18 48 12 29 22 56 0 0 7 24 3 94 10 51 120 8 88 108 80 0 45 106 87 69 59 21 190 139 6 24 63 113 0 5 44 24 24 83 90 76 20 23 66 87 0 28 115 76 175 137 63 64 0 0 66 0 21 105 30 71 68 29 46 81 28 51 0 70 32 171 24 16 178 10 162 13 0 128 70 10 45 45
9 96 58 36 75 72 74 12 32 26 55 31 106 56 27 21 60 48 0 6 18 71 48 65 72 12 0 120 70 0 4 75 79 0 0 70 56 5 12 2 103 40 92 110 40 130 120 99 16 14 81 54 0 49 30 36 114 40 65 166 74 2 40 88 0 10 0 65 50 15 95 67 69 9 33 38 4 10 15 49 0 30 158 44 35 45 48 111 98 14 0 0 14 0 85 0 34 54 136 0 59 90 18 66 0 16 0 0 119 48 51 56 0 63 23 102 5 83 115 9 70 14 195 84 48 84 54 66 10 48 36 15 76 40 61 55 93 0 60 45 174 20 39 20 0 63 185 0 0 8 31 32 0 22 44 108 62 49 48 16 0 121 43 21 0 32 50 63 36 0 145 63 42 62 61 0 80 51 33 20 10 126 21 21 0 72 9 18 20 38 15 57 114 46 193 0 76 27 0 12 0 78 0 57 0 33 0 9 30 107 0 75 24 70 15 19 118 85 68 0 63 73 142 169 79 0 136 5 0 78 43 57 0 0 14 109 63 0 45 105 61 0 48 0 16 27 60 20 4 27 6 25 198 78 0 181
45 48 62 65 6 68 12 6 18 66 93 94 108 114 147 16 86 90 55 98 86 132 117 54 96 36 54 77 0 24 54 87 56 21 45 56 0 56 59 130 63 161 14 24 0 36 149 69 8 98 75 118 66 38 4 26 0 62 140 102 45 0 54 23 16 60 7 72 12 4 100 180 105 135 72 121 32 67 162 30 35 0 46 22 120 16 138 0 29 35 147 0 78 73 111 105 36 56 37 93 89 75 18 54 13 98 36 156 63 48 68 67 22 42 69 88 0 16 48 66 69 0 6 0 104 32 6 24 56 112 84 32 126 63 78 32 56 0 112 77 10 61 252 36 12 82 22 95 73 102 145 16 14 35 44 25 81 35 18 0 119 39 42 0 42 56 36 1 172 8 78 18 135 74 12 19 48 136 205 14 5 78 0 6 48 26 4 95 101 49 151 48 104 0 54 0 32 64 19 63 91 149 66 25 24 168 69 106 0 0 14 125 67 58 0 83 68 112 66 14 40 2 32 111 69 30 49 60 21 28 75 57 43 0 0 75 63 56 32 55 0 0 42 14 115 60 85 21 105 78 50 121 235 8 69 8
24 20 157 18 45 72 64 12 6 104 81 51 118 108 100 46 40 0 58 70 90 150 115 28 92 68 92 10 54 57 257 87 51 11 101 194 15 112 79 94 39 71 87 97 32 42 24 28 44 0 54 20 3 20 67 0 36 97 82 155 24 15 37 18 63 19 13 163 127 0 121 136 51 146 48 65 3 61 86 2 16 36 129 36 74 51 44 87 61 152 48 62 50 116 42 87 41 49 6 118 75 84 140 150 57 145 0 101 92 65 108 73 156 200 67 111 39 70 22 135 12 90 7 15 92 26 19 76 71 60 75 70 63 64 210 115 1 66 0 6 0 35 109 24 56 86 42 129 67 96 101 11 48 35 113 182 142 0 40 63 45 60 30 6 76 50 18 18 31 30 73 76 4 107 92 29 13 57 28 24 29 74 82 55 0 254 22 0 10 18 55 23 44 106 18 18 177 3 0 0 57 99 101 1 20 139 50 63 144 13 5 30 0 58 0 108 48 17 97 30 134 24 0 12 99 81 48 47 34 0 150 32 107 26 90 97 31 48 14 64 8 107 24 108 18 144 90 0 29 124 117 56 77 28 124 41
16 27 148 0 8 0 132 111 141 0 80 16 24 25 109 236 124 99 10 10 18 107 127 32 71 122 25 22 49 3 6 73 48 43 108 59 41 45 4 40 81 60 104 104 9 30 42 0 92 47 21 15 60 40 64 0 27 117 37 197 45 26 144 20 56 80 0 203 15 48 196 27 12 0 0 0 0 82 95 72 9 30 43 112 145 25 108 46 0 78 30 117 18 18 39 39 84 69 113 97 50 100 8 130 85 62 34 54 53 133 36 46 0 0 45 103 123 148 139 7 72 4 25 0 30 60 54 93 55 44 147 185 143 89 207 132 86 117 63 15 57 32 81 90 80 0 99 76 128 63 18 112 72 86 76 102 153 109 22 14 112 100 43 72 54 6 68 0 66 180 18 14 48 27 112 0 0 83 65 0 59 70 19 32 27 49 21 162 76 49 94 40 51 56 30 49 24 81 20 4 67 46 8 28 0 67 7 42 120 11 19 155 54 6 13 72 40 106 73 103 172 0 106 69 66 134 81 106 104 90 0 24 27 52 24 72 66 18 54 2 44 62 116 132 94 27 0 97 0 83 70 45 10 177 10 12
78 85 50 104 86 26 240 185 200 70 138 79 44 87 81 24 244 126 18 32 91 154 32 0 182 81 53 75 75 0 147 72 16 90 81 62 82 86 57 34 81 198 111 72 105 73 142 32 96 69 47 16 248 29 0 61 96 98 81 41 0 38 95 63 20 81 31 0 132 112 126 134 145 24 190 74 0 184 111 15 27 100 88 62 82 35 0 114 84 134 106 68 110 86 70 175 94 74 217 171 68 144 119 141 105 97 87 82 116 37 59 68 16 163 140 92 25 73 95 103 24 36 56 109 15 90 140 136 124 68 163 80 132 86 72 42 96 0 0 98 96 85 134 155 83 43 105 27 110 119 67 91 64 48 42 269 73 21 96 97 0 99 39 59 77 129 24 2 86 79 71 144 57 72 12 35 41 90 51 91 108 48 55 146 43 83 72 59 151 102 86 31 68 119 3 122 72 42 23 7 35 49 0 139 23 52 25 143 72 162 0 71 65 165 127 80 184 106 67 77 116 46 93 95 30 149 107 186 97 116 35 182 27 31 77 94 166 74 16 63 103 175 129 24 177 40 105 87 0 56 204 107 130 64 57 79
14 175 242 81 57 50 179 20 173 48 64 194 27 136 153 72 244 14 1 12 110 223 216 45 58 108 96 156 0 30 161 60 138 128 87 0 111 95 32 166 56 90 70 68 61 24 62 111 28 132 86 16 14 78 55 101 135 76 61 298 75 52 181 67 16 4 81 81 72 42 168 72 99 193 12 159 18 182 98 120 0 86 138 0 64 34 4 33 11 45 82 24 24 155 186 65 114 124 67 16 90 12 68 86 112 68 20 195 69 42 92 72 93 22 233 84 86 192 159 73 33 61 62 97 57 3 3 79 143 0 103 111 228 64 206 129 81 0 23 0 34 21 153 188 128 85 245 0 34 29 86 78 15 50 80 22 37 75 88 81 69 83 56 37 157 80 12 23 22 4 79 153 48 118 18 90 40 113 97 34 45 141 0 45 112 26 81 27 61 75 74 95 105 49 38 119 83 112 36 83 142 93 0 65 36 190 16 20 0 133 80 124 114 110 0 54 127 147 0 24 13 62 157 36 77 40 48 119 134 40 8 109 111 45 142 84 72 19 97 152 96 63 183 26 130 101 18 104 34 137 148 45 0 142 63 103
94 33 0 0 81 34 64 84 114 148 52 131 24 170 180 38 87 0 20 2 72 118 83 11 146 74 78 2 8 0 40 55 0 76 77 24 157 5 94 103 10 64 42 74 25 45 54 62 52 176 130 58 6 121 7 121 19 34 49 102 93 37 0 43 119 13 42 33 9 0 85 25 102 75 56 164 39 89 83 65 85 66 57 81 12 0 12 20 59 36 71 8 57 21 132 33 0 10 64 3 48 135 54 92 98 57 101 75 98 0 42 34 58 92 184 111 33 47 130 57 132 24 14 37 12 81 39 129 114 36 182 47 89 38 77 65 56 0 0 76 0 80 121 49 44 39 66 20 40 53 45 130 137 32 24 77 67 48 0 183 46 55 103 79 137 13 84 131 5 8 81 104 94 50 52 67 62 29 65 81 70 36 36 12 27 100 24 129 48 92 2 69 151 60 150 60 78 36 4 99 104 179 0 48 111 74 22 42 9 80 0 55 53 54 15 69 69 60 56 6 195 42 52 141 9 69 37 121 105 28 48 58 35 24 181 50 116 8 85 50 32 109 83 84 192 1 7 18 81 62 20 81 162 72 22 149
45 89 141 10 0 23 77 0 7 66 44 152 88 110 152 30 46 30 62 44 8 81 137 100 110 8 21 144 7 16 38 15 96 83 4 96 12 71 12 113 96 74 126 20 83 126 145 93 64 10 8 121 6 18 33 17 22 7 68 0 0 51 24 88 49 12 81 45 41 8 110 8 62 29 4 97 69 83 4 14 14 12 32 8 24 90 26 41 88 135 60 25 107 67 20 86 54 54 35 0 20 31 108 84 36 27 58 33 18 56 98 80 0 61 70 58 30 20 28 86 0 12 41 0 4 18 21 12 28 26 100 16 81 25 36 2 0 0 23 36 10 77 54 18 0 23 119 58 89 36 8 0 16 41 0 88 111 51 0 80 40 82 35 54 62 80 35 2 76 0 107 110 28 69 40 49 24 48 149 24 29 73 32 70 121 24 66 0 88 6 29 48 49 100 93 10 57 72 26 12 0 42 0 38 0 8 24 54 76 57 116 13 35 87 41 7 100 13 18 44 16 50 62 66 85 45 77 0 22 16 35 66 1 70 72 58 24 40 14 22 63 53 7 7 69 0 56 105 65 20 20 24 87 56 84 39
2 93 24 4 0 0 65 0 53 0 3 10 8 70 0 111 68 24 3 51 63 28 58 9 57 49 0 2 18 0 69 14 64 52 0 0 23 0 74 0 2 15 132 140 78 0 22 7 104 64 66 109 39 124 9 50 0 61 46 127 46 45 30 20 20 24 0 38 2 45 13 63 126 20 9 77 15 22 41 37 9 20 40 0 55 0 45 59 90 24 12 14 49 5 50 57 12 79 11 0 36 37 65 115 61 49 0 7 55 71 60 136 0 0 74 40 45 77 142 78 37 0 39 0 76 40 9 89 33 8 119 65 105 33 0 31 62 0 63 7 48 126 19 24 42 73 65 10 16 0 0 134 91 12 0 66 86 18 62 0 21 57 0 19 52 43 54 20 0 15 16 24 24 84 70 0 28 13 0 0 52 25 26 0 48 72 7 86 35 0 0 0 53 46 119 0 55 52 9 12 124 34 63 63 0 96 0 35 0 54 0 48 28 28 24 1 39 104 28 12 20 4 0 8 44 98 36 0 72 34 69 42 35 24 24 40 93 3 64 56 68 9 92 49 80 0 0 87 81 49 48 102 52 40 7 72
0 0 39 4 0 31 27 56 69 3 33 134 24 175 169 147 102 90 51 40 12 101 66 68 144 28 51 126 0 0 167 26 15 109 16 36 30 96 24 54 63 53 45 166 132 151 131 9 16 0 81 0 154 16 66 49 61 0 68 48 15 30 30 0 0 24 17 155 45 89 56 104 14 25 0 27 21 116 72 136 0 99 19 15 36 99 18 69 170 52 28 49 74 109 81 162 44 0 117 72 32 35 120 145 72 147 135 24 72 113 0 74 97 67 25 0 18 75 175 74 61 21 52 16 94 4 39 44 24 92 24 23 139 0 15 117 65 32 9 18 97 153 45 63 78 53 6 8 10 0 40 84 78 75 22 164 46 46 33 185 65 87 63 108 54 27 4 24 0 0 76 60 9 129 0 94 24 48 63 24 8 69 0 62 101 56 11 90 41 36 77 24 156 62 18 123 72 13 37 0 82 90 14 60 0 99 50 105 35 36 45 42 0 40 0 0 32 0 27 108 56 44 70 35 165 45 174 83 12 61 66 135 45 42 180 87 26 36 5 133 32 2 50 28 30 9 81 45 210 78 171 71 47 130 62 60
64 24 157 9 12 96 129 22 15 5 49 64 0 129 70 42 100 54 86 88 56 114 2 28 52 77 7 0 2 46 62 86 9 62 0 46 41 107 48 18 68 24 0 162 0 148 88 43 40 65 10 6 70 0 32 24 0 50 95 56 37 21 8 17 20 18 16 62 0 3 80 1 56 42 40 35 0 0 105 101 27 56 44 81 70 26 98 15 74 101 60 10 0 42 100 4 16 36 36 23 17 105 110 33 114 28 4 165 78 108 54 32 18 59 72 20 4 31 54 165 14 14 8 86 27 38 39 39 36 112 74 85 24 86 69 78 2 0 45 58 18 14 32 27 40 70 13 112 12 15 59 16 70 27 54 24 68 28 64 13 58 55 105 62 47 32 71 40 46 50 87 42 36 43 48 115 46 71 32 15 32 67 8 0 78 22 14 0 20 120 45 0 102 28 16 189 81 56 0 0 327 47 0 45 36 59 14 60 58 77 0 30 12 20 24 0 99 129 20 0 136 2 7 24 61 0 40 90 16 49 87 55 69 78 52 149 77 63 10 10 16 44 57 187 0 117 4 89 61 16 64 78 85 74 181 76
119 6 0 0 102 120 12 30 8 26 56 73 8 41 33 0 16 0 8 92 26 94 59 18 95 8 63 30 57 136 109 59 66 8 28 106 56 64 20 5 0 41 74 42 90 147 26 21 16 99 24 32 18 0 34 16 54 54 49 68 2 22 63 24 84 12 0 12 48 36 77 54 0 19 55 41 18 48 66 0 36 79 42 89 3 12 0 34 36 141 28 0 18 59 66 72 0 22 14 59 14 0 62 55 69 27 9 67 29 14 74 54 18 113 30 7 93 47 35 103 65 0 4 53 28 40 40 95 87 86 153 56 35 20 75 0 8 40 0 48 0 36 35 51 49 12 8 27 53 3 4 0 69 87 35 92 101 114 0 72 80 32 76 118 7 0 26 3 4 42 16 66 18 75 32 15 8 47 91 12 0 6 52 28 107 58 4 76 77 106 12 27 24 41 75 12 18 13 0 44 16 34 7 30 16 111 96 6 60 12 40 69 1 19 0 1 119 60 0 0 49 48 67 10 58 0 137 62 90 0 128 105 7 18 21 28 48 36 0 0 62 112 57 101 62 12 50 14 0 16 50 6 116 56 160 49
0 115 77 47 62 51 52 6 27 48 53 28 30 42 111 140 169 0 69 72 152 52 67 72 111 44 132 30 35 68 2 48 35 75 27 73 16 124 16 86 0 33 209 129 24 48 146 68 96 79 28 45 0 115 12 63 56 173 207 115 55 0 68 130 28 140 24 56 94 6 77 0 61 89 106 28 95 66 91 8 118 6 48 159 16 15 39 33 72 205 150 99 36 73 112 109 120 64 80 60 18 113 115 52 62 63 60 105 96 26 185 182 9 29 92 63 58 56 59 65 6 31 71 52 103 139 13 44 137 24 36 80 124 63 165 178 62 27 134 118 43 63 54 31 57 88 146 80 44 79 45 135 69 48 88 59 214 52 27 39 9 152 36 0 102 52 33 78 60 39 80 112 0 28 117 81 100 141 131 42 3 60 92 39 54 47 59 63 120 40 59 76 105 132 125 93 164 134 0 123 162 34 0 113 0 92 89 46 84 161 0 37 130 77 73 40 106 148 94 51 45 107 114 0 92 117 172 24 70 69 76 93 14 175 66 100 169 116 36 0 56 48 66 9 12 128 85 73 91 27 73 36 130 123 36 71
119 30 126 35 57 24 115 45 61 23 108 116 72 198 46 69 36 69 76 168 121 24 104 100 100 144 39 174 89 40 6 90 281 113 132 98 60 136 81 144 55 45 112 182 101 151 38 26 82 122 0 64 54 87 23 96 12 30 14 56 40 97 146 44 78 50 152 108 134 36 123 48 112 15 64 72 7 24 59 151 16 86 24 24 207 108 0 86 204 98 12 130 85 29 87 184 0 104 112 164 20 158 138 87 21 63 21 81 142 0 37 64 90 93 87 24 66 107 83 123 172 95 107 114 134 157 103 93 52 75 58 76 164 78 138 323 120 0 69 71 162 112 128 20 87 141 4 16 49 43 38 73 54 54 30 149 178 18 77 45 26 108 183 130 64 67 43 0 50 64 128 57 30 143 90 21 40 61 74 0 16 45 0 52 61 63 82 267 154 11 46 34 122 72 48 54 30 151 12 0 132 24 164 93 137 156 72 42 86 108 38 87 101 197 94 52 232 36 8 48 138 97 160 62 189 72 36 32 137 72 83 40 2 152 99 98 172 18 48 44 140 0 154 144 20 58 196 117 90 39 127 54 81 118 26 77
28 42 113 50 135 38 119 29 85 48 24 12 83 22 48 167 76 63 31 0 46 102 185 46 21 72 118 24 67 41 40 89 62 135 143 115 16 0 0 25 74 94 65 77 140 101 10 135 114 59 91 22 9 125 75 56 45 40 30 98 15 15 135 27 85 120 0 84 0 94 113 99 56 70 58 65 72 56 21 2 84 67 167 36 49 51 0 113 64 94 30 116 3 64 106 60 3 136 29 89 49 72 87 74 155 84 28 56 12 139 45 82 57 16 32 41 42 40 108 56 59 16 70 50 38 7 76 121 36 22 140 193 41 64 92 20 41 55 42 35 49 42 29 53 8 14 111 50 82 89 47 187 93 49 29 103 119 34 8 108 90 116 25 47 122 8 124 0 89 95 0 45 24 42 136 1 69 34 86 42 60 6 6 39 30 89 23 5 41 67 28 45 18 88 0 107 144 34 40 63 179 115 11 14 16 176 8 16 62 52 6 158 35 123 51 58 58 24 68 2 65 0 21 53 62 126 138 98 131 99 10 112 10 91 47 47 31 96 27 6 105 7 78 231 76 136 11 58 8 73 161 18 58 43 45 50
3 131 137 1 8 148 7 96 81 0 31 48 105 72 22 96 66 30 129 105 124 93 28 84 71 91 37 167 68 73 227 57 15 13 97 180 89 12 73 142 82 0 9 126 16 91 68 43 21 27 166 107 40 7 31 35 72 0 121 27 115 9 3 139 49 14 21 52 0 51 47 45 87 8 30 7 83 36 88 70 6 0 32 9 125 16 111 124 193 43 31 24 90 90 16 84 8 41 4 139 19 57 4 26 148 52 6 0 0 151 110 151 16 68 98 144 102 53 67 70 137 27 52 9 133 0 133 80 90 101 80 124 36 0 45 41 26 48 39 21 0 151 99 49 27 23 0 26 293 0 32 48 79 107 0 28 184 30 39 111 14 18 50 7 82 0 10 42 0 10 77 25 0 56 36 56 74 90 0 136 37 0 59 42 45 108 48 21 56 40 56 163 35 14 39 20 35 0 0 99 56 63 99 97 0 28 184 88 64 29 47 120 25 58 23 42 98 48 52 36 62 24 65 147 9 59 113 105 75 63 102 24 18 2 18 30 81 56 138 57 13 119 162 95 84 37 104 86 105 0 0 58 35 73 117 200
10 132 79 0 55 0 64 40 24 31 9 98 10 61 42 0 67 27 11 64 64 25 118 209 16 65 0 62 117 23 59 0 0 55 0 25 27 54 61 73 65 65 138 99 45 30 66 0 64 82 70 0 60 10 0 24 21 43 230 27 67 14 29 0 9 0 147 7 1 102 37 30 50 28 47 14 0 97 42 35 44 24 55 61 22 147 30 12 32 109 78 110 0 0 158 53 0 48 12 3 0 24 14 50 68 6 0 29 6 0 15 74 61 8 14 89 63 75 2 47 182 2 0 0 40 68 51 2 57 67 35 146 134 35 0 7 78 0 0 125 2 4 32 0 30 77 0 91 0 15 45 56 24 35 52 105 171 35 0 72 0 22 2 15 0 69 56 57 36 16 30 29 28 84 71 0 0 127 0 18 16 44 22 49 30 14 63 44 66 20 25 36 16 54 40 103 100 38 40 59 14 88 0 98 0 53 0 103 35 36 56 20 63 98 3 0 27 63 56 73 19 0 123 76 89 49 127 21 52 1 0 0 69 42 41 104 16 55 5 33 54 27 86 54 0 13 127 0 96 0 0 56 33 76 4 196
48 30 127 14 0 113 171 22 16 75 67 12 113 32 143 43 64 12 57 36 18 45 51 64 84 8 24 68 9 30 85 90 12 6 94 102 65 133 0 56 97 64 6 27 0 95 72 155 40 0 13 56 34 32 0 0 4 12 12 44 70 24 28 126 39 0 27 79 4 42 72 36 0 157 56 173 40 63 0 54 94 36 44 15 60 28 80 76 116 10 118 81 72 42 160 65 86 14 40 103 91 80 12 84 0 152 0 74 57 57 24 80 3 66 0 45 159 36 254 0 8 20 183 64 136 0 0 74 98 24 2 21 110 56 54 137 63 30 0 35 7 114 94 189 72 52 111 119 127 107 159 28 54 10 103 123 107 56 28 14 108 16 112 4 36 56 12 50 119 84 53 138 0 90 70 106 30 108 80 64 227 21 39 12 0 28 21 12 42 48 32 80 108 27 104 0 72 21 105 0 39 24 55 28 0 74 40 56 50 93 21 72 6 16 0 16 51 68 116 0 62 8 109 141 60 0 69 0 56 16 50 42 104 0 137 50 56 8 31 32 6 48 57 55 42 0 44 0 56 2 0 108 225 61 112 74
100 77 155 119 66 116 91 45 45 0 35 27 103 0 56 10 49 0 54 55 6 35 51 27 27 119 120 84 70 94 172 113 166 9 0 88 7 47 15 42 72 40 0 98 97 24 30 141 46 86 173 0 108 3 49 109 35 75 80 85 50 1 15 86 106 21 9 15 84 85 81 191 130 0 173 154 61 40 6 46 81 72 84 8 53 77 35 96 191 15 228 50 3 144 127 94 0 133 35 229 26 4 50 40 91 44 48 133 67 0 86 80 103 60 21 108 105 49 135 18 18 25 119 42 152 61 9 72 0 75 27 99 77 64 6 30 12 0 45 72 21 194 96 111 143 91 44 41 108 0 46 80 68 0 44 48 196 0 47 105 45 63 91 14 120 54 59 35 21 126 112 62 0 36 108 9 132 3 214 74 70 55 0 0 15 115 42 72 108 32 24 30 127 0 7 33 218 94 36 81 40 30 80 71 40 81 137 149 128 18 27 18 80 129 40 57 230 72 36 63 112 43 24 145 97 86 144 57 64 92 66 97 6 6 62 39 269 153 92 56 9 139 45 74 76 47 45 128 42 21 48 0 105 36 6 44
17 75 27 67 48 36 0 52 64 24 14 16 12 7 35 0 38 26 92 38 52 123 49 84 189 36 22 53 20 16 40 16 19 61 53 67 1 122 54 63 14 21 144 99 0 57 36 0 64 42 24 72 64 63 32 30 0 26 102 2 66 0 23 63 4 0 7 145 24 28 34 32 87 6 15 45 32 36 78 2 24 50 49 94 13 75 64 13 30 132 75 105 2 65 29 50 35 6 162 146 25 113 113 117 12 24 10 13 0 64 43 6 28 7 63 155 2 89 56 26 10 9 89 18 72 81 0 0 2 0 100 52 54 123 22 91 216 0 19 123 46 66 103 10 41 140 0 0 18 16 36 0 54 5 54 18 42 6 0 46 50 134 74 100 67 66 143 51 0 26 34 31 40 52 123 0 70 75 34 50 0 21 70 22 5 88 31 29 103 45 48 29 56 40 64 89 55 30 38 74 119 113 33 0 2 104 4 58 48 102 5 16 53 70 54 15 72 40 51 25 188 109 22 68 45 56 80 24 13 95 155 5 12 50 10 35 14 48 15 56 0 50 16 57 40 17 127 32 65 9 57 106 38 40 8 49
88 15 0 30 104 0 84 25 49 105 10 68 0 19 102 15 5 0 45 74 5 170 32 99 124 58 30 86 62 12 0 10 101 15 113 0 10 14 35 25 103 0 88 138 8 63 61 49 35 38 64 0 27 14 14 35 5 157 5 33 0 32 8 77 30 41 12 89 40 42 25 0 35 7 72 63 12 93 103 35 63 42 0 94 16 0 33 0 40 35 7 0 0 64 59 36 0 0 43 57 42 115 143 112 48 16 49 182 130 15 122 92 0 42 185 35 15 0 45 54 10 25 93 39 120 58 50 0 105 55 88 21 63 59 35 43 63 0 45 0 20 28 63 10 40 33 27 54 159 0 116 50 0 24 82 15 136 77 4 0 0 105 73 28 71 7 59 60 56 55 19 35 0 28 104 24 30 92 110 51 56 14 66 0 63 14 0 94 68 52 35 111 30 54 110 62 54 0 63 0 0 45 49 109 0 98 86 10 99 10 0 0 0 26 20 35 105 67 60 45 41 0 4 56 45 70 0 24 91 30 0 74 45 40 0 74 116 42 72 28 32 0 21 12 0 69 0 28 0 63 7 0 114 12 0 44
65 78 129 28 64 32 36 6 0 42 84 19 9 115 44 12 75 0 42 48 71 36 24 124 50 138 36 80 40 77 259 40 62 76 0 45 8 50 16 4 24 64 121 20 32 75 12 9 27 101 81 16 0 87 24 106 0 9 142 274 44 53 230 76 7 9 18 108 12 32 217 97 172 12 88 87 44 45 189 24 54 66 72 30 95 72 0 0 60 87 94 0 140 135 39 110 57 0 86 60 8 32 43 68 59 68 93 110 3 79 67 72 60 48 45 105 0 92 109 229 100 13 24 66 48 0 0 106 28 136 248 72 4 69 46 78 0 0 36 0 0 82 229 32 93 82 48 76 72 72 48 28 193 72 46 28 206 36 19 14 121 65 4 90 95 44 3 4 32 36 82 6 0 58 56 24 90 54 57 0 24 18 12 9 31 38 10 36 118 36 45 49 76 162 173 99 28 130 44 15 112 32 38 44 64 46 24 80 24 12 28 98 76 36 63 33 163 257 7 126 88 30 28 76 46 50 66 142 162 64 76 111 72 77 26 108 0 43 10 18 56 109 25 122 29 30 27 86 42 121 66 102 21 57 106 108
46 30 15 37 114 196 35 89 8 53 114 44 48 21 34 24 141 4 93 28 23 36 53 52 28 102 33 103 42 38 154 50 9 42 38 85 74 99 91 70 38 45 9 125 22 54 4 81 46 18 59 58 89 64 12 63 112 62 21 31 44 51 43 99 13 22 51 0 78 147 224 9 115 22 51 38 9 54 173 110 25 20 92 49 57 169 10 8 0 102 75 45 10 18 52 16 49 56 48 129 0 0 19 88 79 21 13 56 57 8 138 86 54 41 67 0 199 83 48 16 2 22 56 0 60 32 9 87 107 3 10 67 61 4 77 8 36 18 54 46 38 44 46 123 55 25 54 98 53 108 149 33 0 66 56 103 63 20 41 105 112 60 10 0 71 0 82 18 21 24 8 27 18 22 0 58 90 112 50 59 7 78 80 39 25 186 92 72 43 21 56 70 109 80 0 72 86 5 114 53 0 134 0 53 54 36 37 17 21 54 18 0 53 81 69 0 56 8 95 114 36 38 36 16 48 0 87 0 74 46 46 107 7 28 81 6 47 79 60 24 25 214 26 9 33 91 92 59 9 51 48 102 107 55 110 15
21 73 30 0 62 49 57 46 97 56 63 135 22 81 152 119 122 35 60 6 87 238 39 39 36 77 84 82 18 21 42 109 0 27 92 55 104 51 7 113 10 41 8 156 32 107 36 68 104 65 68 36 33 18 90 14 78 120 12 50 0 0 9 72 22 2 51 223 81 138 80 38 36 53 54 40 34 74 56 129 71 8 3 124 70 105 49 69 45 131 79 84 5 218 110 9 146 204 26 62 185 6 23 82 49 79 0 19 24 59 9 84 63 83 116 59 85 52 90 38 32 0 137 24 34 56 70 23 145 10 54 150 142 66 46 73 118 87 38 0 6 126 50 18 80 25 15 42 72 145 224 56 55 117 80 8 149 96 92 82 281 75 15 20 138 9 126 68 81 178 20 31 0 153 134 15 81 79 89 111 136 54 117 80 87 56 36 69 95 48 115 166 24 63 64 24 72 115 90 74 69 96 61 62 0 66 60 113 134 87 32 166 23 18 9 137 41 50 15 66 132 124 63 64 83 141 13 159 74 48 45 109 36 67 22 54 214 54 94 82 40 72 133 35 129 48 67 121 113 109 8 77 140 98 49 40
43 83 98 18 77 103 238 103 37 48 9 24 63 89 33 228 26 0 33 17 125 101 75 135 32 74 42 37 30 99 71 56 101 66 11 103 31 45 48 94 6 56 110 131 36 15 22 13 105 94 53 13 64 156 28 15 32 23 352 97 54 49 78 124 70 2 26 54 15 49 70 119 90 12 180 42 86 68 255 112 126 0 71 88 26 26 28 37 176 149 169 35 15 22 43 75 56 27 11 177 21 20 97 45 36 60 67 57 59 172 64 99 66 15 35 111 24 0 72 120 55 20 0 68 68 95 66 83 87 80 124 106 113 176 36 34 143 8 33 64 3 68 132 88 60 0 123 152 66 27 9 145 186 99 71 155 74 24 74 60 5 24 100 1 103 34 19 0 74 5 40 57 42 120 165 67 50 123 76 53 13 49 42 1 72 32 25 129 44 100 116 91 91 51 84 140 109 127 46 16 82 33 13 48 0 86 67 92 22 13 2 50 56 2 71 4 142 0 40 16 16 0 123 22 98 20 141 293 29 63 0 11 33 1 26 91 125 64 15 40 56 118 180 70 8 65 68 22 136 76 134 0 24 113 82 146
42 32 69 33 11 72 104 35 68 35 133 98 4 160 63 42 14 23 47 54 51 16 56 21 36 67 81 56 40 24 157 24 27 119 95 32 104 32 96 67 118 45 140 56 30 128 108 49 3 30 46 107 0 63 94 122 16 7 91 89 21 10 72 14 0 0 90 187 23 28 87 30 170 74 94 19 0 103 20 139 6 27 59 22 11 101 81 52 9 63 75 96 57 119 71 10 12 105 77 77 12 27 19 111 44 53 49 113 44 51 18 42 5 36 73 60 87 52 67 22 61 4 42 0 0 103 29 68 63 16 79 47 37 15 77 39 0 42 42 33 14 10 90 94 12 71 12 98 8 52 6 40 8 67 24 79 144 31 27 11 53 81 46 35 85 79 82 30 0 0 92 27 82 35 95 0 48 59 58 0 2 147 106 18 3 105 63 0 89 5 54 21 134 43 5 95 83 51 35 105 110 144 36 52 150 3 51 9 45 43 85 88 0 55 33 67 97 76 4 54 40 0 45 57 122 50 17 0 43 0 80 15 78 0 60 75 0 9 5 24 5 77 6 63 33 91 105 56 30 35 52 9 60 75 51 0
76 4 24 0 108 3 66 24 15 57 81 103 49 51 94 31 42 51 6 46 16 169 75 78 92 85 146 16 49 63 6 72 71 128 226 191 10 76 73 80 126 95 122 115 5 2 46 159 6 160 99 85 16 71 30 63 7 93 179 44 119 71 72 22 51 79 16 129 1 15 33 21 57 75 76 42 97 114 235 20 3 0 48 34 15 78 19 0 21 81 52 9 54 132 92 59 12 82 54 117 85 45 78 25 0 2 40 236 24 50 113 134 22 27 84 67 27 87 97 104 7 12 0 39 56 69 8 119 71 7 76 66 146 47 85 133 24 0 9 62 30 24 89 73 77 10 67 271 56 91 5 93 69 65 76 24 148 53 78 34 0 102 36 2 0 13 111 13 160 88 5 8 72 63 30 4 26 117 116 54 14 38 60 7 37 59 67 164 146 46 119 24 57 136 124 36 16 78 93 63 56 90 84 98 5 62 48 9 99 73 69 74 97 40 10 53 102 10 14 24 71 36 61 100 103 0 18 55 108 167 110 63 0 37 0 0 35 25 144 47 98 0 93 65 89 63 78 53 31 65 39 36 8 24 12 43
89 173 2 53 72 33 140 162 115 68 124 105 80 88 70 63 89 120 4 27 2 217 15 52 40 42 30 159 82 40 113 47 155 75 56 130 32 63 63 35 0 134 54 133 17 72 48 0 38 58 59 126 247 81 8 117 75 42 141 10 10 0 81 42 64 47 0 36 72 86 47 54 317 30 186 24 126 3 87 36 18 10 117 64 48 84 75 64 149 63 84 56 42 49 30 98 83 35 178 0 45 64 138 88 71 29 25 8 41 163 89 77 141 24 40 96 27 230 57 75 115 21 36 27 119 201 14 209 199 86 126 67 81 63 132 71 168 32 71 33 6 64 93 55 96 88 49 20 42 40 35 6 245 99 123 133 158 148 43 109 16 81 138 72 51 99 67 56 0 86 69 72 86 130 115 2 14 44 117 66 54 30 0 6 75 73 28 125 101 53 59 131 38 109 40 46 197 11 87 5 125 3 8 98 54 112 10 213 150 158 84 258 83 97 35 93 117 45 26 63 82 18 64 63 53 44 218 12 183 113 116 56 48 69 93 127 119 0 93 161 32 72 72 122 100 48 85 0 147 41 236 119 108 157 40 121
56 92 65 28 1 69 18 0 64 51 65 92 46 130 74 0 22 22 107 52 18 42 42 11 73 24 28 99 38 25 22 48 12 23 125 51 121 52 14 45 26 47 129 81 32 50 116 77 8 28 74 36 18 14 27 177 32 1 264 69 41 61 0 56 24 30 7 110 50 99 18 37 70 42 74 14 72 133 0 53 35 84 112 61 39 75 62 58 31 33 52 39 81 46 131 70 60 84 0 97 0 6 51 55 21 48 61 61 83 38 0 101 115 129 0 15 90 6 11 20 62 48 3 0 66 12 40 42 51 26 80 20 85 30 49 76 4 0 63 21 47 64 63 202 81 50 0 12 38 110 110 50 8 101 25 40 96 18 25 169 95 72 168 15 38 34 65 5 66 63 58 24 4 68 0 19 117 159 223 7 9 38 142 198 24 61 81 108 53 4 21 68 4 63 24 45 117 9 10 90 32 145 22 24 0 125 210 196 41 59 5 40 19 18 0 95 58 9 32 29 0 47 106 27 90 72 71 85 6 42 20 172 88 20 0 5 101 18 4 70 63 147 73 0 3 134 110 0 129 24 20 114 23 45 66 118
36 33 95 0 53 122 144 181 71 9 133 59 39 32 54 24 90 0 294 26 115 144 0 12 71 156 105 33 0 13 60 111 9 21 115 188 53 135 109 111 62 41 77 89 0 71 145 139 85 30 84 18 67 21 4 42 41 198 82 79 22 37 0 82 99 50 34 99 96 86 117 56 0 47 138 9 95 18 293 162 32 70 73 48 18 51 43 0 158 183 34 27 27 84 42 85 74 0 94 126 99 60 139 28 102 18 11 271 108 3 77 120 40 51 129 24 90 0 26 87 54 30 81 92 141 27 66 33 167 0 143 4 25 58 27 140 28 0 45 6 24 203 11 24 48 188 15 64 50 104 81 55 119 24 127 45 38 12 85 69 139 124 26 0 16 0 128 122 7 34 41 192 27 41 112 119 107 290 117 50 14 59 118 8 78 151 30 71 4 21 164 104 33 82 162 118 80 22 45 5 92 142 141 28 0 72 105 33 80 29 22 19 53 46 36 125 131 48 133 56 112 109 66 42 48 45 0 89 113 113 41 33 153 47 78 84 88 54 10 54 10 34 150 131 8 80 39 35 9 0 64 134 90 74 124 121
30 1 113 1 24 49 23 49 12 3 82 28 72 7 93 40 106 39 11 37 29 55 17 33 46 12 7 71 21 0 30 8 21 25 4 0 74 29 8 63 15 75 81 60 12 40 113 41 0 49 42 9 3 9 8 23 2 52 168 40 26 36 7 30 64 14 28 0 40 0 64 76 151 72 24 64 86 80 6 19 28 6 50 63 56 79 20 80 39 5 26 42 95 17 38 25 10 74 48 101 54 9 76 19 64 0 0 117 79 95 16 104 18 139 30 31 39 16 15 44 78 19 23 27 115 10 64 7 72 54 6 71 73 13 124 3 0 10 63 78 21 69 41 35 9 36 14 7 1 54 9 4 75 6 58 15 133 0 0 23 51 97 19 17 12 31 8 11 12 14 13 3 58 69 12 58 0 53 98 8 9 0 18 30 48 56 9 32 18 78 22 10 76 60 48 108 25 26 82 82 91 0 2 42 8 51 48 161 20 57 150 55 16 56 15 38 90 6 65 52 56 1 25 45 29 0 72 18 38 24 54 24 0 30 39 3 44 78 78 16 22 55 0 0 0 56 87 69 62 12 126 153 60 8 70 37
33 14 45 100 42 25 33 57 0 28 24 6 71 0 56 143 88 0 116 0 43 132 76 30 56 54 132 104 60 48 126 79 30 21 48 54 6 23 2 102 86 38 48 13 8 38 79 30 69 81 23 0 9 136 64 112 0 96 126 99 0 0 63 72 72 15 28 140 96 31 218 42 38 24 58 0 6 58 86 30 61 45 54 88 14 0 19 0 95 57 91 56 0 101 70 10 0 6 10 114 72 119 104 136 12 5 81 30 59 105 75 74 117 29 0 23 47 75 39 0 27 49 62 14 38 0 32 57 126 15 102 102 96 68 68 114 36 51 28 0 28 92 0 183 6 67 0 58 63 0 36 84 159 63 32 102 88 12 31 198 6 69 61 0 133 80 15 66 36 18 103 57 0 184 193 10 69 147 75 59 40 8 80 124 0 93 39 36 14 6 18 121 45 0 133 85 135 36 40 0 28 88 44 16 18 115 74 14 119 0 10 35 85 3 121 150 75 68 10 35 76 94 26 155 127 87 100 64 50 46 56 72 108 28 20 55 104 28 28 82 0 9 10 103 24 69 142 18 111 77 40 211 124 15 63 48
0 5 75 24 46 72 90 0 135 170 24 99 0 24 121 47 93 19 30 48 0 186 71 83 94 0 42 48 62 62 32 131 0 0 0 94 7 67 12 59 6 58 82 34 0 84 12 8 48 114 87 60 36 15 42 0 66 84 42 48 0 0 0 24 0 0 18 51 56 76 12 115 107 35 36 62 0 42 24 72 124 77 91 10 46 39 60 97 42 167 54 47 26 57 114 54 47 56 52 29 100 36 13 219 0 99 24 24 24 94 0 144 60 70 153 204 0 48 105 34 44 72 100 0 15 44 24 0 54 0 173 54 0 27 91 66 110 9 18 32 0 54 42 41 58 0 0 2 60 138 45 7 7 0 116 64 164 59 91 0 66 61 70 36 96 60 0 8 15 68 20 27 54 62 155 45 78 84 68 84 137 56 64 27 39 85 3 0 0 58 60 90 60 152 68 25 89 0 66 0 29 6 42 168 0 153 91 72 70 0 3 67 61 56 26 19 139 37 90 4 53 0 33 75 58 58 8 157 19 12 54 64 6 15 84 72 90 37 0 36 32 93 128 59 1 24 47 118 20 78 15 12 42 9 109 50
13 32 16 0 3 100 46 26 30 0 26 16 18 42 111 37 0 18 59 35 0 63 12 56 8 20 46 100 0 3 6 0 6 3 67 75 43 0 61 53 66 30 0 58 20 40 74 35 15 16 27 27 0 27 34 64 0 44 40 19 41 48 5 4 0 6 62 18 6 6 52 0 41 18 32 24 4 7 55 136 18 9 60 0 12 10 18 22 16 14 143 36 40 66 8 10 1 12 46 25 32 36 32 18 140 33 44 89 4 77 0 0 0 4 15 60 62 33 0 8 15 0 10 5 0 0 63 0 79 0 20 61 48 30 0 24 20 0 54 56 4 21 3 92 0 56 45 92 87 0 8 60 14 123 24 18 40 32 0 101 32 30 23 22 100 26 10 24 0 36 87 9 0 0 16 46 10 54 21 42 0 86 0 64 8 0 0 25 33 63 0 33 87 0 14 32 29 48 13 8 82 135 34 7 81 0 2 44 0 87 17 26 17 5 65 10 15 20 31 0 24 0 34 2 20 40 16 49 15 78 20 81 0 16 7 25 41 6 40 49 0 68 56 40 4 124 72 10 89 8 0 76 39 8 63 61
22 10 15 78 34 5 77 0 51 6 0 73 21 58 43 0 60 72 5 15 16 20 69 39 6 36 0 10 73 46 36 51 0 6 45 16 86 0 5 58 77 94 76 32 84 56 56 18 56 64 2 0 0 56 63 48 75 0 47 114 0 0 52 10 6 72 3 15 8 32 3 107 90 30 118 64 4 26 72 0 0 74 65 18 51 21 12 16 40 0 16 0 34 54 64 58 42 6 146 89 12 115 54 56 107 109 23 48 29 21 21 75 53 68 20 15 8 56 37 66 54 22 30 40 36 75 66 97 20 9 59 10 27 16 46 31 74 20 0 29 0 62 126 33 74 63 21 47 47 6 18 93 12 44 28 101 75 5 8 24 16 32 111 35 82 75 54 0 65 60 0 53 25 14 12 16 3 77 68 30 44 0 35 79 0 111 0 24 36 14 36 48 30 122 18 16 67 3 0 34 104 73 0 0 72 120 72 21 24 55 12 33 55 100 92 31 88 14 19 0 20 44 62 120 24 91 22 63 89 101 34 130 0 8 58 18 67 86 55 48 9 0 33 119 40 12 24 0 0 0 33 56 60 18 78 2
54 25 52 126 67 105 108 43 99 69 273 92 18 159 32 104 56 171 113 135 121 154 67 48 40 149 30 11 25 164 77 200 276 75 0 129 53 24 187 182 59 36 126 84 22 96 84 9 100 229 49 8 93 97 38 67 0 172 8 84 106 24 14 70 70 42 94 75 40 48 108 93 186 3 150 26 65 113 68 70 77 76 82 45 112 42 84 54 107 89 99 76 33 64 140 61 64 0 31 33 145 103 44 124 82 14 84 96 27 216 60 26 12 11 35 59 101 56 38 12 10 40 55 0 26 47 62 78 0 76 54 106 146 181 100 87 24 36 99 170 0 21 59 77 56 36 34 219 35 81 78 102 260 62 86 48 80 27 61 46 18 31 6 57 149 44 150 32 33 52 39 136 21 88 110 56 12 49 105 0 6 32 52 0 181 124 36 109 91 124 15 0 178 28 122 154 63 32 112 68 176 91 24 182 63 64 27 100 50 37 91 92 45 23 64 59 95 100 8 0 4 24 129 78 32 56 45 66 75 0 197 104 0 37 26 20 61 27 24 70 10 0 160 52 77 141 91 16 0 75 105 28 85 142 215 45
0 97 78 16 45 19 4 0 53 0 51 115 0 95 32 10 54 59 0 0 50 0 83 50 64 9 24 164 14 6 37 4 65 108 38 32 139 76 116 73 28 40 87 52 8 0 50 6 3 108 55 5 4 54 3 0 0 44 106 115 55 15 7 7 32 0 92 62 35 65 61 0 14 21 12 34 60 40 14 69 6 79 140 36 28 93 33 63 54 103 10 32 54 30 6 33 58 83 0 0 41 74 44 105 119 6 39 29 28 0 37 48 127 131 52 78 100 108 63 118 64 88 29 15 7 9 70 19 73 0 136 33 76 6 12 171 63 20 90 45 2 12 68 54 52 15 19 30 36 0 16 84 17 88 0 24 163 12 0 96 0 45 127 0 83 47 42 83 0 7 28 62 67 39 0 40 11 0 45 0 24 25 28 27 40 70 221 6 29 0 18 28 91 35 44 151 0 70 0 116 16 14 121 41 0 88 78 44 31 70 95 70 101 66 18 0 56 42 88 24 9 32 43 62 64 0 28 57 62 24 5 0 0 56 9 94 0 28 41 46 111 4 124 42 59 40 110 9 10 37 101 24 32 97 69 114
52 134 38 17 91 95 128 147 108 12 16 16 124 76 18 125 74 75 46 71 78 64 12 48 27 17 100 128 69 60 61 54 90 77 76 10 2 0 10 0 0 36 163 124 4 81 22 132 88 42 24 32 65 92 12 112 40 0 223 14 49 40 2 0 103 0 28 24 40 14 44 12 32 0 80 53 131 77 72 0 0 6 110 32 38 51 69 8 302 162 147 47 45 9 90 45 52 0 63 34 7 48 24 28 24 76 28 36 64 54 18 147 30 46 44 74 34 14 60 40 117 15 91 102 137 41 45 68 70 77 81 29 159 26 0 27 77 94 126 46 78 127 30 124 33 8 98 10 8 36 87 34 36 198 165 16 14 0 64 98 24 0 56 10 52 8 26 0 117 34 0 49 60 66 123 14 108 70 84 166 0 25 45 39 41 106 18 169 81 74 40 31 65 121 63 53 75 105 0 0 72 42 104 104 0 109 105 112 60 78 12 46 16 0 10 36 81 0 0 33 59 18 62 18 25 0 40 122 52 63 81 36 0 86 0 88 147 72 52 45 28 59 81 70 57 40 36 0 276 54 91 110 61 130 23 18
32 66 57 77 34 119 42 0 87 39 153 141 78 115 46 15 63 36 5 46 112 69 133 12 185 75 41 146 71 13 107 125 87 59 16 52 89 128 28 57 71 73 94 157 16 9 126 0 76 31 99 66 68 2 6 0 56 108 60 115 90 9 28 13 40 14 43 72 9 18 62 54 142 36 77 42 53 151 112 38 9 124 8 61 82 123 30 104 75 25 3 44 178 139 107 119 36 14 212 0 36 123 63 97 32 171 4 154 24 25 31 150 12 150 109 51 20 95 17 65 7 46 96 140 93 85 0 59 45 98 29 78 176 52 0 16 112 0 8 27 199 164 71 91 30 30 74 47 4 63 151 5 55 30 46 135 20 24 144 116 44 57 71 44 62 42 51 30 69 18 4 165 6 24 15 0 41 127 72 19 30 55 122 89 7 50 10 40 91 0 59 66 21 119 38 91 28 6 16 0 64 122 17 96 25 44 20 44 109 37 0 35 20 223 0 73 197 109 48 6 82 80 143 234 39 0 132 28 18 80 88 93 88 52 34 37 113 48 88 121 48 35 20 20 181 99 70 68 69 3 33 84 99 0 101 110
28 24 86 8 13 81 32 36 126 60 56 18 55 4 24 0 105 1 114 63 56 0 27 26 134 85 12 19 0 18 94 6 34 32 14 124 27 32 12 72 42 81 37 24 6 105 35 0 0 3 54 16 170 49 28 35 16 73 54 6 4 23 48 38 29 0 6 26 39 39 89 27 23 42 36 53 71 84 30 0 18 18 18 12 67 22 42 0 40 152 36 43 70 30 26 124 42 0 161 137 0 0 9 167 8 67 5 41 18 56 30 97 4 33 56 53 0 73 8 71 12 24 24 3 65 17 12 31 113 37 90 23 86 36 88 73 30 77 10 12 78 42 47 40 13 128 0 24 18 8 14 3 54 0 0 63 81 93 10 92 8 0 1 14 42 58 78 16 27 6 21 54 36 29 31 24 30 131 0 15 0 48 107 15 0 162 25 49 34 0 52 63 0 78 51 128 65 54 4 1 30 41 4 61 63 27 0 85 66 8 17 77 6 24 7 0 9 38 34 0 84 13 42 47 0 0 25 16 12 4 48 4 0 41 46 0 0 43 38 29 3 102 141 132 56 37 146 11 12 62 153 141 63 106 118 12
30 79 77 23 76 231 60 23 68 17 74 111 89 45 287 10 96 73 87 4 57 83 64 231 47 8 77 49 2 7 42 37 80 32 30 99 113 33 15 32 45 128 22 34 0 71 151 65 44 10 374 74 0 49 4 185 32 44 21 85 49 24 17 85 56 0 36 36 32 99 81 76 114 62 0 76 11 148 63 134 0 81 46 168 50 14 50 37 10 103 4 60 56 31 56 31 28 110 46 153 0 73 70 67 142 45 76 163 103 41 17 55 49 21 75 7 20 30 5 24 21 36 72 49 81 98 27 27 81 156 6 4 159 38 183 28 97 0 45 0 0 29 123 33 49 126 52 0 107 0 112 38 72 47 48 36 102 54 0 9 77 89 75 112 11 49 126 96 21 15 123 10 53 6 38 70 77 176 5 30 67 84 60 35 54 9 2 73 74 66 28 138 119 109 40 138 45 18 0 68 169 108 24 4 35 55 18 182 24 145 10 44 77 66 0 16 93 19 41 0 60 43 60 42 30 23 0 126 37 45 17 127 40 6 180 92 18 24 26 39 0 129 54 59 32 76 63 36 105 54 102 14 165 12 85 99
56 60 48 44 54 18 35 40 107 96 92 30 60 130 0 16 89 63 50 26 14 146 0 0 42 190 51 20 49 87 64 146 173 28 34 90 32 6 22 60 88 175 50 0 141 64 32 22 48 114 28 42 8 45 0 0 0 0 0 72 32 21 42 102 14 100 56 0 8 28 148 24 74 72 42 25 38 144 70 22 24 49 92 45 69 36 48 38 80 154 25 0 48 60 75 50 82 112 62 46 31 123 4 0 52 72 64 41 47 58 20 80 54 95 10 30 67 96 70 85 77 77 4 58 0 14 146 0 4 46 88 0 0 156 153 87 0 96 0 6 0 83 74 90 0 14 40 0 88 0 24 68 0 32 42 28 70 56 16 0 124 31 96 28 81 0 39 8 57 92 40 20 140 147 54 38 63 14 0 69 64 65 40 12 49 12 14 95 68 20 28 47 16 126 42 61 127 48 0 64 35 32 0 127 0 120 6 72 40 4 0 36 21 131 63 0 0 8 88 32 0 0 34 18 48 161 10 180 152 28 73 21 24 94 0 93 104 51 16 70 53 84 156 112 49 30 25 88 32 12 21 0 114 32 104 54
22 6 10 9 6 3 78 18 77 6 20 103 25 39 11 3 24 38 80 92 3 30 0 25 83 8 25 47 24 11 24 30 16 38 107 60 25 120 142 12 35 27 118 33 159 109 24 0 83 20 10 21 57 9 8 63 5 0 109 28 30 98 0 0 0 72 63 69 15 72 20 8 86 53 29 27 73 138 129 12 8 42 89 0 16 108 16 44 67 22 54 0 17 103 0 44 2 0 2 76 34 98 66 130 92 170 32 1 35 125 9 94 48 55 39 113 63 112 38 60 1 9 24 10 12 0 150 44 47 4 138 114 54 50 9 88 76 0 8 108 0 46 28 6 5 69 90 22 93 0 13 91 91 36 72 78 107 14 1 48 0 72 0 59 34 33 60 17 24 36 65 48 30 94 67 12 80 31 72 0 56 35 34 59 0 8 5 59 70 92 7 7 30 75 17 24 49 58 57 4 30 108 6 136 0 46 60 36 16 24 0 18 0 98 28 107 114 63 6 60 101 31 110 95 91 127 80 145 40 72 183 59 96 4 78 0 48 4 23 179 102 73 93 49 128 28 62 2 5 0 142 0 44 8 14 30
66 92 0 4 54 0 36 12 60 66 80 132 9 96 96 194 73 89 54 26 0 54 54 42 95 117 98 32 18 0 0 32 86 13 48 92 25 122 28 30 70 100 141 40 48 153 108 49 4 0 63 195 25 28 87 94 0 30 91 77 53 18 0 27 4 0 0 201 60 26 182 49 187 36 52 66 33 131 92 0 18 50 29 0 107 78 131 36 0 52 8 36 106 82 69 108 76 0 103 30 72 9 25 80 68 97 52 117 171 94 18 68 54 69 0 34 39 0 57 110 18 20 64 18 96 192 0 57 26 0 124 65 28 25 0 78 65 54 42 0 12 72 167 36 68 18 128 57 0 70 70 108 49 4 16 90 156 6 0 123 96 48 32 7 59 32 6 8 134 8 82 48 76 129 112 57 12 0 56 18 4 62 7 0 48 32 0 0 24 0 6 0 124 48 78 12 3 32 63 18 166 36 60 60 109 32 64 48 23 70 54 14 16 127 14 99 100 57 33 0 36 46 30 106 92 63 128 18 15 36 60 58 0 21 90 96 0 12 78 16 0 0 35 35 132 64 40 140 149 36 54 123 72 165 0 6
22 64 89 57 71 52 30 8 30 18 43 188 167 61 112 4 81 42 143 2 49 147 75 36 34 2 63 83 1 184 79 137 45 64 26 168 65 92 51 167 12 115 71 42 14 66 97 90 86 114 22 171 52 8 40 92 42 0 90 104 6 62 25 0 4 23 71 79 0 24 54 101 140 106 50 155 7 41 0 92 48 57 40 0 88 34 60 52 1 141 86 8 82 84 245 68 82 77 13 113 73 8 36 66 54 112 0 93 35 150 68 199 40 21 126 132 0 96 47 10 23 40 112 63 51 4 69 71 45 87 68 49 105 40 122 10 64 0 81 107 56 150 135 100 82 79 4 36 193 51 106 17 57 113 84 24 102 15 10 51 66 28 127 25 118 157 21 18 45 127 81 67 54 37 19 60 122 87 139 100 94 22 13 114 10 11 0 112 126 78 30 80 185 173 0 10 102 42 4 68 77 25 40 0 0 60 156 210 32 56 0 125 110 73 40 146 77 135 69 51 102 41 112 9 51 58 0 120 64 4 84 188 0 89 0 27 208 26 104 71 20 164 125 73 30 50 62 99 87 16 36 1 97 21 256 65
105 87 114 80 52 193 123 72 143 34 94 0 72 28 193 91 75 56 0 93 69 31 32 62 138 101 121 65 16 24 143 12 25 24 93 24 115 201 32 38 18 5 31 48 61 165 57 76 77 65 27 36 45 74 104 114 0 100 109 112 113 100 49 31 43 21 29 139 28 19 322 12 124 0 54 75 27 71 129 105 42 72 46 74 33 0 83 102 45 93 73 18 0 122 290 109 2 18 60 86 160 75 37 166 41 70 78 180 94 40 18 0 64 97 0 19 96 101 167 18 29 42 125 112 92 63 71 82 108 16 125 74 93 37 65 99 59 0 138 27 134 149 118 32 99 0 136 36 0 52 24 143 82 20 72 143 156 51 24 138 85 18 56 71 71 84 68 42 32 60 140 72 0 138 124 158 87 100 142 83 34 48 0 0 83 48 14 154 16 91 14 5 177 0 86 73 96 233 54 75 32 77 27 80 108 38 117 245 32 24 99 104 83 86 128 159 221 16 27 49 46 24 151 90 80 15 84 115 60 46 88 30 104 37 33 10 94 0 40 92 24 195 61 141 77 12 0 113 64 122 72 75 89 254 41 14
99 67 40 98 57 101 87 35 25 0 103 184 18 111 81 62 0 0 28 202 64 40 52 40 172 135 59 48 57 36 93 88 39 41 85 27 45 24 68 12 92 64 36 158 63 221 68 71 70 53 94 56 98 31 52 52 24 69 181 54 2 9 113 42 100 28 47 93 100 82 142 12 21 93 50 0 0 91 127 64 90 21 64 82 42 48 24 8 15 25 12 85 91 142 40 146 7 0 70 72 39 62 9 91 74 38 56 55 25 42 70 48 0 40 49 0 117 112 64 99 21 65 6 144 90 18 0 17 33 87 42 164 35 44 85 60 40 35 132 0 112 105 40 134 23 46 61 0 21 9 168 54 54 25 10 165 109 75 44 40 202 157 140 49 86 154 108 101 54 48 64 9 63 0 30 56 35 64 48 36 8 167 21 179 80 42 110 150 122 32 63 2 70 74 12 201 114 103 12 28 16 66 2 56 16 106 38 6 150 6 49 52 15 56 48 109 90 24 0 0 77 17 71 88 70 0 92 130 102 12 24 121 12 51 59 193 69 64 63 63 164 57 124 140 103 30 117 223 149 65 82 0 130 30 158 114
8 107 112 0 85 6 24 43 8 40 61 64 121 14 27 0 64 0 3 2 19 17 16 26 4 14 46 87 0 0 17 12 70 158 70 72 6 87 18 18 28 112 26 8 0 130 50 120 2 54 32 20 5 33 24 0 3 65 18 46 22 38 36 24 83 0 14 99 2 0 135 6 40 42 7 57 42 0 56 4 8 32 171 10 128 65 63 0 88 10 46 0 124 0 82 25 16 46 32 72 0 45 0 0 0 49 62 77 22 75 53 123 19 84 0 18 0 82 44 42 32 0 107 0 45 9 8 32 38 57 4 10 64 24 62 88 32 63 48 12 58 0 18 22 18 41 94 87 72 49 14 56 6 15 42 24 124 0 10 8 53 46 0 14 62 57 172 5 85 52 22 142 72 36 35 86 42 141 12 0 28 32 75 16 0 20 18 0 2 7 76 88 79 69 0 16 65 2 52 111 54 20 0 0 0 0 0 63 16 15 24 48 3 71 18 0 0 60 84 74 43 103 6 0 49 0 16 0 23 46 12 0 63 139 7 0 4 58 119 55 59 6 104 8 14 0 28 10 0 36 0 37 97 40 130 57
16 4 60 20 98 32 33 41 120 64 81 49 0 0 46 43 42 72 78 0 71 81 5 104 37 36 63 42 48 48 30 51 12 6 34 63 6 16 22 77 0 42 60 102 54 32 44 148 64 58 54 0 32 30 0 0 0 68 56 30 12 46 25 108 64 45 42 67 0 52 45 14 35 9 44 88 28 32 87 7 16 52 57 56 28 0 15 29 30 120 55 63 10 2 4 32 75 0 46 133 119 36 118 116 6 48 48 40 36 104 48 24 16 12 67 165 51 0 134 76 66 0 46 0 0 56 109 37 36 0 99 5 130 11 67 7 112 63 73 10 0 61 30 58 27 35 35 52 57 66 30 77 70 66 36 36 36 48 2 0 130 116 17 0 87 21 112 16 28 112 84 5 36 53 109 25 78 117 137 78 24 26 37 10 132 20 38 25 59 57 13 8 49 37 89 72 45 62 54 30 134 144 0 135 9 92 40 54 0 10 122 132 61 66 37 53 0 18 31 0 49 51 0 0 67 160 0 75 0 32 117 18 43 28 2 72 57 0 0 39 24 21 39 85 35 75 18 0 52 100 43 18 64 50 62 63
10 116 73 14 75 57 175 2 102 73 74 46 36 145 193 6 96 63 74 82 46 20 24 4 101 66 3 25 4 0 71 129 89 0 64 85 61 117 44 18 17 112 7 110 16 65 80 0 48 48 42 0 2 48 17 40 87 11 21 108 3 54 33 26 32 0 8 16 78 22 63 72 131 12 96 97 30 39 5 37 14 37 36 0 84 5 71 49 50 69 90 45 23 76 84 147 56 10 103 21 24 64 28 191 6 42 15 78 33 0 21 0 2 119 39 157 96 93 78 139 39 44 55 24 38 12 0 21 162 15 146 5 41 133 118 33 78 0 35 21 66 72 113 11 41 77 125 45 16 75 48 4 24 52 60 221 147 4 39 67 13 0 83 77 112 112 112 50 0 8 78 102 6 199 108 16 18 9 13 0 28 167 25 0 105 5 4 110 8 0 45 18 47 101 26 26 34 106 0 40 58 10 0 18 74 80 0 48 35 81 15 83 16 42 0 6 51 13 3 0 68 21 85 0 35 40 7 10 36 5 42 45 72 0 75 114 201 0 0 54 21 45 132 45 0 66 89 41 48 4 36 0 10 92 35 146
68 136 126 31 114 28 134 80 108 78 68 42 6 127 86 207 8 77 27 30 27 24 69 73 215 139 70 102 77 0 138 51 63 65 29 54 55 23 25 14 14 141 92 79 126 115 92 12 115 102 20 20 54 115 12 108 48 99 84 199 0 16 135 20 91 12 29 96 36 32 64 154 194 5 194 44 44 28 28 70 94 103 84 64 55 8 8 120 128 64 24 88 49 82 96 164 40 74 113 151 133 18 120 76 6 58 0 47 99 130 0 64 6 30 18 63 66 88 71 104 84 61 86 70 122 5 112 52 100 30 22 90 58 182 128 56 78 12 133 18 74 58 151 6 0 99 48 38 27 3 38 123 0 51 10 257 38 42 33 72 40 140 5 82 35 63 38 104 68 58 72 80 24 119 175 73 102 33 80 30 0 7 100 90 30 0 14 55 105 89 144 144 74 130 12 0 8 87 0 32 64 31 0 26 46 76 117 164 112 24 5 50 25 68 99 116 112 146 41 60 55 35 127 36 12 71 86 141 122 122 73 16 59 28 5 68 138 0 58 65 80 104 52 103 56 24 59 42 61 48 86 0 108 130 38 54
65 89 45 10 54 112 14 60 104 52 10 102 118 59 107 35 42 116 105 121 35 68 56 103 124 35 28 144 25 26 160 110 123 45 70 36 0 30 64 59 38 49 51 94 55 131 55 15 70 54 146 111 88 13 50 73 24 88 33 41 0 36 64 42 30 32 56 9 64 89 81 77 105 115 19 12 5 119 64 128 47 108 59 97 56 27 122 24 37 95 102 57 6 12 0 110 29 85 60 76 21 52 51 187 138 127 44 91 53 110 25 9 63 0 25 126 75 39 84 73 13 45 54 15 0 104 33 0 10 91 87 51 209 25 42 54 63 10 96 100 112 87 30 175 78 108 0 121 73 15 30 9 38 61 66 92 38 62 20 64 94 128 66 47 34 0 149 11 14 52 38 82 36 98 94 87 8 56 72 36 122 147 10 35 135 23 8 191 92 35 12 47 183 31 28 98 23 148 54 60 127 85 35 29 75 46 0 96 48 120 19 20 126 111 9 18 176 66 4 14 98 24 146 61 58 45 2 45 56 20 24 227 73 12 98 40 152 0 0 54 13 21 114 34 12 145 126 9 110 38 49 79 110 91 48 170
46 29 18 97 24 102 147 18 97 69 74 30 6 118 156 0 40 28 157 93 15 91 73 0 80 20 45 34 23 45 123 40 20 4 133 12 42 112 85 0 0 32 160 125 64 76 87 62 33 18 0 36 0 104 24 84 18 81 165 148 4 84 0 25 0 0 56 86 0 12 72 34 101 53 51 146 24 33 132 48 18 115 71 0 15 30 4 61 54 20 68 22 91 28 90 40 8 0 149 167 112 12 16 160 9 141 27 193 112 5 135 164 62 20 107 78 159 54 94 88 63 30 90 35 114 0 110 72 123 0 141 6 93 57 89 76 87 28 0 99 76 24 49 180 16 91 209 88 175 117 108 63 84 133 50 247 138 55 63 7 90 99 74 4 43 12 58 49 84 0 61 121 8 28 44 47 101 164 94 0 28 21 152 0 41 72 42 141 32 124 36 20 15 48 82 67 20 135 34 79 80 145 14 99 100 188 141 64 26 57 26 0 92 34 18 96 159 107 0 0 0 12 222 70 59 145 27 155 4 47 8 93 118 59 0 4 59 22 46 79 0 152 122 0 24 24 0 65 58 0 7 72 72 48 80 0
69 89 82 56 8 147 75 52 16 46 0 85 0 226 100 0 14 51 48 124 83 80 116 80 135 81 6 40 78 54 108 63 0 0 63 85 59 59 0 96 0 45 12 85 0 86 0 45 52 76 16 0 9 0 53 0 30 18 229 117 0 80 0 55 86 25 0 10 72 64 63 45 73 77 54 86 8 26 159 0 0 103 36 53 18 67 34 63 18 126 84 24 54 0 67 14 15 0 99 79 27 0 118 88 15 90 15 100 3 26 106 42 96 159 92 59 38 81 75 81 33 72 10 99 49 91 42 2 90 72 138 9 147 0 137 93 135 0 6 45 40 48 52 29 87 6 174 8 60 9 0 27 36 96 54 0 99 45 120 90 73 0 90 108 81 0 16 135 32 0 22 21 0 36 113 3 39 59 66 42 65 10 0 0 45 112 34 81 42 60 0 18 30 54 28 46 104 21 28 8 36 22 16 91 45 27 88 42 16 24 46 18 51 71 12 5 184 80 43 60 143 35 42 140 0 24 0 93 21 28 82 0 0 0 54 90 18 27 0 24 56 242 63 111 10 5 84 120 87 83 135 0 8 50 82 164
0 29 71 0 56 55 176 0 10 72 14 60 116 51 105 32 24 64 24 67 67 59 160 111 20 20 36 68 46 25 48 44 0 113 14 41 0 76 79 143 44 112 169 147 89 163 0 110 38 28 0 12 8 56 71 89 37 94 8 38 21 35 83 91 21 33 51 18 0 24 129 65 116 0 99 72 43 28 80 20 51 42 33 90 29 53 20 28 27 105 73 7 14 18 68 128 48 105 31 167 1 35 105 174 34 92 15 118 18 56 30 138 97 47 35 132 40 127 50 66 14 23 24 24 37 114 48 1 75 24 85 75 181 89 60 46 141 0 28 8 0 45 21 3 58 12 4 60 36 72 26 62 8 56 32 204 255 42 52 0 45 20 117 10 60 110 51 8 74 70 94 82 32 74 52 86 0 73 53 15 7 129 14 65 96 80 112 31 39 84 49 63 28 204 18 133 90 32 0 49 95 24 90 3 8 33 8 3 102 39 37 42 53 64 51 28 107 5 10 0 129 36 51 32 92 105 43 25 77 24 50 44 28 43 76 65 47 64 0 23 64 3 133 38 0 45 66 30 0 60 12 0 0 143 41 103
48 0 58 88 49 60 16 15 73 47 78 63 19 72 69 41 93 167 117 52 99 90 179 164 130 154 95 60 107 117 45 75 54 94 87 202 40 0 32 36 44 9 54 304 54 70 22 89 108 66 92 64 108 57 43 73 9 48 106 13 87 32 90 29 51 69 105 66 31 111 143 36 142 0 0 0 36 95 106 63 36 69 31 107 48 5 28 106 51 12 29 114 31 52 81 28 0 5 123 112 11 104 61 192 37 8 69 134 64 9 16 38 108 46 224 72 64 89 33 6 82 64 45 120 115 108 48 118 28 14 63 148 95 78 100 80 45 0 27 45 164 63 113 140 20 19 29 100 76 81 115 77 63 152 90 105 74 42 131 24 50 91 45 13 150 3 122 0 100 58 6 63 82 35 0 5 42 124 36 44 12 54 25 73 76 76 30 131 134 14 109 12 79 77 36 216 27 64 92 7 152 212 0 230 82 135 51 25 14 52 41 9 140 108 66 133 259 58 36 45 79 36 70 166 177 9 88 52 21 20 2 90 0 77 144 68 138 34 92 93 81 68 153 121 20 124 77 161 3 97 133 0 98 32 66 99
108 43 85 159 0 72 32 20 117 166 108 62 0 40 260 84 0 38 9 72 60 217 93 45 79 52 14 91 101 14 82 60 94 27 45 79 7 50 36 63 112 102 0 77 8 84 57 48 28 10 6 83 66 47 32 0 9 48 0 6 108 1 36 105 46 48 21 63 80 0 62 33 54 0 79 24 32 49 2 27 18 88 130 77 0 111 27 123 36 51 28 116 73 113 115 89 0 33 28 61 49 6 15 118 65 70 28 72 96 32 81 0 173 46 166 9 43 4 0 0 12 105 72 0 45 27 0 36 8 0 5 78 108 49 114 35 0 0 0 45 28 57 90 126 48 15 54 121 7 155 130 11 32 5 28 67 141 12 153 35 116 144 44 0 118 28 8 30 56 8 0 84 8 41 28 60 0 30 27 0 0 63 51 0 15 130 16 18 0 53 26 20 69 56 14 144 198 56 47 15 8 130 28 81 3 65 67 39 5 36 22 27 59 91 72 88 53 129 21 0 42 0 77 93 81 0 107 0 64 36 34 32 52 117 95 83 92 36 19 35 0 65 9 37 99 0 45 34 59 59 27 123 120 48 29 45
24 80 0 13 28 108 42 48 14 0 69 0 51 43 15 78 58 42 96 124 94 76 8 76 132 30 30 39 0 68 8 9 0 56 62 21 30 55 6 12 6 71 99 52 0 48 54 12 42 50 86 48 0 57 60 41 26 25 10 108 59 36 0 118 52 10 14 173 9 115 13 3 19 1 20 33 37 73 61 28 18 66 64 87 87 27 54 6 163 84 27 28 0 16 0 28 85 48 8 159 24 51 52 73 18 1 54 91 69 78 37 63 49 63 85 24 60 0 64 28 15 3 0 22 24 50 30 13 25 54 62 22 96 47 2 17 54 47 54 6 0 0 18 42 100 35 9 30 0 9 24 4 89 17 0 0 48 48 48 34 18 79 6 20 139 2 34 8 0 2 0 64 51 12 14 3 124 111 36 6 0 36 135 66 6 89 0 39 30 12 46 49 5 9 18 50 44 4 24 63 75 70 54 34 4 0 70 12 49 10 0 75 30 0 18 48 60 0 74 62 56 6 30 108 21 42 69 8 52 53 4 46 54 59 0 4 45 15 2 0 68 54 46 24 103 10 32 20 0 0 2 63 57 35 48 4
66 102 21 108 0 36 23 56 0 94 78 154 91 152 107 88 0 114 98 63 72 90 31 15 79 96 147 64 42 64 117 145 0 5 87 35 56 62 146 64 45 88 95 24 31 64 32 121 146 12 181 63 33 168 0 101 18 80 31 74 129 5 31 0 138 60 0 137 66 53 114 24 86 104 33 49 52 175 94 15 88 56 45 0 141 76 182 23 49 85 28 160 68 86 130 216 87 0 117 53 37 227 166 91 3 41 28 98 24 88 85 73 0 72 18 122 21 179 31 80 0 33 3 63 48 78 4 258 30 0 114 106 83 25 48 141 97 42 62 45 108 91 137 81 64 102 74 124 9 6 52 59 107 8 52 52 185 33 81 158 61 147 166 89 162 54 135 133 4 0 121 0 40 70 137 34 12 104 112 81 64 51 143 106 88 8 77 132 132 51 15 56 85 54 22 20 184 14 86 44 184 66 17 59 72 102 65 8 54 129 54 18 50 49 60 131 101 26 0 86 46 108 28 111 58 35 48 45 85 147 102 18 25 86 216 56 190 41 116 76 32 27 121 109 90 92 148 0 54 26 136 80 32 63 131 153
0 49 75 115 49 82 78 69 103 66 36 152 69 91 109 0 191 24 24 16 57 64 164 18 6 38 51 129 114 35 28 48 188 154 96 102 12 0 7 20 98 0 84 124 0 30 25 60 8 245 26 34 27 70 7 70 36 20 68 221 22 20 73 20 39 8 30 52 4 15 71 67 42 29 0 22 0 51 56 53 18 61 50 48 170 49 73 25 39 19 4 12 80 71 56 84 38 70 131 0 8 30 33 177 56 59 41 43 0 26 32 87 36 93 112 64 0 193 86 134 98 54 37 14 24 49 0 27 109 0 31 48 71 33 125 202 36 46 41 64 32 42 123 87 30 27 23 54 69 2 67 23 50 140 54 54 161 27 44 56 56 119 29 0 64 0 50 45 26 10 82 44 30 69 8 12 45 149 6 89 41 74 15 38 10 20 0 3 21 27 48 47 28 40 32 89 69 12 50 18 87 124 33 45 8 136 24 24 40 6 24 119 24 123 16 91 40 87 8 106 42 112 164 213 159 37 159 162 108 110 69 21 20 89 24 49 80 8 60 24 0 33 63 36 73 51 67 28 36 8 37 147 4 39 39 145
16 110 109 72 91 44 27 38 108 45 80 86 18 49 93 25 51 8 49 38 60 100 93 35 54 115 0 8 92 43 197 101 0 19 46 174 64 119 50 45 102 49 75 12 9 75 64 108 69 131 71 72 8 56 16 48 8 97 23 54 32 26 20 134 48 46 25 81 67 83 125 111 191 50 97 96 67 17 97 31 77 66 23 24 62 135 42 91 56 70 117 120 123 81 111 63 12 64 71 0 73 101 33 67 99 41 28 234 59 18 128 86 43 39 136 67 34 11 54 50 76 6 130 39 72 151 9 93 21 12 116 0 40 91 6 103 107 0 50 80 32 115 157 110 63 55 39 62 86 134 0 111 26 0 19 76 102 60 117 44 8 43 64 0 63 7 40 69 4 54 6 178 16 21 129 103 107 43 149 18 34 0 94 20 15 101 9 21 40 92 39 179 54 50 55 110 90 32 2 59 124 35 57 185 96 59 54 18 68 69 43 50 44 82 30 19 86 126 29 62 22 97 179 72 36 69 181 114 85 36 18 103 63 70 78 0 20 64 69 8 23 74 15 61 75 44 68 0 132 34 57 74 57 80 62 98
14 93 68 33 45 85 69 19 6 16 36 105 8 28 82 0 7 0 0 12 21 45 60 41 12 38 12 8 32 10 37 21 0 27 93 14 35 120 73 71 39 100 44 1 54 14 35 28 28 22 35 5 18 34 4 10 3 40 45 32 33 18 18 21 99 21 39 27 18 26 63 56 0 53 8 133 27 0 38 85 7 28 186 5 43 48 76 0 64 7 52 12 9 9 85 2 0 21 5 74 39 3 39 16 5 65 48 91 18 12 3 40 34 110 54 57 162 24 129 0 8 5 32 14 27 12 0 14 69 51 29 11 123 0 37 80 51 81 23 0 5 51 56 5 20 63 111 52 9 12 0 80 12 32 0 15 49 0 16 14 0 0 57 20 84 27 155 0 0 12 93 154 0 116 108 92 16 50 36 0 17 0 90 16 0 0 37 6 65 15 0 42 63 54 18 12 94 50 15 93 3 26 5 0 8 42 11 15 12 8 2 48 27 40 9 3 7 87 50 48 14 36 50 29 138 110 4 36 13 32 0 7 91 65 22 14 8 60 45 72 41 12 8 6 20 0 0 6 21 0 56 6 7 3 14 35
48 14 35 69 5 48 101 48 91 156 53 91 12 194 119 131 19 0 72 28 111 0 36 18 74 50 21 179 57 0 71 6 54 32 14 54 20 98 42 6 37 48 61 48 0 83 46 82 120 6 42 24 38 14 20 0 40 48 60 35 42 10 0 4 63 36 18 127 36 28 36 81 15 83 6 0 26 84 92 6 109 21 18 54 0 56 69 23 68 20 7 97 28 56 70 160 12 61 68 30 11 132 100 36 160 71 24 42 110 61 25 20 24 106 102 25 30 36 9 0 41 27 32 18 74 77 27 19 159 25 55 117 52 75 79 37 45 14 49 45 56 137 96 0 45 24 39 13 27 36 73 34 49 25 45 30 43 18 45 75 0 132 28 10 63 0 50 4 63 16 105 104 52 27 0 31 57 65 75 61 24 9 99 54 25 40 8 2 15 89 42 46 29 74 34 105 113 0 139 0 76 158 46 57 5 8 36 83 139 0 8 71 25 49 42 147 140 35 6 129 24 30 143 86 158 0 130 8 30 73 82 0 28 105 4 29 119 0 7 82 83 64 59 51 36 30 70 40 15 6 122 124 105 112 14 80
11 112 68 80 7 171 5 49 18 126 101 36 46 75 19 20 126 49 7 34 22 78 52 113 70 107 12 149 58 31 38 8 52 77 14 8 106 151 58 133 91 21 117 87 5 167 24 20 4 134 195 135 18 47 75 117 46 84 91 91 147 21 0 10 90 48 77 21 8 16 54 28 150 12 31 111 61 58 71 119 0 10 27 97 91 45 146 72 75 25 34 12 56 116 24 0 100 42 30 0 56 43 33 196 9 87 81 137 44 144 44 168 72 2 30 49 61 113 65 20 15 24 114 31 59 15 25 23 76 60 117 42 122 101 82 29 68 45 2 32 55 85 0 72 33 3 84 88 71 21 113 51 99 46 48 63 171 42 0 115 42 94 5 1 3 68 112 10 28 27 109 100 12 0 42 66 0 89 32 45 12 36 28 91 20 56 103 117 102 83 24 138 67 30 48 76 84 46 20 99 69 99 14 42 0 3 0 21 37 113 25 105 29 37 34 12 140 38 88 0 70 116 0 68 125 109 123 92 7 39 35 135 65 28 7 60 69 87 93 89 56 18 121 15 59 127 118 12 145 4 2 198 115 124 135 112
69 151 87 0 20 47 76 172 168 160 121 143 15 121 121 121 88 32 92 98 108 128 0 31 18 138 50 168 36 0 121 16 36 32 109 112 60 64 0 45 95 30 132 56 44 144 71 56 128 79 15 101 111 60 36 158 66 70 253 91 40 83 8 117 90 18 71 53 0 118 8 85 187 0 47 40 83 89 62 49 54 129 48 21 88 0 95 107 180 63 65 114 50 48 60 74 40 70 99 62 5 94 107 186 18 36 48 144 22 113 59 99 50 56 72 110 26 189 68 20 101 91 34 36 148 94 38 28 75 52 136 172 137 88 83 0 4 16 113 78 20 40 136 72 79 0 30 16 75 82 20 44 0 161 44 154 98 24 118 180 56 112 180 31 6 72 154 113 4 32 160 32 30 152 178 18 93 68 81 148 56 45 106 47 50 191 0 91 42 32 78 115 124 68 18 73 51 36 57 71 72 44 54 91 0 14 81 82 91 84 43 130 50 48 76 12 106 10 24 100 112 10 162 117 20 0 96 192 18 56 66 31 28 20 87 86 50 52 82 40 24 113 150 50 24 40 116 42 86 21 181 69 48 188 55 45
26 12 53 63 92 146 10 77 100 66 60 60 91 94 73 126 164 67 23 85 121 98 99 82 36 20 31 103 15 62 157 64 110 103 8 121 44 60 0 51 19 98 63 173 49 17 42 25 38 22 32 36 96 56 37 28 0 103 125 56 20 12 42 28 41 61 0 156 39 106 105 3 49 97 108 19 42 97 117 8 63 22 42 60 43 51 59 91 124 117 101 147 20 36 108 114 0 8 33 30 0 204 58 113 45 72 62 33 113 111 56 80 79 22 74 5 90 94 100 16 23 10 31 20 129 148 0 0 188 21 24 37 171 76 145 205 16 0 63 53 18 24 140 27 34 44 120 159 11 24 139 99 56 86 135 147 97 14 89 63 51 85 35 0 182 24 135 98 36 12 31 16 6 70 73 95 40 160 70 41 81 13 46 5 0 75 44 88 118 0 20 53 48 40 111 28 69 77 89 43 48 197 89 20 0 216 50 10 96 111 50 48 97 139 62 72 71 166 26 46 48 112 173 129 24 104 53 15 21 124 88 51 78 39 93 122 68 83 0 91 56 8 33 116 100 119 107 69 84 35 108 135 91 154 35 140
53 227 62 46 130 110 75 11 54 24 32 90 4 70 154 56 115 33 36 63 69 203 69 27 18 57 96 69 90 168 87 161 18 70 218 106 0 162 71 53 72 11 120 24 18 6 27 58 134 90 52 16 30 12 4 0 0 0 126 42 18 59 0 42 87 0 35 116 56 170 195 108 57 120 27 72 9 77 24 82 87 56 143 30 19 145 90 70 84 59 35 174 6 102 143 69 12 21 105 0 37 43 88 119 49 21 24 36 52 48 137 83 33 67 2 101 178 142 173 6 108 0 46 82 69 102 114 154 55 32 74 66 37 56 34 113 68 62 68 75 0 91 151 48 60 16 84 36 121 20 24 35 113 44 67 82 192 45 37 123 93 47 108 13 165 24 0 229 5 27 68 65 56 73 78 110 127 20 72 168 76 0 54 63 24 8 72 27 97 78 64 94 46 48 0 148 155 35 21 0 71 68 44 69 0 186 35 77 116 0 27 44 61 25 21 148 46 92 53 78 69 54 177 36 79 63 52 129 120 28 102 48 34 68 24 139 129 48 90 97 96 40 134 84 42 124 102 78 82 103 210 82 3 51 170 200
60 46 44 89 126 8 0 16 18 64 27 105 18 162 47 98 55 54 116 88 178 163 170 86 39 66 12 50 14 5 28 133 18 57 66 76 164 97 76 187 128 80 63 161 72 48 119 22 70 32 45 66 33 223 8 53 73 92 100 26 119 75 65 36 16 77 83 8 47 72 56 106 12 96 43 51 58 21 0 28 54 8 138 0 40 114 23 78 92 100 89 107 70 44 60 70 76 45 69 43 122 66 15 99 112 136 69 81 25 86 36 37 110 157 127 97 96 48 127 21 88 50 40 127 56 0 87 46 86 15 164 118 77 11 68 31 75 49 45 95 16 57 92 59 30 107 109 6 77 72 54 160 112 44 0 124 133 46 68 95 87 118 79 99 159 62 88 5 37 51 16 0 36 152 100 2 76 14 114 45 46 9 25 0 138 53 51 84 52 88 16 12 9 86 103 90 127 94 96 155 46 165 30 149 44 62 110 96 24 197 118 141 148 189 51 23 92 85 40 80 23 0 148 131 148 77 24 30 72 28 144 112 52 105 175 36 127 77 0 36 56 5 75 0 18 25 89 98 54 158 16 25 70 42 56 42
126 40 0 109 66 62 77 80 14 110 92 70 0 7 70 48 60 49 16 21 61 127 105 117 113 108 32 99 0 67 8 53 38 91 80 101 42 9 235 110 163 16 22 85 12 7 76 18 52 96 56 49 63 90 0 21 56 18 78 74 80 3 83 146 24 0 96 40 0 6 19 0 35 72 174 18 84 42 92 39 70 54 137 14 51 90 36 28 18 148 37 135 31 88 92 63 30 4 14 51 0 36 73 199 15 0 54 69 47 59 69 0 137 31 14 93 63 0 68 91 155 14 67 31 48 18 35 65 78 40 206 45 63 106 18 90 35 20 0 25 0 106 93 24 47 4 23 112 27 26 118 141 162 78 82 43 132 0 123 83 90 48 45 46 78 28 21 67 3 60 12 0 35 74 12 9 8 5 53 82 19 74 54 105 47 56 28 102 125 38 109 36 36 0 78 177 0 44 44 61 20 95 101 48 0 48 67 68 76 80 0 28 141 6 78 106 146 130 112 2 49 122 181 64 6 0 54 98 127 16 64 73 0 64 81 29 54 82 76 147 158 16 247 74 106 27 30 18 16 46 49 118 16 27 110 165
77 55 90 66 60 36 42 82 76 56 20 0 76 21 183 42 118 0 25 8 0 136 45 63 54 44 55 1 80 82 36 117 30 29 15 74 5 31 45 55 63 81 0 72 0 0 48 54 24 0 135 58 0 0 42 40 39 66 197 32 114 0 0 6 14 20 3 49 65 0 97 52 103 106 28 72 91 35 3 15 21 45 17 27 43 93 17 0 7 57 0 105 90 0 79 53 6 0 44 35 48 63 35 66 115 105 40 112 0 18 150 113 21 55 29 87 18 73 45 0 36 21 0 7 77 0 15 93 6 74 0 63 57 101 112 60 9 0 46 104 0 41 107 69 18 82 16 59 27 63 111 0 93 5 0 16 157 16 57 27 143 63 49 70 198 121 117 14 74 0 135 35 36 122 69 12 0 63 12 40 13 66 2 56 0 96 42 0 18 91 24 0 28 0 40 136 167 9 34 36 131 61 0 0 32 97 42 115 61 78 42 30 4 0 90 54 34 12 28 27 90 72 31 27 107 126 120 20 45 132 126 51 46 58 126 62 101 102 78 20 0 21 0 30 45 99 113 113 174 30 79 125 108 36 97 45
5 17 78 8 27 14 74 48 24 90 77 12 30 42 50 25 53 41 36 34 65 18 5 0 65 45 156 115 112 8 13 91 37 52 31 6 113 68 122 24 0 6 71 158 187 103 101 49 44 74 41 0 50 15 72 6 52 52 111 59 0 58 0 0 26 31 21 90 44 75 72 0 27 60 46 39 63 68 42 8 90 30 140 8 0 9 51 134 83 55 99 74 28 62 70 41 14 73 95 86 0 42 75 155 54 48 37 72 34 110 0 138 57 134 18 82 106 102 101 56 32 52 66 67 6 53 48 67 140 36 111 102 159 36 69 58 86 35 70 10 20 48 32 33 73 67 0 30 56 94 78 178 88 54 92 161 219 56 0 47 123 94 43 44 42 68 79 40 49 56 81 63 28 97 103 24 73 149 124 72 57 98 87 0 49 77 7 18 76 101 45 96 85 156 88 15 135 152 54 65 110 22 42 31 0 87 103 36 120 48 33 35 8 84 35 9 144 131 41 39 34 37 51 72 111 63 112 42 76 38 15 32 100 34 123 12 64 46 68 54 76 82 90 61 64 56 59 0 53 32 21 66 58 22 121 81
17 88 30 8 90 38 0 60 93 48 57 206 28 43 68 91 116 9 0 28 60 146 51 78 43 92 30 100 22 67 12 34 112 73 68 111 15 97 16 145 22 67 38 19 56 81 41 20 20 88 143 0 126 42 10 7 1 48 32 8 104 24 21 12 72 53 6 66 64 56 199 166 0 40 24 88 10 212 57 22 30 72 40 0 15 114 36 0 0 127 122 48 78 54 115 128 64 77 17 62 48 14 42 45 129 90 173 44 78 0 30 74 120 73 114 139 49 28 218 35 32 40 16 18 5 93 16 3 61 119 248 74 216 14 11 139 64 70 15 40 20 153 160 98 151 58 0 68 103 98 118 86 32 2 16 120 49 27 0 99 10 0 57 12 21 105 35 65 27 36 121 42 18 155 38 181 80 98 163 129 58 69 66 0 20 34 9 164 142 24 7 87 134 100 68 95 89 76 4 132 40 20 46 0 0 87 66 28 46 72 10 152 165 150 133 8 37 17 15 27 12 80 24 5 87 98 147 76 95 18 188 79 40 74 48 90 98 81 0 30 12 21 58 28 24 124 101 91 121 120 94 11 14 181 92 48
47 58 0 8 74 62 78 52 0 36 83 35 113 76 20 0 11 51 116 25 12 8 6 28 75 25 0 143 3 113 86 63 26 77 8 89 69 18 101 16 36 47 80 45 48 104 44 89 44 50 50 86 0 54 32 54 4 42 40 8 20 68 5 3 20 0 21 19 0 0 136 78 200 32 55 84 0 58 13 22 11 32 142 0 44 63 88 60 35 9 122 44 42 0 90 139 41 24 42 66 6 69 91 94 7 24 27 13 0 64 26 0 61 66 16 176 110 41 38 34 4 14 69 32 20 30 39 24 36 16 48 4 111 85 37 40 92 24 76 34 35 11 144 30 29 146 52 15 1 90 0 109 0 11 12 125 159 0 0 26 0 113 22 68 0 113 175 56 22 0 7 25 85 139 122 99 120 109 16 75 30 33 36 79 54 1 6 5 209 7 34 59 114 143 15 37 65 118 28 15 21 15 14 12 0 21 36 77 111 45 0 13 69 96 47 2 182 174 35 129 44 73 93 100 71 56 0 0 112 28 24 39 66 33 59 46 20 63 20 79 111 81 104 35 45 24 65 14 48 15 28 50 50 105 2 117
30 116 37 48 0 27 6 54 29 27 19 54 73 69 15 84 43 29 43 71 73 182 14 83 22 106 0 37 52 68 128 44 71 39 98 25 44 48 35 97 105 63 48 54 63 78 110 42 90 36 3 21 3 15 13 35 25 142 81 75 48 14 20 44 0 18 39 33 96 88 70 0 17 48 39 0 19 126 38 130 128 40 64 34 77 102 64 87 13 210 67 114 42 46 100 26 53 175 69 26 131 144 48 57 107 103 0 85 6 77 59 28 18 91 28 67 152 139 29 57 17 38 41 25 9 90 92 6 122 46 101 18 181 3 52 135 27 24 175 29 0 55 29 60 34 81 6 106 74 30 0 45 21 98 58 66 123 55 42 124 50 10 88 21 62 69 45 20 7 89 68 40 0 72 50 71 90 87 65 30 68 146 108 66 12 63 103 27 36 1 85 30 0 141 69 67 49 32 27 103 18 78 54 56 0 115 90 46 152 28 38 14 19 55 39 8 41 76 53 138 123 45 65 4 16 102 91 93 115 72 32 21 17 29 36 40 88 6 76 62 110 100 83 69 24 10 125 31 4 15 12 68 27 87 61 215
59 162 6 87 77 65 6 84 19 22 103 122 18 12 36 4 45 27 21 26 58 25 38 20 113 34 58 26 32 112 43 27 35 79 86 123 5 21 130 93 63 60 66 20 0 47 12 78 72 0 31 12 54 36 37 1 24 130 81 79 45 0 0 51 33 12 40 47 32 80 62 0 43 66 93 81 7 81 50 18 32 0 198 69 29 0 24 0 48 42 62 135 27 69 112 72 18 59 128 15 82 104 24 117 0 106 51 100 34 15 0 4 8 105 63 56 133 96 45 132 6 36 0 54 17 28 0 8 0 15 61 50 84 101 116 0 77 0 116 81 73 90 32 65 78 66 9 71 17 16 84 33 47 31 24 40 55 30 52 114 34 124 80 73 106 118 184 90 15 90 38 58 22 24 49 46 32 0 96 30 8 54 53 167 24 38 78 9 54 81 20 0 69 97 31 95 77 44 18 77 51 122 73 0 0 108 14 0 40 108 17 45 59 72 99 231 0 15 56 9 218 41 0 36 0 53 145 15 0 79 83 71 0 96 4 31 34 58 8 27 105 72 24 11 78 88 80 48 26 3 43 167 36 80 95 133
73 15 108 50 21 13 75 0 135 9 199 90 41 62 18 16 21 0 128 68 21 14 49 92 133 30 145 85 29 97 143 34 101 56 157 182 108 81 81 90 43 0 47 33 10 43 52 66 51 41 52 54 78 12 14 130 0 40 26 171 10 74 85 137 70 54 44 66 0 24 107 57 169 110 38 43 0 172 263 120 33 33 146 51 79 137 36 32 87 111 67 27 15 140 140 62 11 63 147 154 15 38 32 92 57 4 38 177 44 42 105 86 115 110 32 76 18 91 27 133 150 15 193 35 99 116 76 83 132 8 136 76 75 72 0 192 80 65 88 74 35 192 109 43 42 94 25 131 62 81 6 3 165 92 102 24 50 34 24 29 30 9 43 112 56 27 5 6 16 73 129 55 72 15 77 47 134 97 46 30 27 43 15 13 57 45 52 41 190 8 97 106 71 148 122 113 7 77 86 104 150 145 115 184 63 135 69 41 48 9 88 57 113 69 42 37 98 32 12 156 242 48 81 105 36 53 70 263 195 132 42 10 3 62 60 18 103 24 128 41 31 151 78 205 14 38 133 21 50 17 37 108 47 55 115 26
18 45 0 16 63 18 36 0 113 0 2 0 56 60 30 0 33 54 54 44 0 42 58 18 9 25 16 45 57 15 0 54 88 127 137 28 45 36 24 0 28 57 0 111 0 57 24 46 4 79 34 87 102 32 3 117 0 0 0 91 46 7 24 6 20 72 12 75 8 27 63 117 72 0 0 0 45 52 81 45 25 45 12 5 108 28 75 8 9 0 130 31 21 7 31 0 4 156 96 0 12 128 0 48 155 57 46 18 0 0 32 12 87 0 118 66 21 99 63 84 93 0 3 9 46 81 3 116 42 0 72 2 12 48 46 116 72 0 30 140 3 56 72 48 50 0 0 66 140 49 5 12 24 0 28 106 105 0 0 9 16 56 63 7 9 40 46 3 7 0 0 0 0 24 0 33 0 72 66 21 56 36 20 45 74 74 14 35 72 49 48 39 38 85 2 33 3 48 44 165 208 133 0 12 82 159 0 75 25 60 18 96 130 125 24 3 64 13 6 18 86 15 12 108 15 56 12 86 113 110 0 118 0 45 61 6 83 0 18 0 0 0 12 71 79 71 57 0 34 14 24 53 0 12 5 4
103 0 30 56 48 37 90 73 105 27 125 147 56 13 5 60 56 64 63 98 27 37 22 14 49 100 0 73 24 13 161 78 49 43 20 0 67 0 22 9 14 15 9 54 0 16 38 24 121 8 26 0 103 36 15 106 0 0 0 124 0 0 32 57 16 6 63 46 32 95 0 45 53 140 0 0 26 166 96 58 144 41 26 4 8 0 3 118 34 45 20 112 25 86 65 0 10 14 52 0 20 91 74 32 12 73 40 158 27 39 0 27 72 27 45 12 5 54 89 57 66 37 26 101 8 99 54 9 131 0 181 96 66 77 50 98 33 119 16 121 0 69 28 72 57 57 72 97 0 109 0 12 10 73 82 120 36 24 31 71 95 52 8 53 111 70 46 108 66 46 116 27 38 14 22 0 9 49 0 72 72 28 53 50 57 68 16 0 108 48 46 45 0 20 8 22 128 77 114 93 12 77 10 102 12 51 16 0 77 129 34 88 0 0 56 17 33 72 48 0 36 41 112 95 19 35 0 93 147 20 38 45 38 101 26 12 62 24 32 25 0 99 21 19 47 32 92 2 125 44 0 40 44 40 64 40
4 21 12 197 48 111 67 18 71 28 57 44 38 132 0 42 74 0 58 107 90 90 6 0 56 39 32 15 81 40 25 0 32 21 0 128 120 86 30 12 40 52 161 83 32 106 120 23 72 14 16 36 36 86 24 48 56 90 39 134 8 42 30 160 48 24 32 123 72 64 81 11 41 93 0 23 28 24 2 32 36 0 64 94 36 12 63 115 65 98 7 12 0 102 55 61 44 126 46 39 0 79 27 14 89 24 23 34 65 100 21 100 112 172 0 0 68 120 15 30 18 0 105 0 82 90 87 0 130 6 35 99 161 54 115 28 0 8 81 7 0 18 66 63 79 117 129 0 30 8 32 36 42 16 36 7 183 36 101 36 21 8 71 7 12 81 63 40 44 41 219 36 0 70 0 56 104 9 34 3 40 79 60 157 0 151 39 79 0 36 4 124 81 47 125 66 162 2 0 121 0 80 121 36 0 27 82 61 63 0 49 72 50 37 75 79 122 45 18 45 56 124 90 12 69 16 144 58 0 14 55 68 0 25 8 137 45 133 24 108 97 92 155 51 16 70 163 64 0 0 78 40 12 144 0 105
74 110 32 72 7 54 47 44 10 147 71 46 61 56 34 56 32 30 96 84 65 68 63 58 16 0 30 110 15 0 9 14 82 0 33 207 61 48 69 66 44 21 9 54 84 45 66 51 12 4 14 102 75 39 46 9 0 65 49 11 2 0 7 24 87 15 18 21 25 38 37 21 25 65 21 0 0 31 143 26 0 38 80 66 81 0 28 18 37 75 21 72 0 102 21 44 42 0 47 0 61 0 7 32 68 36 11 41 111 52 58 21 0 11 42 15 0 85 0 66 0 3 39 0 0 94 0 0 141 0 33 107 69 46 83 47 27 10 18 28 12 69 105 18 0 45 129 89 144 0 106 0 63 39 24 14 57 97 63 6 12 84 30 40 64 7 64 46 64 6 28 32 102 33 0 0 69 62 13 24 63 2 20 12 48 4 20 94 19 122 10 69 0 118 54 14 78 0 102 63 15 51 48 47 0 48 0 4 15 16 2 35 53 114 55 12 61 0 55 28 94 21 14 83 27 42 122 41 13 56 27 18 48 76 64 90 38 81 71 71 49 83 59 78 93 44 60 110 10 10 12 139 183 91 14 94
62 64 57 0 103 121 56 30 75 94 18 36 32 41 226 88 23 72 180 32 2 108 35 59 90 16 21 62 7 73 0 188 64 26 99 105 15 64 76 12 0 50 65 16 2 68 89 40 38 73 75 27 46 27 3 72 15 12 30 73 12 97 73 120 62 12 42 58 6 60 82 120 27 0 8 69 81 96 143 12 92 95 39 54 87 21 79 31 60 27 46 33 42 22 83 0 5 45 51 53 40 12 50 41 169 41 15 97 103 1 116 0 159 72 35 32 33 35 6 24 57 40 6 0 70 102 50 81 75 0 154 98 117 2 25 40 100 0 96 72 0 96 153 120 53 76 87 96 45 83 55 3 105 50 32 51 50 84 7 10 60 123 52 45 25 121 153 56 54 34 54 6 54 86 12 63 39 64 27 36 0 176 36 58 153 55 0 31 64 103 22 24 40 74 0 88 67 132 69 27 152 122 5 12 0 24 18 6 29 141 6 147 47 154 54 70 0 14 21 0 49 16 61 1 60 10 59 71 64 42 14 133 98 66 22 0 96 0 27 16 22 63 41 41 15 134 63 3 78 24 37 69 182 76 123 0
25 6 12 78 63 12 12 54 69 91 201 86 62 26 78 24 163 9 21 38 54 18 50 24 16 34 79 36 12 34 199 48 63 80 21 70 67 10 84 7 0 6 52 67 48 0 32 5 24 48 45 65 81 28 0 0 21 162 109 101 57 24 38 28 108 2 12 30 17 66 5 6 125 84 2 30 10 0 25 21 91 100 158 83 12 0 0 144 9 8 77 189 89 21 14 39 0 0 20 6 87 190 65 186 119 101 85 64 20 24 99 28 16 23 122 81 130 110 88 1 55 31 56 0 53 141 21 74 105 27 120 40 85 0 145 134 95 0 25 43 0 19 51 81 76 77 18 90 99 138 6 71 58 21 72 184 124 27 69 12 2 71 32 63 79 84 98 7 27 48 97 100 56 113 49 2 3 7 0 142 94 24 132 0 79 57 0 53 97 49 0 28 0 35 120 87 84 56 62 74 0 58 30 129 0 39 56 35 60 164 87 111 0 28 69 34 102 167 12 0 31 37 144 12 49 77 0 72 2 0 40 3 81 0 62 39 94 42 13 161 24 26 141 43 63 52 0 21 37 38 0 72 114 16 24 140
84 87 72 11 20 30 108 79 100 33 3 90 12 45 54 70 150 30 1 59 132 33 40 24 34 139 9 52 24 31 65 128 67 38 69 0 39 240 0 80 72 67 69 57 3 4 24 89 33 117 13 9 38 102 38 40 136 171 202 55 57 27 59 110 27 71 20 60 105 9 165 0 12 0 130 27 86 91 74 47 114 42 26 132 37 54 81 21 72 37 294 0 54 113 53 25 79 12 94 12 38 18 20 123 52 51 45 99 22 18 54 61 84 33 21 119 102 93 42 122 14 120 40 9 73 4 3 9 237 13 54 114 115 99 222 52 16 4 93 67 0 44 8 81 143 36 77 43 8 24 19 42 40 109 30 30 73 72 69 120 25 102 5 24 208 1 48 0 38 58 56 76 40 44 81 0 21 45 203 21 0 28 49 48 82 119 7 131 27 68 12 50 81 8 59 64 81 258 60 23 84 18 9 18 78 120 16 36 0 123 69 20 88 77 39 77 81 59 48 38 27 85 21 43 78 45 94 54 48 86 87 27 56 37 8 0 93 86 49 46 12 51 3 27 54 62 14 87 51 65 26 97 16 10 14 121
40 26 178 0 57 91 13 60 48 83 55 10 0 56 69 146 113 16 69 26 81 72 77 22 30 6 94 10 31 64 139 80 72 87 18 62 10 35 112 18 22 18 41 214 57 84 90 0 82 35 15 0 45 17 88 28 29 55 118 43 46 8 73 77 30 70 40 83 67 27 55 12 88 48 68 27 57 44 33 85 78 34 0 28 97 75 8 79 36 111 48 164 0 104 15 128 21 66 77 73 94 76 32 95 18 82 8 0 56 98 149 28 23 21 81 144 64 108 77 36 10 34 10 35 51 81 24 78 6 78 32 61 0 130 174 84 32 120 67 88 96 113 10 27 7 60 62 65 29 99 42 90 108 26 106 46 162 27 0 84 31 179 6 30 138 18 61 9 33 56 31 73 27 92 169 25 73 19 0 20 14 31 140 33 96 153 24 121 22 32 64 28 114 115 12 100 79 28 22 13 269 33 0 17 0 168 54 18 158 83 0 78 29 77 38 176 72 75 67 59 129 45 71 36 65 134 13 24 45 55 158 120 0 117 75 16 123 7 21 76 32 80 111 66 40 141 32 100 0 80 156 76 106 44 82 0
56 77 9 0 92 7 25 115 69 107 144 157 66 40 139 38 180 54 39 120 67 160 6 140 119 12 78 117 93 58 81 146 94 98 40 63 76 140 204 27 76 104 100 0 99 139 33 191 44 88 81 57 81 58 67 68 32 0 53 91 216 63 30 22 82 3 49 210 0 130 12 7 161 52 192 31 69 54 160 55 0 70 77 0 5 48 7 22 67 48 92 85 94 245 4 64 0 33 89 37 6 213 14 154 87 100 21 24 6 128 35 34 22 8 68 230 101 135 114 81 69 8 61 40 7 81 35 40 0 133 104 113 130 104 93 86 99 0 75 0 0 17 16 39 100 63 46 37 90 39 93 156 206 24 187 40 84 66 59 4 145 8 8 32 65 33 89 35 14 135 33 68 54 133 144 0 21 178 57 67 70 53 73 0 2 33 0 84 128 0 108 64 63 121 51 68 131 47 29 53 127 63 25 0 0 19 30 142 32 48 18 122 205 164 17 64 8 230 14 91 130 81 184 0 69 63 68 66 83 158 203 2 85 84 36 86 99 85 81 239 91 72 63 92 168 83 64 0 57 14 96 62 0 0 225 118
69 27 72 58 0 120 123 15 63 87 33 97 60 0 40 32 49 6 42 120 117 108 14 11 70 63 49 130 21 5 137 26 59 72 105 96 2 81 18 40 0 0 0 222 0 88 39 35 62 101 24 38 84 21 60 5 24 15 54 7 0 15 88 48 47 18 74 89 26 69 63 99 28 0 72 65 24 112 68 78 0 8 73 35 96 33 45 50 108 37 107 21 73 103 51 99 27 0 16 148 76 102 144 100 68 115 48 45 108 21 30 12 37 30 118 0 55 73 115 89 86 61 130 18 59 51 18 31 105 33 42 90 44 18 102 84 115 54 96 0 18 71 68 1 60 96 25 132 146 0 45 45 35 63 90 18 110 0 9 0 18 78 39 97 97 0 18 45 24 71 58 10 66 62 24 57 99 96 0 49 74 54 99 69 0 138 10 103 102 75 0 144 132 12 76 14 43 0 109 53 0 99 63 206 63 120 8 48 198 6 6 21 6 38 24 36 108 0 27 0 105 25 106 86 90 25 58 134 20 21 87 18 72 80 20 100 95 91 7 0 135 43 56 53 104 101 92 66 73 57 121 63 167 102 51 0
72 125 12 9 96 90 14 122 3 56 136 36 74 16 185 54 115 54 97 82 45 211 24 22 65 108 53 54 78 0 39 14 102 60 50 58 21 94 48 10 61 24 39 58 28 51 27 176 10 16 25 16 60 43 14 84 131 121 24 53 69 26 36 126 116 6 85 109 173 64 0 50 0 12 40 6 0 113 70 48 24 0 1 48 89 104 71 18 105 61 109 121 15 129 8 96 170 48 0 75 135 104 96 100 56 70 0 146 83 95 130 95 0 22 64 66 96 80 87 0 18 40 0 0 16 66 0 0 54 79 0 78 64 126 108 35 0 54 0 49 2 27 0 35 12 72 60 53 84 61 156 38 66 69 26 144 122 42 20 45 42 218 46 45 127 20 58 75 20 87 18 54 0 76 114 182 6 76 64 69 2 22 18 42 54 147 28 168 33 105 8 57 84 62 64 177 97 20 65 66 42 77 72 0 4 56 20 44 25 71 0 73 9 24 133 14 41 0 35 13 7 26 153 83 92 25 119 89 136 104 100 16 24 160 33 17 179 16 69 151 18 29 80 41 126 16 40 15 84 16 44 209 148 55 72 90
8 224 81 16 17 120 0 94 84 28 99 129 108 75 123 9 76 84 47 85 23 39 66 186 78 37 9 132 0 27 92 0 80 96 147 81 49 18 36 2 36 76 111 85 48 119 14 47 92 76 103 17 69 34 21 11 24 65 299 145 37 88 80 115 26 8 49 33 24 205 46 45 186 4 111 16 135 95 170 60 54 24 208 0 121 108 94 98 263 95 111 27 160 47 13 49 62 52 117 35 45 45 89 64 23 0 88 116 70 62 128 144 88 207 12 31 135 246 72 64 90 7 51 66 78 57 82 7 96 24 25 86 17 99 0 128 0 0 153 106 69 0 131 3 0 31 12 10 61 74 57 47 27 100 78 160 115 31 2 110 106 66 111 27 210 6 62 70 84 69 110 135 54 98 201 53 80 113 166 60 16 46 37 57 0 61 79 36 37 21 27 104 55 81 86 89 23 82 99 126 48 134 33 172 0 136 22 109 0 69 63 77 49 18 29 20 30 82 108 151 116 34 107 114 72 0 18 168 55 174 34 48 0 82 64 96 54 84 128 111 143 63 125 0 30 90 74 31 182 29 213 101 75 52 13 175
44 102 135 15 81 72 119 40 11 32 45 97 0 15 95 41 9 16 10 40 27 153 99 122 100 130 46 8 137 12 160 18 82 78 5 66 18 45 16 0 101 52 17 88 6 56 60 74 182 15 106 17 54 114 63 84 79 121 121 60 93 47 135 106 77 90 87 55 8 118 141 130 40 8 44 27 42 190 180 6 24 29 14 93 5 158 99 42 110 164 132 206 78 125 179 78 15 17 35 12 60 172 19 141 107 54 32 56 17 0 116 79 29 0 83 119 42 136 122 63 142 3 36 141 27 64 54 133 27 54 137 125 9 0 16 33 72 0 90 0 105 107 77 19 117 18 32 24 57 6 70 94 182 82 117 41 192 143 3 38 64 23 177 81 140 35 11 116 103 66 15 57 0 69 153 82 84 75 124 80 45 88 72 0 21 157 49 88 160 46 55 141 50 35 0 221 115 24 26 101 157 7 33 80 9 16 81 164 206 0 24 149 70 0 0 21 72 25 96 117 54 3 72 0 51 93 97 96 149 72 0 2 9 101 53 62 141 108 8 35 36 49 120 203 40 9 40 0 157 166 217 73 12 144 110 33
20 68 63 7 93 95 8 117 83 2 94 54 27 24 199 30 60 28 74 89 84 67 91 157 31 154 34 34 45 21 97 163 70 86 4 69 48 38 68 78 44 134 109 78 24 47 48 72 124 27 97 22 126 189 12 181 8 183 265 172 80 2 119 134 24 0 81 23 63 205 102 63 0 34 88 18 100 50 219 13 134 38 122 37 66 18 56 24 110 136 60 53 54 22 12 12 70 38 184 108 59 68 6 76 98 0 113 57 32 66 154 18 175 13 72 97 63 234 44 76 174 20 9 14 10 34 12 64 90 12 123 129 54 31 87 88 75 10 45 94 0 60 81 237 27 85 94 104 104 27 183 64 160 1 74 41 152 64 0 56 210 82 6 4 93 42 97 29 142 16 129 28 33 54 50 133 42 107 109 54 28 92 42 0 127 154 109 71 48 20 103 21 18 66 156 249 104 163 67 124 136 150 30 50 64 77 42 106 55 124 67 76 234 97 114 20 127 17 103 0 18 18 177 58 170 32 38 90 94 66 31 131 27 119 45 55 6 186 26 6 63 108 121 114 21 45 80 76 175 97 0 18 178 16 52 95
32 63 7 40 81 94 180 88 12 19 59 9 234 0 147 0 74 5 33 24 18 38 108 19 30 44 42 4 4 0 103 82 12 19 23 36 49 47 63 30 18 4 81 103 2 86 5 74 98 0 76 20 57 62 0 0 0 63 93 54 51 0 105 24 56 0 21 44 18 32 0 8 63 0 3 81 27 87 111 85 36 36 85 75 1 2 29 0 63 0 0 16 0 0 148 33 43 0 29 20 67 46 141 98 0 0 54 0 18 0 74 42 57 11 0 0 111 15 159 54 0 12 85 0 19 36 15 59 63 5 58 12 7 0 27 61 57 0 126 52 79 31 44 42 76 12 153 63 0 37 110 48 48 4 98 142 112 0 76 67 112 24 14 14 42 0 60 8 0 0 53 54 35 34 7 105 27 135 3 96 18 3 14 0 118 88 6 41 2 0 123 64 45 0 86 96 113 42 40 8 0 92 8 42 16 59 40 61 36 18 40 0 94 12 50 32 172 0 77 0 0 40 56 64 33 5 37 147 48 0 12 76 33 8 24 18 0 3 0 18 27 0 52 0 85 47 68 21 51 70 17 72 92 12 101 122
56 8 40 44 10 0 0 17 0 72 58 84 32 5 143 84 0 24 56 0 40 157 111 56 123 14 18 98 0 6 57 36 77 75 4 18 10 84 109 52 97 82 86 42 48 60 12 123 94 60 54 18 99 48 0 12 27 6 63 14 74 127 35 38 96 49 56 28 38 7 148 77 16 53 77 75 0 0 165 0 9 0 94 0 5 18 42 54 72 42 163 74 0 172 72 0 0 98 112 22 49 40 43 93 32 32 9 88 141 0 29 10 0 89 73 48 72 76 63 10 0 24 67 76 9 72 40 43 32 35 124 83 83 72 15 8 91 9 45 32 127 56 151 35 40 84 29 69 54 59 57 159 72 0 42 52 45 18 38 25 27 0 107 2 55 80 127 18 72 79 64 18 48 116 150 18 7 88 168 0 0 122 17 9 27 74 21 75 110 12 36 100 25 103 20 133 134 40 64 40 71 111 71 0 10 71 20 20 40 42 16 176 46 89 24 26 30 79 53 125 73 37 18 32 104 101 81 64 53 72 43 59 112 37 5 44 144 35 28 41 1 9 58 14 2 6 28 4 21 12 9 126 164 56 41 25
3 0 7 0 10 0 2 18 48 30 121 42 16 19 30 0 30 0 116 12 0 75 12 60 27 4 88 56 50 143 149 0 48 0 72 168 0 15 120 56 0 16 53 14 48 0 2 86 0 0 62 0 73 35 10 54 28 45 40 22 0 16 4 4 7 27 14 32 36 0 155 0 27 104 0 79 0 17 133 0 45 22 143 30 6 0 0 3 24 56 81 21 0 24 65 45 114 0 91 36 0 38 58 4 9 56 0 78 20 43 0 50 81 41 77 131 72 63 56 32 25 27 10 0 22 30 48 0 45 24 56 0 56 39 69 8 0 10 30 15 0 8 121 25 76 137 15 78 16 0 32 68 0 66 44 0 24 45 4 18 0 16 7 20 45 146 64 0 0 54 10 0 0 142 95 35 72 77 27 50 8 4 11 63 14 53 18 26 136 1 6 45 77 104 19 21 206 94 27 0 87 72 72 87 0 14 0 78 28 14 42 84 22 37 33 61 4 149 46 108 103 0 21 42 83 61 24 0 9 0 83 61 95 36 10 84 61 0 0 0 9 98 23 48 16 42 49 0 0 0 5 89 75 59 91 34
108 21 51 35 32 79 44 42 42 63 74 119 9 54 78 0 2 104 122 81 35 49 124 62 24 78 27 150 73 93 21 4 78 0 36 153 83 164 0 13 2 0 24 20 8 0 9 110 65 14 42 8 27 0 20 10 7 48 56 80 78 95 7 56 82 16 45 14 48 27 78 24 31 62 0 133 25 21 37 64 94 49 0 51 26 74 18 15 39 30 9 35 0 56 80 1 49 0 33 52 41 53 122 81 50 79 21 99 18 12 84 54 36 43 84 85 52 94 0 116 30 77 0 0 15 118 105 46 10 55 137 38 106 10 140 0 51 0 0 41 58 62 0 39 10 27 68 111 154 36 19 28 30 97 6 74 88 54 48 81 9 44 24 87 54 6 111 111 66 30 29 32 32 0 68 63 46 26 21 30 0 27 0 0 123 21 127 84 21 18 24 39 163 9 10 58 74 8 15 77 36 5 0 187 0 52 9 66 12 70 18 0 3 77 0 8 90 7 42 56 43 11 24 99 59 0 47 22 82 0 0 21 2 0 67 153 93 82 92 74 8 26 95 87 81 21 20 0 0 28 48 0 105 27 34 24
48 18 12 56 26 119 72 99 85 43 18 84 100 0 89 0 74 51 61 34 41 12 33 60 40 0 48 100 45 76 0 60 0 21 72 21 16 73 71 46 0 27 108 40 51 27 38 40 0 37 28 120 0 24 0 36 124 55 40 73 63 16 32 136 16 32 3 100 52 81 204 0 81 64 26 34 75 38 36 51 42 8 80 50 3 0 24 59 7 68 78 0 27 58 84 100 27 40 33 21 24 21 22 86 29 58 0 63 112 4 109 49 28 50 89 174 81 56 51 21 99 48 97 0 167 106 40 40 64 0 30 9 117 30 127 74 3 0 108 18 24 57 8 52 64 92 141 61 91 123 40 121 0 59 52 83 302 63 8 50 46 64 81 0 101 42 114 63 0 40 52 36 72 107 98 61 0 60 0 10 81 67 26 46 34 142 38 55 102 36 0 8 149 203 147 0 218 106 28 36 34 128 15 145 24 28 117 42 51 143 42 24 112 32 48 44 107 117 30 65 181 100 39 92 103 124 6 66 66 28 25 14 56 68 63 92 57 63 69 0 0 125 21 24 103 64 48 56 72 8 48 25 164 136 34 102
92 16 135 78 129 68 54 0 6 136 16 12 18 54 30 53 56 0 73 40 40 19 30 48 132 9 143 107 43 97 2 0 27 51 55 11 10 80 41 20 30 0 64 46 35 33 30 45 16 69 35 20 0 70 4 83 0 72 75 91 108 64 5 93 29 14 25 46 2 12 140 20 20 52 44 26 114 18 45 64 12 1 33 81 1 0 129 76 50 184 61 0 0 91 209 53 0 16 58 0 69 81 26 181 30 0 0 14 0 7 1 100 63 61 8 141 120 81 123 96 83 44 91 40 84 0 129 44 43 0 63 56 46 0 46 96 15 25 48 0 32 81 25 93 102 40 8 78 0 55 59 53 10 160 6 51 63 42 0 145 87 25 54 0 91 12 48 137 31 0 66 74 0 43 105 40 91 62 44 90 81 11 59 49 12 33 0 4 28 12 21 155 108 67 22 38 155 42 0 41 36 144 23 54 45 54 27 84 58 51 28 30 8 16 18 90 0 125 56 30 14 48 0 100 169 28 29 43 0 114 26 17 28 2 54 115 139 4 14 18 0 16 119 154 93 102 2 0 0 5 24 87 98 45 123 54
4 96 28 117 74 175 120 18 25 0 44 67 0 72 72 83 105 49 46 57 138 72 38 45 46 40 40 48 110 39 105 55 53 40 58 80 53 139 24 8 108 84 152 144 64 34 48 77 90 121 43 64 54 127 70 105 48 55 201 54 0 78 0 36 21 14 9 89 15 129 116 0 139 13 110 96 28 60 75 63 38 24 12 122 6 34 20 23 95 35 133 2 141 77 36 25 32 76 58 141 22 20 15 123 24 198 0 163 16 54 26 183 62 0 0 106 82 85 5 119 7 20 22 41 144 0 67 63 61 34 133 109 180 114 116 35 114 36 72 77 19 0 31 45 175 46 174 56 69 0 44 107 73 26 68 65 198 65 136 35 75 151 8 8 52 0 122 7 32 92 27 24 32 61 42 20 70 78 139 24 16 95 88 30 23 160 29 82 9 61 46 50 36 21 63 0 25 55 89 20 108 127 80 106 20 50 4 156 24 8 85 4 68 133 16 40 116 28 56 56 25 29 24 78 57 81 224 63 6 104 62 60 4 114 24 32 71 51 100 58 16 187 172 27 19 69 32 115 0 37 63 0 37 0 84 91
162 6 66 148 54 130 52 172 33 99 31 98 18 89 52 30 27 73 31 273 38 158 129 91 71 83 77 66 81 121 78 149 219 53 62 145 111 63 12 85 72 88 57 0 151 133 93 30 68 76 24 135 83 57 36 8 0 14 66 93 74 21 30 32 90 48 9 26 39 66 136 38 46 20 161 0 24 150 148 39 12 86 24 96 60 30 40 10 67 161 34 27 27 126 111 220 28 28 38 92 40 34 62 43 16 74 5 32 44 59 160 125 4 63 69 28 41 120 40 213 10 110 36 23 70 99 70 56 151 42 43 68 96 52 132 128 22 12 0 82 0 107 114 78 25 43 155 17 114 35 79 60 105 24 18 49 105 84 82 147 133 73 1 26 193 10 26 15 59 69 45 78 90 179 92 26 76 87 126 60 32 33 71 27 76 25 58 172 87 16 39 73 55 186 73 56 30 30 46 77 28 82 54 101 45 76 100 52 0 24 0 39 84 171 91 64 88 159 0 3 28 134 130 132 174 35 238 46 106 128 184 39 22 115 126 106 175 133 64 59 37 94 82 85 120 56 175 156 72 8 10 72 39 15 84 105
34 25 153 255 27 88 196 16 84 91 184 28 68 24 127 66 12 188 28 65 86 164 106 64 130 105 114 78 91 74 137 135 157 66 0 72 73 70 72 71 66 16 114 123 99 34 135 18 50 78 0 60 72 110 0 42 18 165 58 102 16 106 42 154 0 18 36 24 64 27 121 40 176 30 68 31 62 30 90 16 81 27 128 0 32 0 98 324 225 85 20 66 75 117 60 80 17 80 18 0 199 88 56 163 80 0 24 126 2 72 159 51 28 75 79 0 24 92 82 68 22 0 150 38 52 24 145 133 71 0 75 93 189 4 56 4 12 42 99 11 6 0 130 163 21 24 0 99 48 81 130 36 185 71 0 52 144 86 137 111 48 112 46 19 158 104 16 0 94 12 79 109 32 30 32 53 174 12 196 0 0 29 53 70 113 162 56 12 72 121 42 100 22 0 102 123 198 16 81 80 44 80 87 208 0 49 81 155 76 51 98 81 57 20 40 115 169 160 130 0 78 0 12 104 108 61 205 56 42 35 124 68 0 4 0 8 61 55 38 51 30 32 63 63 70 52 128 0 16 56 28 72 64 16 0 30
4 3 42 4 63 151 58 105 54 74 76 28 146 0 82 58 44 4 81 76 119 96 124 156 92 129 65 68 47 115 79 126 23 40 25 81 70 7 34 0 16 0 167 155 57 37 16 45 34 199 0 0 61 24 58 0 0 5 167 89 70 126 56 19 32 0 28 0 128 137 137 81 176 0 114 18 57 44 50 90 45 81 113 35 38 92 3 118 77 137 3 80 195 93 102 12 12 45 0 128 141 18 143 126 57 59 47 189 21 0 16 84 70 151 54 92 0 169 82 48 131 56 48 54 60 110 86 0 4 12 87 58 101 57 119 35 36 154 59 108 2 93 19 0 48 102 0 65 54 221 78 45 10 11 8 151 0 54 16 7 133 62 9 5 0 28 7 14 0 153 44 18 93 115 118 90 13 156 80 108 18 12 96 0 77 116 34 36 36 135 27 60 40 104 68 27 134 20 52 4 72 4 111 28 0 35 65 63 0 64 49 148 0 0 36 1 95 0 69 68 51 8 95 48 0 0 32 106 110 86 92 81 10 72 12 0 98 73 56 12 15 111 65 25 12 131 77 16 85 92 0 90 91 20 115 109
38 77 7 0 16 40 78 48 123 36 9 62 0 57 67 102 61 3 36 0 21 38 133 85 14 92 49 54 0 64 87 82 0 9 69 45 32 0 54 8 2 20 0 65 0 0 30 16 103 42 38 12 60 56 0 68 57 54 74 9 0 16 81 76 0 45 94 0 24 56 87 18 17 0 21 0 30 19 48 7 98 32 68 40 51 2 37 8 78 36 24 72 12 0 51 7 0 2 90 43 31 146 55 0 24 18 106 13 70 36 0 24 93 34 0 48 28 91 141 0 171 48 0 0 54 70 0 24 81 84 42 48 63 0 41 31 45 12 108 21 0 28 48 53 75 30 0 22 36 0 0 69 56 88 42 24 72 0 0 76 14 0 168 5 81 0 35 125 51 14 14 0 78 18 49 61 83 0 21 49 16 8 0 32 78 0 26 177 40 80 12 0 0 0 40 139 0 28 42 8 48 0 72 69 0 56 17 60 80 0 3 38 121 42 67 18 49 0 84 105 36 28 74 6 6 81 54 152 0 42 0 0 0 24 20 114 0 73 0 0 72 45 70 28 0 0 103 0 18 56 70 8 48 99 0 107
